condition,model,threshold_rule,attribute,f1,ap,positive_count
clean_s0,r18_seed0,frozen_thresholds,Smiling,0.9306303133960461,0.9848057354439131,9987
clean_s0,r18_seed0,frozen_thresholds,Mouth_Slightly_Open,0.9396232163712994,0.9869903792107131,9883
clean_s0,r18_seed0,frozen_thresholds,Eyeglasses,0.9758942457231726,0.9916004768658867,1289
clean_s0,r18_seed0,frozen_thresholds,Bangs,0.8766603415559773,0.9512746818932486,3109
clean_s0,r18_seed0,frozen_thresholds,Wearing_Hat,0.8962703962703963,0.9580031510774374,839
clean_s0,r18_seed0,frozen_thresholds,Mustache,0.6288308740068105,0.6781627593582469,772
clean_s0,r18_seed0,frozen_thresholds,No_Beard,0.978536016331292,0.9979965893137264,17041
clean_s0,r18_seed0,frozen_thresholds,Black_Hair,0.8197235023041475,0.9017952185407601,5422
clean_s0,r18_seed0,frozen_thresholds,Bushy_Eyebrows,0.7071887784921099,0.789319027379765,2586
clean_s0,r18_seed0,frozen_thresholds,Arched_Eyebrows,0.737265195636125,0.8058799291603123,5678
clean_s0,r18_seed0,frozen_thresholds,High_Cheekbones,0.8728127448419953,0.9554188757810099,9618
clean_s0,r18_seed0,frozen_thresholds,Bags_Under_Eyes,0.657406425617644,0.6861192709831806,4045
clean_s0,r18_seed0,frozen_thresholds,Big_Lips,0.5354570871812251,0.6197009846222961,6528
clean_s0,r18_seed0,frozen_thresholds,Big_Nose,0.6190342240975152,0.7019012370909299,4232
clean_s0,r18_seed0,frozen_thresholds,Double_Chin,0.5892323030907278,0.616218990366249,913
clean_s0,r18_seed0,frozen_thresholds,Oval_Face,0.5880747126436782,0.6318637789682464,5901
clean_s0,r18_seed0,frozen_thresholds,Receding_Hairline,0.6029814420444174,0.6449483653872128,1694
clean_s0,r18_seed0,frozen_thresholds,Blond_Hair,0.8474828162734535,0.9183153376362536,2660
clean_s0,r18_seed0,frozen_thresholds,Brown_Hair,0.6838879159369528,0.7672315136087453,3587
clean_s0,r18_seed0,frozen_thresholds,Gray_Hair,0.7330798479087453,0.8016789452050003,636
clean_s0,r18_seed0,frozen_thresholds,Bald,0.775377969762419,0.8442016507184581,423
clean_s0,r18_seed0,frozen_thresholds,Straight_Hair,0.6447577652920597,0.6816496851462587,4190
clean_s0,r18_seed0,frozen_thresholds,Wavy_Hair,0.7686843730697962,0.8941900939147356,7267
clean_s0,r18_seed0,frozen_thresholds,Sideburns,0.7759336099585062,0.86082298396298,926
clean_s0,r18_seed0,fixed_0_5,Smiling,0.9273682659725974,0.9848057354439131,9987
clean_s0,r18_seed0,fixed_0_5,Mouth_Slightly_Open,0.9388985388781036,0.9869903792107131,9883
clean_s0,r18_seed0,fixed_0_5,Eyeglasses,0.9733333333333334,0.9916004768658867,1289
clean_s0,r18_seed0,fixed_0_5,Bangs,0.8628717077315208,0.9512746818932486,3109
clean_s0,r18_seed0,fixed_0_5,Wearing_Hat,0.8973891924711597,0.9580031510774374,839
clean_s0,r18_seed0,fixed_0_5,Mustache,0.4232602478551001,0.6781627593582469,772
clean_s0,r18_seed0,fixed_0_5,No_Beard,0.9776026424825428,0.9979965893137264,17041
clean_s0,r18_seed0,fixed_0_5,Black_Hair,0.8081648447325143,0.9017952185407601,5422
clean_s0,r18_seed0,fixed_0_5,Bushy_Eyebrows,0.6571092831962397,0.789319027379765,2586
clean_s0,r18_seed0,fixed_0_5,Arched_Eyebrows,0.7085564008640932,0.8058799291603123,5678
clean_s0,r18_seed0,fixed_0_5,High_Cheekbones,0.8715226379459956,0.9554188757810099,9618
clean_s0,r18_seed0,fixed_0_5,Bags_Under_Eyes,0.5733647613435474,0.6861192709831806,4045
clean_s0,r18_seed0,fixed_0_5,Big_Lips,0.3430579964850615,0.6197009846222961,6528
clean_s0,r18_seed0,fixed_0_5,Big_Nose,0.5620588235294117,0.7019012370909299,4232
clean_s0,r18_seed0,fixed_0_5,Double_Chin,0.4923747276688453,0.616218990366249,913
clean_s0,r18_seed0,fixed_0_5,Oval_Face,0.5740584360749873,0.6318637789682464,5901
clean_s0,r18_seed0,fixed_0_5,Receding_Hairline,0.540500736377025,0.6449483653872128,1694
clean_s0,r18_seed0,fixed_0_5,Blond_Hair,0.8474825431826535,0.9183153376362536,2660
clean_s0,r18_seed0,fixed_0_5,Brown_Hair,0.7080928734398068,0.7672315136087453,3587
clean_s0,r18_seed0,fixed_0_5,Gray_Hair,0.730566037735849,0.8016789452050003,636
clean_s0,r18_seed0,fixed_0_5,Bald,0.7720588235294118,0.8442016507184581,423
clean_s0,r18_seed0,fixed_0_5,Straight_Hair,0.6268151016456922,0.6816496851462587,4190
clean_s0,r18_seed0,fixed_0_5,Wavy_Hair,0.7770710283204604,0.8941900939147356,7267
clean_s0,r18_seed0,fixed_0_5,Sideburns,0.7739504843918191,0.86082298396298,926
clean_s0,r50_seed0,frozen_thresholds,Smiling,0.9290380491697003,0.9850268524904471,9987
clean_s0,r50_seed0,frozen_thresholds,Mouth_Slightly_Open,0.9401570813275906,0.9875599564470414,9883
clean_s0,r50_seed0,frozen_thresholds,Eyeglasses,0.9762553522771507,0.9910250070805489,1289
clean_s0,r50_seed0,frozen_thresholds,Bangs,0.869320843091335,0.9467358114812853,3109
clean_s0,r50_seed0,frozen_thresholds,Wearing_Hat,0.8945147679324894,0.9518933725564709,839
clean_s0,r50_seed0,frozen_thresholds,Mustache,0.6260162601626016,0.6888526200135199,772
clean_s0,r50_seed0,frozen_thresholds,No_Beard,0.9784445091756481,0.9977416140196063,17041
clean_s0,r50_seed0,frozen_thresholds,Black_Hair,0.8165922619047619,0.902232198047731,5422
clean_s0,r50_seed0,frozen_thresholds,Bushy_Eyebrows,0.7074303405572755,0.7943029118334173,2586
clean_s0,r50_seed0,frozen_thresholds,Arched_Eyebrows,0.7392203922866838,0.80862622821849,5678
clean_s0,r50_seed0,frozen_thresholds,High_Cheekbones,0.8700600695542207,0.9550129695662132,9618
clean_s0,r50_seed0,frozen_thresholds,Bags_Under_Eyes,0.6554371002132197,0.6793917121327543,4045
clean_s0,r50_seed0,frozen_thresholds,Big_Lips,0.5440613026819924,0.619535952535828,6528
clean_s0,r50_seed0,frozen_thresholds,Big_Nose,0.6265251463148497,0.7042949270876089,4232
clean_s0,r50_seed0,frozen_thresholds,Double_Chin,0.5645491803278688,0.6095083079333373,913
clean_s0,r50_seed0,frozen_thresholds,Oval_Face,0.5911467410247473,0.6316044607140466,5901
clean_s0,r50_seed0,frozen_thresholds,Receding_Hairline,0.6181398035817447,0.639130171430504,1694
clean_s0,r50_seed0,frozen_thresholds,Blond_Hair,0.8463832960477256,0.9206667689640338,2660
clean_s0,r50_seed0,frozen_thresholds,Brown_Hair,0.6854103343465046,0.76773049102006,3587
clean_s0,r50_seed0,frozen_thresholds,Gray_Hair,0.7242857142857143,0.806655114139041,636
clean_s0,r50_seed0,frozen_thresholds,Bald,0.7780172413793104,0.8456778991870318,423
clean_s0,r50_seed0,frozen_thresholds,Straight_Hair,0.6427933736732467,0.6777903797318476,4190
clean_s0,r50_seed0,frozen_thresholds,Wavy_Hair,0.7465615700152819,0.8937415644901565,7267
clean_s0,r50_seed0,frozen_thresholds,Sideburns,0.7739969527679025,0.8570637866910187,926
clean_s0,r50_seed0,fixed_0_5,Smiling,0.9278512762504303,0.9850268524904471,9987
clean_s0,r50_seed0,fixed_0_5,Mouth_Slightly_Open,0.9378670788253478,0.9875599564470414,9883
clean_s0,r50_seed0,fixed_0_5,Eyeglasses,0.9770517308440295,0.9910250070805489,1289
clean_s0,r50_seed0,fixed_0_5,Bangs,0.8647223595320481,0.9467358114812853,3109
clean_s0,r50_seed0,fixed_0_5,Wearing_Hat,0.8905109489051095,0.9518933725564709,839
clean_s0,r50_seed0,fixed_0_5,Mustache,0.5152542372881356,0.6888526200135199,772
clean_s0,r50_seed0,fixed_0_5,No_Beard,0.9769489169466002,0.9977416140196063,17041
clean_s0,r50_seed0,fixed_0_5,Black_Hair,0.8063701689648476,0.902232198047731,5422
clean_s0,r50_seed0,fixed_0_5,Bushy_Eyebrows,0.6615384615384615,0.7943029118334173,2586
clean_s0,r50_seed0,fixed_0_5,Arched_Eyebrows,0.7316604004546647,0.80862622821849,5678
clean_s0,r50_seed0,fixed_0_5,High_Cheekbones,0.87081589958159,0.9550129695662132,9618
clean_s0,r50_seed0,fixed_0_5,Bags_Under_Eyes,0.5728098447113976,0.6793917121327543,4045
clean_s0,r50_seed0,fixed_0_5,Big_Lips,0.34202490016443504,0.619535952535828,6528
clean_s0,r50_seed0,fixed_0_5,Big_Nose,0.540040117265854,0.7042949270876089,4232
clean_s0,r50_seed0,fixed_0_5,Double_Chin,0.47854545454545455,0.6095083079333373,913
clean_s0,r50_seed0,fixed_0_5,Oval_Face,0.5463572997230974,0.6316044607140466,5901
clean_s0,r50_seed0,fixed_0_5,Receding_Hairline,0.5156191193074896,0.639130171430504,1694
clean_s0,r50_seed0,fixed_0_5,Blond_Hair,0.8476894639556377,0.9206667689640338,2660
clean_s0,r50_seed0,fixed_0_5,Brown_Hair,0.7035043969024807,0.76773049102006,3587
clean_s0,r50_seed0,fixed_0_5,Gray_Hair,0.7174076865109269,0.806655114139041,636
clean_s0,r50_seed0,fixed_0_5,Bald,0.7775061124694377,0.8456778991870318,423
clean_s0,r50_seed0,fixed_0_5,Straight_Hair,0.6246239017932362,0.6777903797318476,4190
clean_s0,r50_seed0,fixed_0_5,Wavy_Hair,0.7727622862424895,0.8937415644901565,7267
clean_s0,r50_seed0,fixed_0_5,Sideburns,0.775796866558617,0.8570637866910187,926
clean_s0,m3_seed0,frozen_thresholds,Smiling,0.9305958938407611,0.9848141958106851,9987
clean_s0,m3_seed0,frozen_thresholds,Mouth_Slightly_Open,0.941672594248552,0.9876101410886927,9883
clean_s0,m3_seed0,frozen_thresholds,Eyeglasses,0.9722980881779165,0.9916391843228505,1289
clean_s0,m3_seed0,frozen_thresholds,Bangs,0.8787927957163719,0.9521070592677278,3109
clean_s0,m3_seed0,frozen_thresholds,Wearing_Hat,0.898533724340176,0.9618328204190212,839
clean_s0,m3_seed0,frozen_thresholds,Mustache,0.6113931190073322,0.6573655892937984,772
clean_s0,m3_seed0,frozen_thresholds,No_Beard,0.9777713121908641,0.9979224320953359,17041
clean_s0,m3_seed0,frozen_thresholds,Black_Hair,0.8189373424222617,0.9008427197617024,5422
clean_s0,m3_seed0,frozen_thresholds,Bushy_Eyebrows,0.7076034648700674,0.7892460400269941,2586
clean_s0,m3_seed0,frozen_thresholds,Arched_Eyebrows,0.7369448511469009,0.8098943909591353,5678
clean_s0,m3_seed0,frozen_thresholds,High_Cheekbones,0.8701570680628272,0.9548562407844324,9618
clean_s0,m3_seed0,frozen_thresholds,Bags_Under_Eyes,0.6648730090400344,0.6890416453235237,4045
clean_s0,m3_seed0,frozen_thresholds,Big_Lips,0.5194071983062809,0.6183801364260402,6528
clean_s0,m3_seed0,frozen_thresholds,Big_Nose,0.6285084202085004,0.7018348253259817,4232
clean_s0,m3_seed0,frozen_thresholds,Double_Chin,0.5873731679819617,0.6244845144847324,913
clean_s0,m3_seed0,frozen_thresholds,Oval_Face,0.5847913862718708,0.6344663510230947,5901
clean_s0,m3_seed0,frozen_thresholds,Receding_Hairline,0.6307863915225879,0.6651260525231494,1694
clean_s0,m3_seed0,frozen_thresholds,Blond_Hair,0.8492092681132769,0.9210237220259093,2660
clean_s0,m3_seed0,frozen_thresholds,Brown_Hair,0.6828028293545535,0.7644494937704388,3587
clean_s0,m3_seed0,frozen_thresholds,Gray_Hair,0.7382039573820396,0.794099033575497,636
clean_s0,m3_seed0,frozen_thresholds,Bald,0.7769477054429029,0.8383054162120533,423
clean_s0,m3_seed0,frozen_thresholds,Straight_Hair,0.6317037037037037,0.6733364562827601,4190
clean_s0,m3_seed0,frozen_thresholds,Wavy_Hair,0.7665041405463974,0.8940512332088759,7267
clean_s0,m3_seed0,frozen_thresholds,Sideburns,0.7822132390096008,0.8646422870965274,926
clean_s0,m3_seed0,fixed_0_5,Smiling,0.930610606592745,0.9848141958106851,9987
clean_s0,m3_seed0,fixed_0_5,Mouth_Slightly_Open,0.9415316493911643,0.9876101410886927,9883
clean_s0,m3_seed0,fixed_0_5,Eyeglasses,0.972276454509957,0.9916391843228505,1289
clean_s0,m3_seed0,fixed_0_5,Bangs,0.8762784559551303,0.9521070592677278,3109
clean_s0,m3_seed0,fixed_0_5,Wearing_Hat,0.8975552968568102,0.9618328204190212,839
clean_s0,m3_seed0,fixed_0_5,Mustache,0.5362776025236593,0.6573655892937984,772
clean_s0,m3_seed0,fixed_0_5,No_Beard,0.9781056082425945,0.9979224320953359,17041
clean_s0,m3_seed0,fixed_0_5,Black_Hair,0.8144251004400229,0.9008427197617024,5422
clean_s0,m3_seed0,fixed_0_5,Bushy_Eyebrows,0.6756574511126096,0.7892460400269941,2586
clean_s0,m3_seed0,fixed_0_5,Arched_Eyebrows,0.7170661380428907,0.8098943909591353,5678
clean_s0,m3_seed0,fixed_0_5,High_Cheekbones,0.8683699870633894,0.9548562407844324,9618
clean_s0,m3_seed0,fixed_0_5,Bags_Under_Eyes,0.6244827125884395,0.6890416453235237,4045
clean_s0,m3_seed0,fixed_0_5,Big_Lips,0.3848364279398762,0.6183801364260402,6528
clean_s0,m3_seed0,fixed_0_5,Big_Nose,0.6198887007016695,0.7018348253259817,4232
clean_s0,m3_seed0,fixed_0_5,Double_Chin,0.5086455331412104,0.6244845144847324,913
clean_s0,m3_seed0,fixed_0_5,Oval_Face,0.5590463869894658,0.6344663510230947,5901
clean_s0,m3_seed0,fixed_0_5,Receding_Hairline,0.6179361179361179,0.6651260525231494,1694
clean_s0,m3_seed0,fixed_0_5,Blond_Hair,0.848314606741573,0.9210237220259093,2660
clean_s0,m3_seed0,fixed_0_5,Brown_Hair,0.6856803327391563,0.7644494937704388,3587
clean_s0,m3_seed0,fixed_0_5,Gray_Hair,0.7322325915290739,0.794099033575497,636
clean_s0,m3_seed0,fixed_0_5,Bald,0.7794432548179872,0.8383054162120533,423
clean_s0,m3_seed0,fixed_0_5,Straight_Hair,0.5953584856735382,0.6733364562827601,4190
clean_s0,m3_seed0,fixed_0_5,Wavy_Hair,0.7550697084917617,0.8940512332088759,7267
clean_s0,m3_seed0,fixed_0_5,Sideburns,0.7795148247978436,0.8646422870965274,926
clean_s0,oracle_seed0,frozen_thresholds,Smiling,0.9278475881637617,0.9843302585376343,9987
clean_s0,oracle_seed0,frozen_thresholds,Mouth_Slightly_Open,0.9366017735195189,0.9861543981256862,9883
clean_s0,oracle_seed0,frozen_thresholds,Eyeglasses,0.9746786131671211,0.9913351938737818,1289
clean_s0,oracle_seed0,frozen_thresholds,Bangs,0.8788467768059605,0.9500675402523914,3109
clean_s0,oracle_seed0,frozen_thresholds,Wearing_Hat,0.8945538818076477,0.9619308290663284,839
clean_s0,oracle_seed0,frozen_thresholds,Mustache,0.6051660516605166,0.6566149704881719,772
clean_s0,oracle_seed0,frozen_thresholds,No_Beard,0.9773726666472524,0.9980207384242985,17041
clean_s0,oracle_seed0,frozen_thresholds,Black_Hair,0.8218121729551088,0.9027813912992472,5422
clean_s0,oracle_seed0,frozen_thresholds,Bushy_Eyebrows,0.7083015993907082,0.7935822856142609,2586
clean_s0,oracle_seed0,frozen_thresholds,Arched_Eyebrows,0.733520224269123,0.8050475033406396,5678
clean_s0,oracle_seed0,frozen_thresholds,High_Cheekbones,0.8703500808681588,0.9535055179330967,9618
clean_s0,oracle_seed0,frozen_thresholds,Bags_Under_Eyes,0.6680575839766326,0.6879216565356987,4045
clean_s0,oracle_seed0,frozen_thresholds,Big_Lips,0.5155636695572798,0.6267070654913216,6528
clean_s0,oracle_seed0,frozen_thresholds,Big_Nose,0.6251905487804879,0.7063979187880605,4232
clean_s0,oracle_seed0,frozen_thresholds,Double_Chin,0.5887309110057926,0.6203580649411131,913
clean_s0,oracle_seed0,frozen_thresholds,Oval_Face,0.5863385101342459,0.6311548038657535,5901
clean_s0,oracle_seed0,frozen_thresholds,Receding_Hairline,0.6388109927089175,0.6678182234886301,1694
clean_s0,oracle_seed0,frozen_thresholds,Blond_Hair,0.8480320699708455,0.9211214053421274,2660
clean_s0,oracle_seed0,frozen_thresholds,Brown_Hair,0.6859254282835069,0.7696315347576073,3587
clean_s0,oracle_seed0,frozen_thresholds,Gray_Hair,0.7326440177252584,0.7971627282295999,636
clean_s0,oracle_seed0,frozen_thresholds,Bald,0.7667731629392971,0.8393123846649702,423
clean_s0,oracle_seed0,frozen_thresholds,Straight_Hair,0.6381405176967776,0.6852066166136541,4190
clean_s0,oracle_seed0,frozen_thresholds,Wavy_Hair,0.7658589288470443,0.891233649759199,7267
clean_s0,oracle_seed0,frozen_thresholds,Sideburns,0.7686721991701245,0.862029315713686,926
clean_s0,oracle_seed0,fixed_0_5,Smiling,0.928761217225648,0.9843302585376343,9987
clean_s0,oracle_seed0,fixed_0_5,Mouth_Slightly_Open,0.9364144539828309,0.9861543981256862,9883
clean_s0,oracle_seed0,fixed_0_5,Eyeglasses,0.9737563650607128,0.9913351938737818,1289
clean_s0,oracle_seed0,fixed_0_5,Bangs,0.8592490999485685,0.9500675402523914,3109
clean_s0,oracle_seed0,fixed_0_5,Wearing_Hat,0.8967551622418879,0.9619308290663284,839
clean_s0,oracle_seed0,fixed_0_5,Mustache,0.5476550680786687,0.6566149704881719,772
clean_s0,oracle_seed0,fixed_0_5,No_Beard,0.9780621038179534,0.9980207384242985,17041
clean_s0,oracle_seed0,fixed_0_5,Black_Hair,0.8217125947845385,0.9027813912992472,5422
clean_s0,oracle_seed0,fixed_0_5,Bushy_Eyebrows,0.7016969944796565,0.7935822856142609,2586
clean_s0,oracle_seed0,fixed_0_5,Arched_Eyebrows,0.709820602922138,0.8050475033406396,5678
clean_s0,oracle_seed0,fixed_0_5,High_Cheekbones,0.8702928870292888,0.9535055179330967,9618
clean_s0,oracle_seed0,fixed_0_5,Bags_Under_Eyes,0.6137075895898624,0.6879216565356987,4045
clean_s0,oracle_seed0,fixed_0_5,Big_Lips,0.5451442225635774,0.6267070654913216,6528
clean_s0,oracle_seed0,fixed_0_5,Big_Nose,0.6165617672466988,0.7063979187880605,4232
clean_s0,oracle_seed0,fixed_0_5,Double_Chin,0.5327225130890052,0.6203580649411131,913
clean_s0,oracle_seed0,fixed_0_5,Oval_Face,0.46541310541310543,0.6311548038657535,5901
clean_s0,oracle_seed0,fixed_0_5,Receding_Hairline,0.6222910216718266,0.6678182234886301,1694
clean_s0,oracle_seed0,fixed_0_5,Blond_Hair,0.8493256262042389,0.9211214053421274,2660
clean_s0,oracle_seed0,fixed_0_5,Brown_Hair,0.7027027027027027,0.7696315347576073,3587
clean_s0,oracle_seed0,fixed_0_5,Gray_Hair,0.7364975450081833,0.7971627282295999,636
clean_s0,oracle_seed0,fixed_0_5,Bald,0.7731843575418994,0.8393123846649702,423
clean_s0,oracle_seed0,fixed_0_5,Straight_Hair,0.5621999127018769,0.6852066166136541,4190
clean_s0,oracle_seed0,fixed_0_5,Wavy_Hair,0.7928581590553422,0.891233649759199,7267
clean_s0,oracle_seed0,fixed_0_5,Sideburns,0.7680168332456602,0.862029315713686,926
blur_s1,r18_seed0,frozen_thresholds,Smiling,0.9269539436691714,0.9841784292613233,9987
blur_s1,r18_seed0,frozen_thresholds,Mouth_Slightly_Open,0.9163047557771701,0.9845788379636646,9883
blur_s1,r18_seed0,frozen_thresholds,Eyeglasses,0.9529130087789306,0.98612627475196,1289
blur_s1,r18_seed0,frozen_thresholds,Bangs,0.8662604233483002,0.94509541712658,3109
blur_s1,r18_seed0,frozen_thresholds,Wearing_Hat,0.8931116389548693,0.9526873629507929,839
blur_s1,r18_seed0,frozen_thresholds,Mustache,0.6153846153846154,0.645517013017497,772
blur_s1,r18_seed0,frozen_thresholds,No_Beard,0.9660177595628415,0.997008813377781,17041
blur_s1,r18_seed0,frozen_thresholds,Black_Hair,0.8108342738084903,0.8899855205068308,5422
blur_s1,r18_seed0,frozen_thresholds,Bushy_Eyebrows,0.5734840698869476,0.7572504686987811,2586
blur_s1,r18_seed0,frozen_thresholds,Arched_Eyebrows,0.719077049855789,0.7850797927396846,5678
blur_s1,r18_seed0,frozen_thresholds,High_Cheekbones,0.8633258648013553,0.9527280034070151,9618
blur_s1,r18_seed0,frozen_thresholds,Bags_Under_Eyes,0.5117749328275644,0.6497430869792407,4045
blur_s1,r18_seed0,frozen_thresholds,Big_Lips,0.45223676499316273,0.5985544081108881,6528
blur_s1,r18_seed0,frozen_thresholds,Big_Nose,0.5852574391900235,0.66687467969375,4232
blur_s1,r18_seed0,frozen_thresholds,Double_Chin,0.505700871898055,0.5883695820964413,913
blur_s1,r18_seed0,frozen_thresholds,Oval_Face,0.564449137627596,0.5943730170951761,5901
blur_s1,r18_seed0,frozen_thresholds,Receding_Hairline,0.6100960049550944,0.6482492815348538,1694
blur_s1,r18_seed0,frozen_thresholds,Blond_Hair,0.8420448018380241,0.9141500849898921,2660
blur_s1,r18_seed0,frozen_thresholds,Brown_Hair,0.686307519640853,0.7499278278650816,3587
blur_s1,r18_seed0,frozen_thresholds,Gray_Hair,0.705161854768154,0.7995827817055962,636
blur_s1,r18_seed0,frozen_thresholds,Bald,0.7533265097236438,0.8351975993472989,423
blur_s1,r18_seed0,frozen_thresholds,Straight_Hair,0.6279354706963447,0.6510251196537725,4190
blur_s1,r18_seed0,frozen_thresholds,Wavy_Hair,0.7016706443914081,0.8852830271777863,7267
blur_s1,r18_seed0,frozen_thresholds,Sideburns,0.604151753758053,0.819179394420287,926
blur_s1,r18_seed0,fixed_0_5,Smiling,0.9281377525629542,0.9841784292613233,9987
blur_s1,r18_seed0,fixed_0_5,Mouth_Slightly_Open,0.9131676817765321,0.9845788379636646,9883
blur_s1,r18_seed0,fixed_0_5,Eyeglasses,0.9360488798370672,0.98612627475196,1289
blur_s1,r18_seed0,fixed_0_5,Bangs,0.8500692520775623,0.94509541712658,3109
blur_s1,r18_seed0,fixed_0_5,Wearing_Hat,0.8873762376237624,0.9526873629507929,839
blur_s1,r18_seed0,fixed_0_5,Mustache,0.3589232303090728,0.645517013017497,772
blur_s1,r18_seed0,fixed_0_5,No_Beard,0.9618735151035185,0.997008813377781,17041
blur_s1,r18_seed0,fixed_0_5,Black_Hair,0.807886290692343,0.8899855205068308,5422
blur_s1,r18_seed0,fixed_0_5,Bushy_Eyebrows,0.4265713434614239,0.7572504686987811,2586
blur_s1,r18_seed0,fixed_0_5,Arched_Eyebrows,0.6806585154520073,0.7850797927396846,5678
blur_s1,r18_seed0,fixed_0_5,High_Cheekbones,0.8676454942015108,0.9527280034070151,9618
blur_s1,r18_seed0,fixed_0_5,Bags_Under_Eyes,0.26092384519350814,0.6497430869792407,4045
blur_s1,r18_seed0,fixed_0_5,Big_Lips,0.2325703073904513,0.5985544081108881,6528
blur_s1,r18_seed0,fixed_0_5,Big_Nose,0.39478921657318616,0.66687467969375,4232
blur_s1,r18_seed0,fixed_0_5,Double_Chin,0.2750455373406193,0.5883695820964413,913
blur_s1,r18_seed0,fixed_0_5,Oval_Face,0.5477847564080801,0.5943730170951761,5901
blur_s1,r18_seed0,fixed_0_5,Receding_Hairline,0.5316742081447964,0.6482492815348538,1694
blur_s1,r18_seed0,fixed_0_5,Blond_Hair,0.8432003026290902,0.9141500849898921,2660
blur_s1,r18_seed0,fixed_0_5,Brown_Hair,0.5421956684092606,0.7499278278650816,3587
blur_s1,r18_seed0,fixed_0_5,Gray_Hair,0.7090592334494773,0.7995827817055962,636
blur_s1,r18_seed0,fixed_0_5,Bald,0.7699757869249395,0.8351975993472989,423
blur_s1,r18_seed0,fixed_0_5,Straight_Hair,0.6103555237413505,0.6510251196537725,4190
blur_s1,r18_seed0,fixed_0_5,Wavy_Hair,0.7217694994179278,0.8852830271777863,7267
blur_s1,r18_seed0,fixed_0_5,Sideburns,0.5569811320754717,0.819179394420287,926
blur_s1,r50_seed0,frozen_thresholds,Smiling,0.9274339850836525,0.9838700468972346,9987
blur_s1,r50_seed0,frozen_thresholds,Mouth_Slightly_Open,0.9208955223880597,0.9847691339183634,9883
blur_s1,r50_seed0,frozen_thresholds,Eyeglasses,0.9635499207606973,0.9867680642040007,1289
blur_s1,r50_seed0,frozen_thresholds,Bangs,0.860691823899371,0.941407474386873,3109
blur_s1,r50_seed0,frozen_thresholds,Wearing_Hat,0.8850432632880099,0.9506230605550696,839
blur_s1,r50_seed0,frozen_thresholds,Mustache,0.5767984445884641,0.6367320361901653,772
blur_s1,r50_seed0,frozen_thresholds,No_Beard,0.9643364188767107,0.9968338440119767,17041
blur_s1,r50_seed0,frozen_thresholds,Black_Hair,0.8145359019264449,0.8962232104006677,5422
blur_s1,r50_seed0,frozen_thresholds,Bushy_Eyebrows,0.6079118678017026,0.7654958765008768,2586
blur_s1,r50_seed0,frozen_thresholds,Arched_Eyebrows,0.7253337675024422,0.7864772367712751,5678
blur_s1,r50_seed0,frozen_thresholds,High_Cheekbones,0.8571428571428571,0.9513980177572814,9618
blur_s1,r50_seed0,frozen_thresholds,Bags_Under_Eyes,0.5052430886558628,0.6438898639629318,4045
blur_s1,r50_seed0,frozen_thresholds,Big_Lips,0.4537504858142246,0.594267383183057,6528
blur_s1,r50_seed0,frozen_thresholds,Big_Nose,0.5705422174264905,0.6694831042871429,4232
blur_s1,r50_seed0,frozen_thresholds,Double_Chin,0.48777173913043476,0.5751373162617359,913
blur_s1,r50_seed0,frozen_thresholds,Oval_Face,0.5680821917808219,0.5882823667461949,5901
blur_s1,r50_seed0,frozen_thresholds,Receding_Hairline,0.6071317829457364,0.6399133042052076,1694
blur_s1,r50_seed0,frozen_thresholds,Blond_Hair,0.832455627072362,0.9158548619437609,2660
blur_s1,r50_seed0,frozen_thresholds,Brown_Hair,0.6895993524888709,0.7514071293116047,3587
blur_s1,r50_seed0,frozen_thresholds,Gray_Hair,0.714516129032258,0.8024198220985298,636
blur_s1,r50_seed0,frozen_thresholds,Bald,0.7447698744769874,0.8251909882527949,423
blur_s1,r50_seed0,frozen_thresholds,Straight_Hair,0.6247777119146414,0.6505325422443533,4190
blur_s1,r50_seed0,frozen_thresholds,Wavy_Hair,0.6798218807299398,0.8881579100964214,7267
blur_s1,r50_seed0,frozen_thresholds,Sideburns,0.5936139332365747,0.8182227785155199,926
blur_s1,r50_seed0,fixed_0_5,Smiling,0.9267299190303512,0.9838700468972346,9987
blur_s1,r50_seed0,fixed_0_5,Mouth_Slightly_Open,0.9066173269481933,0.9847691339183634,9883
blur_s1,r50_seed0,fixed_0_5,Eyeglasses,0.9668769716088328,0.9867680642040007,1289
blur_s1,r50_seed0,fixed_0_5,Bangs,0.8579061612957088,0.941407474386873,3109
blur_s1,r50_seed0,fixed_0_5,Wearing_Hat,0.8837787445618397,0.9506230605550696,839
blur_s1,r50_seed0,fixed_0_5,Mustache,0.42173112338858193,0.6367320361901653,772
blur_s1,r50_seed0,fixed_0_5,No_Beard,0.960732244759591,0.9968338440119767,17041
blur_s1,r50_seed0,fixed_0_5,Black_Hair,0.812694918363603,0.8962232104006677,5422
blur_s1,r50_seed0,fixed_0_5,Bushy_Eyebrows,0.4347568208778173,0.7654958765008768,2586
blur_s1,r50_seed0,fixed_0_5,Arched_Eyebrows,0.7139878366637706,0.7864772367712751,5678
blur_s1,r50_seed0,fixed_0_5,High_Cheekbones,0.8592788038698329,0.9513980177572814,9618
blur_s1,r50_seed0,fixed_0_5,Bags_Under_Eyes,0.25519534497090607,0.6438898639629318,4045
blur_s1,r50_seed0,fixed_0_5,Big_Lips,0.21243386243386245,0.594267383183057,6528
blur_s1,r50_seed0,fixed_0_5,Big_Nose,0.3340356253591266,0.6694831042871429,4232
blur_s1,r50_seed0,fixed_0_5,Double_Chin,0.2954341987466428,0.5751373162617359,913
blur_s1,r50_seed0,fixed_0_5,Oval_Face,0.5016681831968456,0.5882823667461949,5901
blur_s1,r50_seed0,fixed_0_5,Receding_Hairline,0.46328600405679515,0.6399133042052076,1694
blur_s1,r50_seed0,fixed_0_5,Blond_Hair,0.8355212355212355,0.9158548619437609,2660
blur_s1,r50_seed0,fixed_0_5,Brown_Hair,0.5830665243685521,0.7514071293116047,3587
blur_s1,r50_seed0,fixed_0_5,Gray_Hair,0.700942587832048,0.8024198220985298,636
blur_s1,r50_seed0,fixed_0_5,Bald,0.7651966626936829,0.8251909882527949,423
blur_s1,r50_seed0,fixed_0_5,Straight_Hair,0.6028755577590481,0.6505325422443533,4190
blur_s1,r50_seed0,fixed_0_5,Wavy_Hair,0.7195476843768188,0.8881579100964214,7267
blur_s1,r50_seed0,fixed_0_5,Sideburns,0.5453160700685453,0.8182227785155199,926
blur_s1,m3_seed0,frozen_thresholds,Smiling,0.9284678830292427,0.9839504817934148,9987
blur_s1,m3_seed0,frozen_thresholds,Mouth_Slightly_Open,0.9152232383001614,0.9854669453539013,9883
blur_s1,m3_seed0,frozen_thresholds,Eyeglasses,0.9529505582137161,0.9878445691323579,1289
blur_s1,m3_seed0,frozen_thresholds,Bangs,0.8647098515519568,0.9481131703235923,3109
blur_s1,m3_seed0,frozen_thresholds,Wearing_Hat,0.8821714990746453,0.9574821984750541,839
blur_s1,m3_seed0,frozen_thresholds,Mustache,0.5786163522012578,0.6261984222916401,772
blur_s1,m3_seed0,frozen_thresholds,No_Beard,0.9642532909668634,0.9972083638439793,17041
blur_s1,m3_seed0,frozen_thresholds,Black_Hair,0.8172452601506363,0.8986957810975202,5422
blur_s1,m3_seed0,frozen_thresholds,Bushy_Eyebrows,0.587430309173847,0.7661767418786415,2586
blur_s1,m3_seed0,frozen_thresholds,Arched_Eyebrows,0.7231125203530723,0.7979291880400208,5678
blur_s1,m3_seed0,frozen_thresholds,High_Cheekbones,0.8685443537773098,0.9535683282012524,9618
blur_s1,m3_seed0,frozen_thresholds,Bags_Under_Eyes,0.41742545973933226,0.6522603695293921,4045
blur_s1,m3_seed0,frozen_thresholds,Big_Lips,0.444977032154983,0.6076775066561504,6528
blur_s1,m3_seed0,frozen_thresholds,Big_Nose,0.5633999720397036,0.6792057481990643,4232
blur_s1,m3_seed0,frozen_thresholds,Double_Chin,0.40839386602098465,0.5937272748867315,913
blur_s1,m3_seed0,frozen_thresholds,Oval_Face,0.5681221068434881,0.6131440466221896,5901
blur_s1,m3_seed0,frozen_thresholds,Receding_Hairline,0.6273083379966424,0.664189448150952,1694
blur_s1,m3_seed0,frozen_thresholds,Blond_Hair,0.8495109104589917,0.9179895076893124,2660
blur_s1,m3_seed0,frozen_thresholds,Brown_Hair,0.6993421901199536,0.7548512602682587,3587
blur_s1,m3_seed0,frozen_thresholds,Gray_Hair,0.6448508180943214,0.7891586158820353,636
blur_s1,m3_seed0,frozen_thresholds,Bald,0.7610993657505285,0.82347362809005,423
blur_s1,m3_seed0,frozen_thresholds,Straight_Hair,0.6255411255411255,0.6567033343436207,4190
blur_s1,m3_seed0,frozen_thresholds,Wavy_Hair,0.7404055910155934,0.8890945977905238,7267
blur_s1,m3_seed0,frozen_thresholds,Sideburns,0.5812090313182812,0.8028557506982642,926
blur_s1,m3_seed0,fixed_0_5,Smiling,0.9285642721170223,0.9839504817934148,9987
blur_s1,m3_seed0,fixed_0_5,Mouth_Slightly_Open,0.9203407880724175,0.9854669453539013,9883
blur_s1,m3_seed0,fixed_0_5,Eyeglasses,0.9525329078579976,0.9878445691323579,1289
blur_s1,m3_seed0,fixed_0_5,Bangs,0.8552744794355532,0.9481131703235923,3109
blur_s1,m3_seed0,fixed_0_5,Wearing_Hat,0.8834655277608298,0.9574821984750541,839
blur_s1,m3_seed0,fixed_0_5,Mustache,0.46866952789699573,0.6261984222916401,772
blur_s1,m3_seed0,fixed_0_5,No_Beard,0.9676204604456109,0.9972083638439793,17041
blur_s1,m3_seed0,fixed_0_5,Black_Hair,0.8191914704575745,0.8986957810975202,5422
blur_s1,m3_seed0,fixed_0_5,Bushy_Eyebrows,0.4819551008809321,0.7661767418786415,2586
blur_s1,m3_seed0,fixed_0_5,Arched_Eyebrows,0.6906253010887369,0.7979291880400208,5678
blur_s1,m3_seed0,fixed_0_5,High_Cheekbones,0.8662531287408859,0.9535683282012524,9618
blur_s1,m3_seed0,fixed_0_5,Bags_Under_Eyes,0.225531914893617,0.6522603695293921,4045
blur_s1,m3_seed0,fixed_0_5,Big_Lips,0.2952065710432757,0.6076775066561504,6528
blur_s1,m3_seed0,fixed_0_5,Big_Nose,0.48023618172871907,0.6792057481990643,4232
blur_s1,m3_seed0,fixed_0_5,Double_Chin,0.2340627973358706,0.5937272748867315,913
blur_s1,m3_seed0,fixed_0_5,Oval_Face,0.5486677542142468,0.6131440466221896,5901
blur_s1,m3_seed0,fixed_0_5,Receding_Hairline,0.6162972213549797,0.664189448150952,1694
blur_s1,m3_seed0,fixed_0_5,Blond_Hair,0.8465080583269379,0.9179895076893124,2660
blur_s1,m3_seed0,fixed_0_5,Brown_Hair,0.5128006206361521,0.7548512602682587,3587
blur_s1,m3_seed0,fixed_0_5,Gray_Hair,0.684068406840684,0.7891586158820353,636
blur_s1,m3_seed0,fixed_0_5,Bald,0.7603833865814696,0.82347362809005,423
blur_s1,m3_seed0,fixed_0_5,Straight_Hair,0.5751651611163543,0.6567033343436207,4190
blur_s1,m3_seed0,fixed_0_5,Wavy_Hair,0.7232527326929447,0.8890945977905238,7267
blur_s1,m3_seed0,fixed_0_5,Sideburns,0.5185758513931888,0.8028557506982642,926
blur_s1,oracle_seed0,frozen_thresholds,Smiling,0.9262621111677716,0.9839768523323555,9987
blur_s1,oracle_seed0,frozen_thresholds,Mouth_Slightly_Open,0.910347807301793,0.9832407059165351,9883
blur_s1,oracle_seed0,frozen_thresholds,Eyeglasses,0.9584158415841584,0.9867642170501467,1289
blur_s1,oracle_seed0,frozen_thresholds,Bangs,0.8689835209658998,0.944438436886139,3109
blur_s1,oracle_seed0,frozen_thresholds,Wearing_Hat,0.889281507656066,0.9558702633001237,839
blur_s1,oracle_seed0,frozen_thresholds,Mustache,0.5690430314707772,0.6187104856902418,772
blur_s1,oracle_seed0,frozen_thresholds,No_Beard,0.9678360065185694,0.996963837350483,17041
blur_s1,oracle_seed0,frozen_thresholds,Black_Hair,0.8158404873996123,0.8969942195075156,5422
blur_s1,oracle_seed0,frozen_thresholds,Bushy_Eyebrows,0.6089146310752959,0.7822132765648009,2586
blur_s1,oracle_seed0,frozen_thresholds,Arched_Eyebrows,0.7272868457835068,0.7904933750848822,5678
blur_s1,oracle_seed0,frozen_thresholds,High_Cheekbones,0.857237642375318,0.9509825599669441,9618
blur_s1,oracle_seed0,frozen_thresholds,Bags_Under_Eyes,0.5236999539806719,0.6474536498709622,4045
blur_s1,oracle_seed0,frozen_thresholds,Big_Lips,0.44200784629312945,0.6072583959725809,6528
blur_s1,oracle_seed0,frozen_thresholds,Big_Nose,0.5985597461247406,0.6708555066184833,4232
blur_s1,oracle_seed0,frozen_thresholds,Double_Chin,0.4650478292862399,0.5933774283522271,913
blur_s1,oracle_seed0,frozen_thresholds,Oval_Face,0.5704809286898839,0.5955036072406975,5901
blur_s1,oracle_seed0,frozen_thresholds,Receding_Hairline,0.6341189674523008,0.6668728436130953,1694
blur_s1,oracle_seed0,frozen_thresholds,Blond_Hair,0.8444843049327354,0.9183800153493316,2660
blur_s1,oracle_seed0,frozen_thresholds,Brown_Hair,0.6862050163576882,0.7565428609318852,3587
blur_s1,oracle_seed0,frozen_thresholds,Gray_Hair,0.7377431906614786,0.7850414909175911,636
blur_s1,oracle_seed0,frozen_thresholds,Bald,0.7526205450733753,0.8196939069272978,423
blur_s1,oracle_seed0,frozen_thresholds,Straight_Hair,0.6273854023214637,0.6618927749008319,4190
blur_s1,oracle_seed0,frozen_thresholds,Wavy_Hair,0.7135611540700092,0.8804323352056818,7267
blur_s1,oracle_seed0,frozen_thresholds,Sideburns,0.6462358427714857,0.807059410970669,926
blur_s1,oracle_seed0,fixed_0_5,Smiling,0.9271930266539024,0.9839768523323555,9987
blur_s1,oracle_seed0,fixed_0_5,Mouth_Slightly_Open,0.921003963011889,0.9832407059165351,9883
blur_s1,oracle_seed0,fixed_0_5,Eyeglasses,0.9515418502202643,0.9867642170501467,1289
blur_s1,oracle_seed0,fixed_0_5,Bangs,0.846875,0.944438436886139,3109
blur_s1,oracle_seed0,fixed_0_5,Wearing_Hat,0.8854229154169166,0.9558702633001237,839
blur_s1,oracle_seed0,fixed_0_5,Mustache,0.5039001560062403,0.6187104856902418,772
blur_s1,oracle_seed0,fixed_0_5,No_Beard,0.9691650173536414,0.996963837350483,17041
blur_s1,oracle_seed0,fixed_0_5,Black_Hair,0.8151809026482656,0.8969942195075156,5422
blur_s1,oracle_seed0,fixed_0_5,Bushy_Eyebrows,0.5607675906183369,0.7822132765648009,2586
blur_s1,oracle_seed0,fixed_0_5,Arched_Eyebrows,0.7097413715418581,0.7904933750848822,5678
blur_s1,oracle_seed0,fixed_0_5,High_Cheekbones,0.8593143419541801,0.9509825599669441,9618
blur_s1,oracle_seed0,fixed_0_5,Bags_Under_Eyes,0.3368217054263566,0.6474536498709622,4045
blur_s1,oracle_seed0,fixed_0_5,Big_Lips,0.47995493380903204,0.6072583959725809,6528
blur_s1,oracle_seed0,fixed_0_5,Big_Nose,0.5183591949608235,0.6708555066184833,4232
blur_s1,oracle_seed0,fixed_0_5,Double_Chin,0.32602979842243646,0.5933774283522271,913
blur_s1,oracle_seed0,fixed_0_5,Oval_Face,0.327455919395466,0.5955036072406975,5901
blur_s1,oracle_seed0,fixed_0_5,Receding_Hairline,0.6179215930304915,0.6668728436130953,1694
blur_s1,oracle_seed0,fixed_0_5,Blond_Hair,0.8436724565756824,0.9183800153493316,2660
blur_s1,oracle_seed0,fixed_0_5,Brown_Hair,0.5766541151156536,0.7565428609318852,3587
blur_s1,oracle_seed0,fixed_0_5,Gray_Hair,0.6975914362176628,0.7850414909175911,636
blur_s1,oracle_seed0,fixed_0_5,Bald,0.7533632286995515,0.8196939069272978,423
blur_s1,oracle_seed0,fixed_0_5,Straight_Hair,0.5543540125213432,0.6618927749008319,4190
blur_s1,oracle_seed0,fixed_0_5,Wavy_Hair,0.7646522927421804,0.8804323352056818,7267
blur_s1,oracle_seed0,fixed_0_5,Sideburns,0.6332203389830509,0.807059410970669,926
blur_s2,r18_seed0,frozen_thresholds,Smiling,0.8932395889670092,0.9791483737338301,9987
blur_s2,r18_seed0,frozen_thresholds,Mouth_Slightly_Open,0.7987177936373533,0.9686794032064991,9883
blur_s2,r18_seed0,frozen_thresholds,Eyeglasses,0.8093278463648834,0.9244877303741768,1289
blur_s2,r18_seed0,frozen_thresholds,Bangs,0.8236085421220783,0.9151480540418755,3109
blur_s2,r18_seed0,frozen_thresholds,Wearing_Hat,0.8542329726288987,0.9248745827117594,839
blur_s2,r18_seed0,frozen_thresholds,Mustache,0.463855421686747,0.5345966285942383,772
blur_s2,r18_seed0,frozen_thresholds,No_Beard,0.9468733476191802,0.9928687752562201,17041
blur_s2,r18_seed0,frozen_thresholds,Black_Hair,0.7774843182568505,0.857019684028705,5422
blur_s2,r18_seed0,frozen_thresholds,Bushy_Eyebrows,0.21099656357388316,0.6466240751288168,2586
blur_s2,r18_seed0,frozen_thresholds,Arched_Eyebrows,0.5063589260480452,0.7111052673034355,5678
blur_s2,r18_seed0,frozen_thresholds,High_Cheekbones,0.6979507376009613,0.9341475043468246,9618
blur_s2,r18_seed0,frozen_thresholds,Bags_Under_Eyes,0.04666827038729853,0.5474608608982676,4045
blur_s2,r18_seed0,frozen_thresholds,Big_Lips,0.33505850585058505,0.5485852054422586,6528
blur_s2,r18_seed0,frozen_thresholds,Big_Nose,0.36199747611321437,0.6003029747118362,4232
blur_s2,r18_seed0,frozen_thresholds,Double_Chin,0.1162079510703364,0.5359284951092809,913
blur_s2,r18_seed0,frozen_thresholds,Oval_Face,0.49608006672226856,0.5024423467016971,5901
blur_s2,r18_seed0,frozen_thresholds,Receding_Hairline,0.5206372194062274,0.6035583566667143,1694
blur_s2,r18_seed0,frozen_thresholds,Blond_Hair,0.7633123234079547,0.8972296451596184,2660
blur_s2,r18_seed0,frozen_thresholds,Brown_Hair,0.27206743151486773,0.6718797744657865,3587
blur_s2,r18_seed0,frozen_thresholds,Gray_Hair,0.2396694214876033,0.7306058903532309,636
blur_s2,r18_seed0,frozen_thresholds,Bald,0.6996838777660696,0.7858503878128589,423
blur_s2,r18_seed0,frozen_thresholds,Straight_Hair,0.5643847677745982,0.5674242065315903,4190
blur_s2,r18_seed0,frozen_thresholds,Wavy_Hair,0.38235620082012634,0.8512085979531383,7267
blur_s2,r18_seed0,frozen_thresholds,Sideburns,0.07061266874350987,0.666407062988331,926
blur_s2,r18_seed0,fixed_0_5,Smiling,0.910400250482701,0.9791483737338301,9987
blur_s2,r18_seed0,fixed_0_5,Mouth_Slightly_Open,0.7856312343185852,0.9686794032064991,9883
blur_s2,r18_seed0,fixed_0_5,Eyeglasses,0.7455335586673105,0.9244877303741768,1289
blur_s2,r18_seed0,fixed_0_5,Bangs,0.7639046538024972,0.9151480540418755,3109
blur_s2,r18_seed0,fixed_0_5,Wearing_Hat,0.8043478260869565,0.9248745827117594,839
blur_s2,r18_seed0,fixed_0_5,Mustache,0.14184397163120568,0.5345966285942383,772
blur_s2,r18_seed0,fixed_0_5,No_Beard,0.9402445419668239,0.9928687752562201,17041
blur_s2,r18_seed0,fixed_0_5,Black_Hair,0.7826164237468894,0.857019684028705,5422
blur_s2,r18_seed0,fixed_0_5,Bushy_Eyebrows,0.08862629246676514,0.6466240751288168,2586
blur_s2,r18_seed0,fixed_0_5,Arched_Eyebrows,0.36553238199780463,0.7111052673034355,5678
blur_s2,r18_seed0,fixed_0_5,High_Cheekbones,0.7381990764494613,0.9341475043468246,9618
blur_s2,r18_seed0,fixed_0_5,Bags_Under_Eyes,0.0024691358024691358,0.5474608608982676,4045
blur_s2,r18_seed0,fixed_0_5,Big_Lips,0.09027978079030863,0.5485852054422586,6528
blur_s2,r18_seed0,fixed_0_5,Big_Nose,0.09722222222222222,0.6003029747118362,4232
blur_s2,r18_seed0,fixed_0_5,Double_Chin,0.010893246187363835,0.5359284951092809,913
blur_s2,r18_seed0,fixed_0_5,Oval_Face,0.381081692690654,0.5024423467016971,5901
blur_s2,r18_seed0,fixed_0_5,Receding_Hairline,0.35762788592123135,0.6035583566667143,1694
blur_s2,r18_seed0,fixed_0_5,Blond_Hair,0.7753191489361703,0.8972296451596184,2660
blur_s2,r18_seed0,fixed_0_5,Brown_Hair,0.026908292147171883,0.6718797744657865,3587
blur_s2,r18_seed0,fixed_0_5,Gray_Hair,0.24175824175824176,0.7306058903532309,636
blur_s2,r18_seed0,fixed_0_5,Bald,0.6720647773279352,0.7858503878128589,423
blur_s2,r18_seed0,fixed_0_5,Straight_Hair,0.5084184377587635,0.5674242065315903,4190
blur_s2,r18_seed0,fixed_0_5,Wavy_Hair,0.4226293103448276,0.8512085979531383,7267
blur_s2,r18_seed0,fixed_0_5,Sideburns,0.042238648363252376,0.666407062988331,926
blur_s2,r50_seed0,frozen_thresholds,Smiling,0.9070877708409842,0.9785881272981214,9987
blur_s2,r50_seed0,frozen_thresholds,Mouth_Slightly_Open,0.7997823721436343,0.9700940800990809,9883
blur_s2,r50_seed0,frozen_thresholds,Eyeglasses,0.7987012987012987,0.9370293349268201,1289
blur_s2,r50_seed0,frozen_thresholds,Bangs,0.8230369998325799,0.9124480231959026,3109
blur_s2,r50_seed0,frozen_thresholds,Wearing_Hat,0.818242790073776,0.9326420198409132,839
blur_s2,r50_seed0,frozen_thresholds,Mustache,0.33986928104575165,0.5167515568526149,772
blur_s2,r50_seed0,frozen_thresholds,No_Beard,0.9460255697609783,0.993602235636087,17041
blur_s2,r50_seed0,frozen_thresholds,Black_Hair,0.7894650475877912,0.8755734606088779,5422
blur_s2,r50_seed0,frozen_thresholds,Bushy_Eyebrows,0.23601220752797558,0.6709429235883497,2586
blur_s2,r50_seed0,frozen_thresholds,Arched_Eyebrows,0.5368122518434487,0.7157148592174074,5678
blur_s2,r50_seed0,frozen_thresholds,High_Cheekbones,0.668035873211474,0.9329885185363924,9618
blur_s2,r50_seed0,frozen_thresholds,Bags_Under_Eyes,0.05777035091907377,0.5676286879320931,4045
blur_s2,r50_seed0,frozen_thresholds,Big_Lips,0.291862652869238,0.5434921817539875,6528
blur_s2,r50_seed0,frozen_thresholds,Big_Nose,0.25463336019339244,0.6055357054295137,4232
blur_s2,r50_seed0,frozen_thresholds,Double_Chin,0.09927611168562564,0.5130451553186217,913
blur_s2,r50_seed0,frozen_thresholds,Oval_Face,0.5028181313011034,0.5026678730047615,5901
blur_s2,r50_seed0,frozen_thresholds,Receding_Hairline,0.4945344892574444,0.6066617069185353,1694
blur_s2,r50_seed0,frozen_thresholds,Blond_Hair,0.7202408522464103,0.9024379467118206,2660
blur_s2,r50_seed0,frozen_thresholds,Brown_Hair,0.40979862985260535,0.6818532982602414,3587
blur_s2,r50_seed0,frozen_thresholds,Gray_Hair,0.4720930232558139,0.7554076695712729,636
blur_s2,r50_seed0,frozen_thresholds,Bald,0.740499457111835,0.7827386076499618,423
blur_s2,r50_seed0,frozen_thresholds,Straight_Hair,0.5587106676899463,0.5636587825613919,4190
blur_s2,r50_seed0,frozen_thresholds,Wavy_Hair,0.3529810298102981,0.860461674033845,7267
blur_s2,r50_seed0,frozen_thresholds,Sideburns,0.14570858283433133,0.6727640089954777,926
blur_s2,r50_seed0,fixed_0_5,Smiling,0.9125643666323378,0.9785881272981214,9987
blur_s2,r50_seed0,fixed_0_5,Mouth_Slightly_Open,0.7593335003758457,0.9700940800990809,9883
blur_s2,r50_seed0,fixed_0_5,Eyeglasses,0.8136674259681094,0.9370293349268201,1289
blur_s2,r50_seed0,fixed_0_5,Bangs,0.7797235023041474,0.9124480231959026,3109
blur_s2,r50_seed0,fixed_0_5,Wearing_Hat,0.8084239130434783,0.9326420198409132,839
blur_s2,r50_seed0,fixed_0_5,Mustache,0.13744075829383887,0.5167515568526149,772
blur_s2,r50_seed0,fixed_0_5,No_Beard,0.9404064950845024,0.993602235636087,17041
blur_s2,r50_seed0,fixed_0_5,Black_Hair,0.796301142807293,0.8755734606088779,5422
blur_s2,r50_seed0,fixed_0_5,Bushy_Eyebrows,0.0907749077490775,0.6709429235883497,2586
blur_s2,r50_seed0,fixed_0_5,Arched_Eyebrows,0.47599266951740987,0.7157148592174074,5678
blur_s2,r50_seed0,fixed_0_5,High_Cheekbones,0.6797695696374111,0.9329885185363924,9618
blur_s2,r50_seed0,fixed_0_5,Bags_Under_Eyes,0.0034550839091806516,0.5676286879320931,4045
blur_s2,r50_seed0,fixed_0_5,Big_Lips,0.05897095680377414,0.5434921817539875,6528
blur_s2,r50_seed0,fixed_0_5,Big_Nose,0.05916074294886494,0.6055357054295137,4232
blur_s2,r50_seed0,fixed_0_5,Double_Chin,0.02591792656587473,0.5130451553186217,913
blur_s2,r50_seed0,fixed_0_5,Oval_Face,0.24914348362340688,0.5026678730047615,5901
blur_s2,r50_seed0,fixed_0_5,Receding_Hairline,0.23766364551863042,0.6066617069185353,1694
blur_s2,r50_seed0,fixed_0_5,Blond_Hair,0.7303832116788321,0.9024379467118206,2660
blur_s2,r50_seed0,fixed_0_5,Brown_Hair,0.0899708917703096,0.6818532982602414,3587
blur_s2,r50_seed0,fixed_0_5,Gray_Hair,0.38451935081148564,0.7554076695712729,636
blur_s2,r50_seed0,fixed_0_5,Bald,0.6765498652291105,0.7827386076499618,423
blur_s2,r50_seed0,fixed_0_5,Straight_Hair,0.44758003337884994,0.5636587825613919,4190
blur_s2,r50_seed0,fixed_0_5,Wavy_Hair,0.44248352115670847,0.860461674033845,7267
blur_s2,r50_seed0,fixed_0_5,Sideburns,0.07676348547717843,0.6727640089954777,926
blur_s2,m3_seed0,frozen_thresholds,Smiling,0.9041095890410958,0.9787780433804967,9987
blur_s2,m3_seed0,frozen_thresholds,Mouth_Slightly_Open,0.7517328292375551,0.9719204524489826,9883
blur_s2,m3_seed0,frozen_thresholds,Eyeglasses,0.7942672214516875,0.9261437302499003,1289
blur_s2,m3_seed0,frozen_thresholds,Bangs,0.717741935483871,0.9249535235083048,3109
blur_s2,m3_seed0,frozen_thresholds,Wearing_Hat,0.8135593220338984,0.9277490116689415,839
blur_s2,m3_seed0,frozen_thresholds,Mustache,0.3758741258741259,0.5100188994959846,772
blur_s2,m3_seed0,frozen_thresholds,No_Beard,0.9369017493673671,0.9931625766588317,17041
blur_s2,m3_seed0,frozen_thresholds,Black_Hair,0.7943623705213109,0.873132966745276,5422
blur_s2,m3_seed0,frozen_thresholds,Bushy_Eyebrows,0.2401894451962111,0.6846906051538094,2586
blur_s2,m3_seed0,frozen_thresholds,Arched_Eyebrows,0.5411683532658693,0.7305913485547971,5678
blur_s2,m3_seed0,frozen_thresholds,High_Cheekbones,0.777427529513567,0.9396301684155034,9618
blur_s2,m3_seed0,frozen_thresholds,Bags_Under_Eyes,0.015203531142717018,0.567500527208397,4045
blur_s2,m3_seed0,frozen_thresholds,Big_Lips,0.5069569487641186,0.5732269006050975,6528
blur_s2,m3_seed0,frozen_thresholds,Big_Nose,0.3274102079395085,0.6239057655867861,4232
blur_s2,m3_seed0,frozen_thresholds,Double_Chin,0.02591792656587473,0.5433643536358179,913
blur_s2,m3_seed0,frozen_thresholds,Oval_Face,0.4505438649994917,0.524288654748087,5901
blur_s2,m3_seed0,frozen_thresholds,Receding_Hairline,0.5556257901390644,0.597282508624196,1694
blur_s2,m3_seed0,frozen_thresholds,Blond_Hair,0.7850467289719626,0.9007167940198918,2660
blur_s2,m3_seed0,frozen_thresholds,Brown_Hair,0.26216343882853094,0.6700835060989736,3587
blur_s2,m3_seed0,frozen_thresholds,Gray_Hair,0.11834319526627218,0.7157796311555208,636
blur_s2,m3_seed0,frozen_thresholds,Bald,0.7084708470847084,0.7750737889600864,423
blur_s2,m3_seed0,frozen_thresholds,Straight_Hair,0.5521365872479984,0.5641516342445795,4190
blur_s2,m3_seed0,frozen_thresholds,Wavy_Hair,0.47167846730528945,0.8579797601496257,7267
blur_s2,m3_seed0,frozen_thresholds,Sideburns,0.07075962539021852,0.6255532028099253,926
blur_s2,m3_seed0,fixed_0_5,Smiling,0.9024805706377089,0.9787780433804967,9987
blur_s2,m3_seed0,fixed_0_5,Mouth_Slightly_Open,0.7739184177997528,0.9719204524489826,9883
blur_s2,m3_seed0,fixed_0_5,Eyeglasses,0.792959703566466,0.9261437302499003,1289
blur_s2,m3_seed0,fixed_0_5,Bangs,0.6870197300103842,0.9249535235083048,3109
blur_s2,m3_seed0,fixed_0_5,Wearing_Hat,0.8203753351206434,0.9277490116689415,839
blur_s2,m3_seed0,fixed_0_5,Mustache,0.18161180476730987,0.5100188994959846,772
blur_s2,m3_seed0,fixed_0_5,No_Beard,0.9419969005977419,0.9931625766588317,17041
blur_s2,m3_seed0,fixed_0_5,Black_Hair,0.7975417032484635,0.873132966745276,5422
blur_s2,m3_seed0,fixed_0_5,Bushy_Eyebrows,0.14342058085335246,0.6846906051538094,2586
blur_s2,m3_seed0,fixed_0_5,Arched_Eyebrows,0.4245047881411518,0.7305913485547971,5678
blur_s2,m3_seed0,fixed_0_5,High_Cheekbones,0.7353530133712293,0.9396301684155034,9618
blur_s2,m3_seed0,fixed_0_5,Bags_Under_Eyes,0.0024685262898049864,0.567500527208397,4045
blur_s2,m3_seed0,fixed_0_5,Big_Lips,0.3831335616438356,0.5732269006050975,6528
blur_s2,m3_seed0,fixed_0_5,Big_Nose,0.21438998957247132,0.6239057655867861,4232
blur_s2,m3_seed0,fixed_0_5,Double_Chin,0.013057671381936888,0.5433643536358179,913
blur_s2,m3_seed0,fixed_0_5,Oval_Face,0.16065227238411595,0.524288654748087,5901
blur_s2,m3_seed0,fixed_0_5,Receding_Hairline,0.5136767317939609,0.597282508624196,1694
blur_s2,m3_seed0,fixed_0_5,Blond_Hair,0.7694323144104803,0.9007167940198918,2660
blur_s2,m3_seed0,fixed_0_5,Brown_Hair,0.0050041701417848205,0.6700835060989736,3587
blur_s2,m3_seed0,fixed_0_5,Gray_Hair,0.1511627906976744,0.7157796311555208,636
blur_s2,m3_seed0,fixed_0_5,Bald,0.7139689578713969,0.7750737889600864,423
blur_s2,m3_seed0,fixed_0_5,Straight_Hair,0.46163123775064074,0.5641516342445795,4190
blur_s2,m3_seed0,fixed_0_5,Wavy_Hair,0.4312211858046532,0.8579797601496257,7267
blur_s2,m3_seed0,fixed_0_5,Sideburns,0.042283298097251586,0.6255532028099253,926
blur_s2,oracle_seed0,frozen_thresholds,Smiling,0.9028050267776658,0.9781318171961073,9987
blur_s2,oracle_seed0,frozen_thresholds,Mouth_Slightly_Open,0.783306777791396,0.9677214475031168,9883
blur_s2,oracle_seed0,frozen_thresholds,Eyeglasses,0.8334073745002222,0.9321808533646477,1289
blur_s2,oracle_seed0,frozen_thresholds,Bangs,0.8064401981599434,0.9157899689875941,3109
blur_s2,oracle_seed0,frozen_thresholds,Wearing_Hat,0.85785536159601,0.9272734957478478,839
blur_s2,oracle_seed0,frozen_thresholds,Mustache,0.4327764518695306,0.5183933874110868,772
blur_s2,oracle_seed0,frozen_thresholds,No_Beard,0.9550939663699307,0.9929451599608772,17041
blur_s2,oracle_seed0,frozen_thresholds,Black_Hair,0.7276440240756664,0.8710413565628312,5422
blur_s2,oracle_seed0,frozen_thresholds,Bushy_Eyebrows,0.2408660351826793,0.6842623524804987,2586
blur_s2,oracle_seed0,frozen_thresholds,Arched_Eyebrows,0.5463598141181677,0.7034954098026426,5678
blur_s2,oracle_seed0,frozen_thresholds,High_Cheekbones,0.6566668970761043,0.9299034497580709,9618
blur_s2,oracle_seed0,frozen_thresholds,Bags_Under_Eyes,0.07007575757575757,0.5525060051399313,4045
blur_s2,oracle_seed0,frozen_thresholds,Big_Lips,0.3162737205290397,0.5487917157352064,6528
blur_s2,oracle_seed0,frozen_thresholds,Big_Nose,0.38195173137460653,0.5978427231570902,4232
blur_s2,oracle_seed0,frozen_thresholds,Double_Chin,0.06553911205073996,0.5337000231429999,913
blur_s2,oracle_seed0,frozen_thresholds,Oval_Face,0.35470668485675305,0.47113472333067463,5901
blur_s2,oracle_seed0,frozen_thresholds,Receding_Hairline,0.554695388757994,0.6144402639152237,1694
blur_s2,oracle_seed0,frozen_thresholds,Blond_Hair,0.817717206132879,0.897753145258001,2660
blur_s2,oracle_seed0,frozen_thresholds,Brown_Hair,0.4158012624720016,0.6618908068841685,3587
blur_s2,oracle_seed0,frozen_thresholds,Gray_Hair,0.5327604726100966,0.7298988299416782,636
blur_s2,oracle_seed0,frozen_thresholds,Bald,0.6919642857142857,0.7633757960346049,423
blur_s2,oracle_seed0,frozen_thresholds,Straight_Hair,0.5765898617511521,0.5841040464063941,4190
blur_s2,oracle_seed0,frozen_thresholds,Wavy_Hair,0.482438974147698,0.8441178361800936,7267
blur_s2,oracle_seed0,frozen_thresholds,Sideburns,0.18973862536302033,0.6691875484193756,926
blur_s2,oracle_seed0,fixed_0_5,Smiling,0.9079188721765107,0.9781318171961073,9987
blur_s2,oracle_seed0,fixed_0_5,Mouth_Slightly_Open,0.8216165080115887,0.9677214475031168,9883
blur_s2,oracle_seed0,fixed_0_5,Eyeglasses,0.8094804010938924,0.9321808533646477,1289
blur_s2,oracle_seed0,fixed_0_5,Bangs,0.7475295485371052,0.9157899689875941,3109
blur_s2,oracle_seed0,fixed_0_5,Wearing_Hat,0.8427835051546392,0.9272734957478478,839
blur_s2,oracle_seed0,fixed_0_5,Mustache,0.33618233618233617,0.5183933874110868,772
blur_s2,oracle_seed0,fixed_0_5,No_Beard,0.9567587518809801,0.9929451599608772,17041
blur_s2,oracle_seed0,fixed_0_5,Black_Hair,0.7183789083778189,0.8710413565628312,5422
blur_s2,oracle_seed0,fixed_0_5,Bushy_Eyebrows,0.19001047851903596,0.6842623524804987,2586
blur_s2,oracle_seed0,fixed_0_5,Arched_Eyebrows,0.41702459976571654,0.7034954098026426,5678
blur_s2,oracle_seed0,fixed_0_5,High_Cheekbones,0.6753317454916639,0.9299034497580709,9618
blur_s2,oracle_seed0,fixed_0_5,Bags_Under_Eyes,0.012754476330635272,0.5525060051399313,4045
blur_s2,oracle_seed0,fixed_0_5,Big_Lips,0.3633043291438393,0.5487917157352064,6528
blur_s2,oracle_seed0,fixed_0_5,Big_Nose,0.2215815485996705,0.5978427231570902,4232
blur_s2,oracle_seed0,fixed_0_5,Double_Chin,0.030204962243797196,0.5337000231429999,913
blur_s2,oracle_seed0,fixed_0_5,Oval_Face,0.019381787802840434,0.47113472333067463,5901
blur_s2,oracle_seed0,fixed_0_5,Receding_Hairline,0.49026345933562426,0.6144402639152237,1694
blur_s2,oracle_seed0,fixed_0_5,Blond_Hair,0.7938805044449039,0.897753145258001,2660
blur_s2,oracle_seed0,fixed_0_5,Brown_Hair,0.11349372384937238,0.6618908068841685,3587
blur_s2,oracle_seed0,fixed_0_5,Gray_Hair,0.39803439803439805,0.7298988299416782,636
blur_s2,oracle_seed0,fixed_0_5,Bald,0.6771844660194175,0.7633757960346049,423
blur_s2,oracle_seed0,fixed_0_5,Straight_Hair,0.4553198079603531,0.5841040464063941,4190
blur_s2,oracle_seed0,fixed_0_5,Wavy_Hair,0.6077235772357723,0.8441178361800936,7267
blur_s2,oracle_seed0,fixed_0_5,Sideburns,0.18111002921129504,0.6691875484193756,926
blur_s3,r18_seed0,frozen_thresholds,Smiling,0.6369392062087276,0.9547284656703102,9987
blur_s3,r18_seed0,frozen_thresholds,Mouth_Slightly_Open,0.5732465861156788,0.894179495250514,9883
blur_s3,r18_seed0,frozen_thresholds,Eyeglasses,0.5725274725274725,0.7525516714022933,1289
blur_s3,r18_seed0,frozen_thresholds,Bangs,0.6496841247197881,0.8306679676315362,3109
blur_s3,r18_seed0,frozen_thresholds,Wearing_Hat,0.6738131699846861,0.8691175566547258,839
blur_s3,r18_seed0,frozen_thresholds,Mustache,0.19447513812154696,0.4166727775975431,772
blur_s3,r18_seed0,frozen_thresholds,No_Beard,0.931225901720036,0.9838674753075789,17041
blur_s3,r18_seed0,frozen_thresholds,Black_Hair,0.7055684291833438,0.8160358868914637,5422
blur_s3,r18_seed0,frozen_thresholds,Bushy_Eyebrows,0.0038595137012736396,0.41476155809068155,2586
blur_s3,r18_seed0,frozen_thresholds,Arched_Eyebrows,0.009807355516637478,0.6029438490633289,5678
blur_s3,r18_seed0,frozen_thresholds,High_Cheekbones,0.1647754362544102,0.8833424276587757,9618
blur_s3,r18_seed0,frozen_thresholds,Bags_Under_Eyes,0.0,0.4042380020597366,4045
blur_s3,r18_seed0,frozen_thresholds,Big_Lips,0.040955631399317405,0.4835989722523907,6528
blur_s3,r18_seed0,frozen_thresholds,Big_Nose,0.04786010124252186,0.5254568754919464,4232
blur_s3,r18_seed0,frozen_thresholds,Double_Chin,0.0,0.41056661701575226,913
blur_s3,r18_seed0,frozen_thresholds,Oval_Face,0.41537218281404326,0.4217847171047771,5901
blur_s3,r18_seed0,frozen_thresholds,Receding_Hairline,0.29550717924965264,0.5240398521291731,1694
blur_s3,r18_seed0,frozen_thresholds,Blond_Hair,0.40369157487347423,0.8647690610225052,2660
blur_s3,r18_seed0,frozen_thresholds,Brown_Hair,0.016035388443461432,0.5808203046132636,3587
blur_s3,r18_seed0,frozen_thresholds,Gray_Hair,0.0,0.5511339942393442,636
blur_s3,r18_seed0,frozen_thresholds,Bald,0.6138107416879796,0.6768880059530942,423
blur_s3,r18_seed0,frozen_thresholds,Straight_Hair,0.4306951720232196,0.473584713791245,4190
blur_s3,r18_seed0,frozen_thresholds,Wavy_Hair,0.025003397200706618,0.7980363615175508,7267
blur_s3,r18_seed0,frozen_thresholds,Sideburns,0.002157497303128371,0.49457325501821436,926
blur_s3,r18_seed0,fixed_0_5,Smiling,0.7370732931726908,0.9547284656703102,9987
blur_s3,r18_seed0,fixed_0_5,Mouth_Slightly_Open,0.5314922838366684,0.894179495250514,9883
blur_s3,r18_seed0,fixed_0_5,Eyeglasses,0.4365175332527207,0.7525516714022933,1289
blur_s3,r18_seed0,fixed_0_5,Bangs,0.4209734069242348,0.8306679676315362,3109
blur_s3,r18_seed0,fixed_0_5,Wearing_Hat,0.5629754860524091,0.8691175566547258,839
blur_s3,r18_seed0,fixed_0_5,Mustache,0.007731958762886598,0.4166727775975431,772
blur_s3,r18_seed0,fixed_0_5,No_Beard,0.9253326092859082,0.9838674753075789,17041
blur_s3,r18_seed0,fixed_0_5,Black_Hair,0.7354748386093178,0.8160358868914637,5422
blur_s3,r18_seed0,fixed_0_5,Bushy_Eyebrows,0.0,0.41476155809068155,2586
blur_s3,r18_seed0,fixed_0_5,Arched_Eyebrows,0.0021108179419525065,0.6029438490633289,5678
blur_s3,r18_seed0,fixed_0_5,High_Cheekbones,0.24636098981077148,0.8833424276587757,9618
blur_s3,r18_seed0,fixed_0_5,Bags_Under_Eyes,0.0,0.4042380020597366,4045
blur_s3,r18_seed0,fixed_0_5,Big_Lips,0.0018359853121175031,0.4835989722523907,6528
blur_s3,r18_seed0,fixed_0_5,Big_Nose,0.0,0.5254568754919464,4232
blur_s3,r18_seed0,fixed_0_5,Double_Chin,0.0,0.41056661701575226,913
blur_s3,r18_seed0,fixed_0_5,Oval_Face,0.22645474845658742,0.4217847171047771,5901
blur_s3,r18_seed0,fixed_0_5,Receding_Hairline,0.09136490250696379,0.5240398521291731,1694
blur_s3,r18_seed0,fixed_0_5,Blond_Hair,0.43680838672102507,0.8647690610225052,2660
blur_s3,r18_seed0,fixed_0_5,Brown_Hair,0.0,0.5808203046132636,3587
blur_s3,r18_seed0,fixed_0_5,Gray_Hair,0.0,0.5511339942393442,636
blur_s3,r18_seed0,fixed_0_5,Bald,0.43205574912891986,0.6768880059530942,423
blur_s3,r18_seed0,fixed_0_5,Straight_Hair,0.27625739644970415,0.473584713791245,4190
blur_s3,r18_seed0,fixed_0_5,Wavy_Hair,0.038061816709407476,0.7980363615175508,7267
blur_s3,r18_seed0,fixed_0_5,Sideburns,0.0,0.49457325501821436,926
blur_s3,r50_seed0,frozen_thresholds,Smiling,0.8389806458936375,0.9627397614530873,9987
blur_s3,r50_seed0,frozen_thresholds,Mouth_Slightly_Open,0.4911211035744227,0.9192180476195331,9883
blur_s3,r50_seed0,frozen_thresholds,Eyeglasses,0.49533799533799533,0.7944068597401539,1289
blur_s3,r50_seed0,frozen_thresholds,Bangs,0.698635477582846,0.8518655365340467,3109
blur_s3,r50_seed0,frozen_thresholds,Wearing_Hat,0.559322033898305,0.8898956753303698,839
blur_s3,r50_seed0,frozen_thresholds,Mustache,0.04755944931163955,0.4085119381021453,772
blur_s3,r50_seed0,frozen_thresholds,No_Beard,0.9297273694839396,0.9864228372391044,17041
blur_s3,r50_seed0,frozen_thresholds,Black_Hair,0.7485151492368994,0.8490765238533635,5422
blur_s3,r50_seed0,frozen_thresholds,Bushy_Eyebrows,0.005394990366088632,0.5353006407893104,2586
blur_s3,r50_seed0,frozen_thresholds,Arched_Eyebrows,0.05063291139240506,0.6129859349039433,5678
blur_s3,r50_seed0,frozen_thresholds,High_Cheekbones,0.19297916275577248,0.8971724504135528,9618
blur_s3,r50_seed0,frozen_thresholds,Bags_Under_Eyes,0.0,0.4991420996277778,4045
blur_s3,r50_seed0,frozen_thresholds,Big_Lips,0.046800947867298576,0.4882370758328782,6528
blur_s3,r50_seed0,frozen_thresholds,Big_Nose,0.019653720168460457,0.5464616819762081,4232
blur_s3,r50_seed0,frozen_thresholds,Double_Chin,0.0,0.4127064902821058,913
blur_s3,r50_seed0,frozen_thresholds,Oval_Face,0.3901796632489888,0.42746599197370794,5901
blur_s3,r50_seed0,frozen_thresholds,Receding_Hairline,0.2315047810770005,0.5509978235261815,1694
blur_s3,r50_seed0,frozen_thresholds,Blond_Hair,0.3596813725490196,0.8784090231735425,2660
blur_s3,r50_seed0,frozen_thresholds,Brown_Hair,0.08163265306122448,0.5970540630070091,3587
blur_s3,r50_seed0,frozen_thresholds,Gray_Hair,0.040061633281972264,0.6478459210476198,636
blur_s3,r50_seed0,frozen_thresholds,Bald,0.5969738651994498,0.7000640594504054,423
blur_s3,r50_seed0,frozen_thresholds,Straight_Hair,0.4385824673594458,0.46667363453638605,4190
blur_s3,r50_seed0,frozen_thresholds,Wavy_Hair,0.029020884187686467,0.8086010695942818,7267
blur_s3,r50_seed0,frozen_thresholds,Sideburns,0.004310344827586207,0.5109195891044351,926
blur_s3,r50_seed0,fixed_0_5,Smiling,0.8640542907180385,0.9627397614530873,9987
blur_s3,r50_seed0,fixed_0_5,Mouth_Slightly_Open,0.37681635333716446,0.9192180476195331,9883
blur_s3,r50_seed0,fixed_0_5,Eyeglasses,0.5301478953356087,0.7944068597401539,1289
blur_s3,r50_seed0,fixed_0_5,Bangs,0.5402800091806289,0.8518655365340467,3109
blur_s3,r50_seed0,fixed_0_5,Wearing_Hat,0.5349439171699741,0.8898956753303698,839
blur_s3,r50_seed0,fixed_0_5,Mustache,0.0,0.4085119381021453,772
blur_s3,r50_seed0,fixed_0_5,No_Beard,0.9258776219976089,0.9864228372391044,17041
blur_s3,r50_seed0,fixed_0_5,Black_Hair,0.7718806658974782,0.8490765238533635,5422
blur_s3,r50_seed0,fixed_0_5,Bushy_Eyebrows,0.0,0.5353006407893104,2586
blur_s3,r50_seed0,fixed_0_5,Arched_Eyebrows,0.02156146757085724,0.6129859349039433,5678
blur_s3,r50_seed0,fixed_0_5,High_Cheekbones,0.21341746311589496,0.8971724504135528,9618
blur_s3,r50_seed0,fixed_0_5,Bags_Under_Eyes,0.0,0.4991420996277778,4045
blur_s3,r50_seed0,fixed_0_5,Big_Lips,0.0015304560759106215,0.4882370758328782,6528
blur_s3,r50_seed0,fixed_0_5,Big_Nose,0.0,0.5464616819762081,4232
blur_s3,r50_seed0,fixed_0_5,Double_Chin,0.0,0.4127064902821058,913
blur_s3,r50_seed0,fixed_0_5,Oval_Face,0.06362467866323908,0.42746599197370794,5901
blur_s3,r50_seed0,fixed_0_5,Receding_Hairline,0.02905287623474724,0.5509978235261815,1694
blur_s3,r50_seed0,fixed_0_5,Blond_Hair,0.3812688821752266,0.8784090231735425,2660
blur_s3,r50_seed0,fixed_0_5,Brown_Hair,0.0011142061281337048,0.5970540630070091,3587
blur_s3,r50_seed0,fixed_0_5,Gray_Hair,0.015600624024960999,0.6478459210476198,636
blur_s3,r50_seed0,fixed_0_5,Bald,0.4234875444839858,0.7000640594504054,423
blur_s3,r50_seed0,fixed_0_5,Straight_Hair,0.2332881224568882,0.46667363453638605,4190
blur_s3,r50_seed0,fixed_0_5,Wavy_Hair,0.06521160500399255,0.8086010695942818,7267
blur_s3,r50_seed0,fixed_0_5,Sideburns,0.002157497303128371,0.5109195891044351,926
blur_s3,m3_seed0,frozen_thresholds,Smiling,0.6863066727904993,0.9593792727744682,9987
blur_s3,m3_seed0,frozen_thresholds,Mouth_Slightly_Open,0.3319271009112386,0.9230818811206283,9883
blur_s3,m3_seed0,frozen_thresholds,Eyeglasses,0.4968152866242038,0.7496949896397626,1289
blur_s3,m3_seed0,frozen_thresholds,Bangs,0.1537548233897299,0.8718770518450656,3109
blur_s3,m3_seed0,frozen_thresholds,Wearing_Hat,0.5614927905004241,0.866871702125107,839
blur_s3,m3_seed0,frozen_thresholds,Mustache,0.07560975609756097,0.4132788222175917,772
blur_s3,m3_seed0,frozen_thresholds,No_Beard,0.9249016148731171,0.9845646625281003,17041
blur_s3,m3_seed0,frozen_thresholds,Black_Hair,0.7618174239266361,0.8319651527308927,5422
blur_s3,m3_seed0,frozen_thresholds,Bushy_Eyebrows,0.0015455950540958269,0.43333609877356705,2586
blur_s3,m3_seed0,frozen_thresholds,Arched_Eyebrows,0.026046188574405278,0.6264805378196903,5678
blur_s3,m3_seed0,frozen_thresholds,High_Cheekbones,0.29295974463557367,0.8976308280799155,9618
blur_s3,m3_seed0,frozen_thresholds,Bags_Under_Eyes,0.0,0.429437022963989,4045
blur_s3,m3_seed0,frozen_thresholds,Big_Lips,0.3086199196069674,0.5008978765807766,6528
blur_s3,m3_seed0,frozen_thresholds,Big_Nose,0.03481086098862845,0.5610076255300125,4232
blur_s3,m3_seed0,frozen_thresholds,Double_Chin,0.0,0.41327175099350644,913
blur_s3,m3_seed0,frozen_thresholds,Oval_Face,0.15716353111432707,0.4230807845787115,5901
blur_s3,m3_seed0,frozen_thresholds,Receding_Hairline,0.3833943833943834,0.4994927908034462,1694
blur_s3,m3_seed0,frozen_thresholds,Blond_Hair,0.39496553790830086,0.8714253564745404,2660
blur_s3,m3_seed0,frozen_thresholds,Brown_Hair,0.007773459189339256,0.5474092086163258,3587
blur_s3,m3_seed0,frozen_thresholds,Gray_Hair,0.0,0.5493080558912217,636
blur_s3,m3_seed0,frozen_thresholds,Bald,0.615595075239398,0.699364640022714,423
blur_s3,m3_seed0,frozen_thresholds,Straight_Hair,0.43116693086209,0.43546303891580773,4190
blur_s3,m3_seed0,frozen_thresholds,Wavy_Hair,0.054082998661311915,0.8029398775220862,7267
blur_s3,m3_seed0,frozen_thresholds,Sideburns,0.0,0.4808791317945402,926
blur_s3,m3_seed0,fixed_0_5,Smiling,0.6800290103514208,0.9593792727744682,9987
blur_s3,m3_seed0,fixed_0_5,Mouth_Slightly_Open,0.39359713983911593,0.9230818811206283,9883
blur_s3,m3_seed0,fixed_0_5,Eyeglasses,0.4889406286379511,0.7496949896397626,1289
blur_s3,m3_seed0,fixed_0_5,Bangs,0.11800302571860817,0.8718770518450656,3109
blur_s3,m3_seed0,fixed_0_5,Wearing_Hat,0.5885286783042394,0.866871702125107,839
blur_s3,m3_seed0,fixed_0_5,Mustache,0.002583979328165375,0.4132788222175917,772
blur_s3,m3_seed0,fixed_0_5,No_Beard,0.9286123149889607,0.9845646625281003,17041
blur_s3,m3_seed0,fixed_0_5,Black_Hair,0.7631994386949658,0.8319651527308927,5422
blur_s3,m3_seed0,fixed_0_5,Bushy_Eyebrows,0.0,0.43333609877356705,2586
blur_s3,m3_seed0,fixed_0_5,Arched_Eyebrows,0.007016312927556569,0.6264805378196903,5678
blur_s3,m3_seed0,fixed_0_5,High_Cheekbones,0.20115909515797345,0.8976308280799155,9618
blur_s3,m3_seed0,fixed_0_5,Bags_Under_Eyes,0.0,0.429437022963989,4045
blur_s3,m3_seed0,fixed_0_5,Big_Lips,0.13658804168952277,0.5008978765807766,6528
blur_s3,m3_seed0,fixed_0_5,Big_Nose,0.008468595624558928,0.5610076255300125,4232
blur_s3,m3_seed0,fixed_0_5,Double_Chin,0.0,0.41327175099350644,913
blur_s3,m3_seed0,fixed_0_5,Oval_Face,0.013728444667671187,0.4230807845787115,5901
blur_s3,m3_seed0,fixed_0_5,Receding_Hairline,0.28234183191690276,0.4994927908034462,1694
blur_s3,m3_seed0,fixed_0_5,Blond_Hair,0.34898085237801113,0.8714253564745404,2660
blur_s3,m3_seed0,fixed_0_5,Brown_Hair,0.0,0.5474092086163258,3587
blur_s3,m3_seed0,fixed_0_5,Gray_Hair,0.0,0.5493080558912217,636
blur_s3,m3_seed0,fixed_0_5,Bald,0.6061452513966481,0.699364640022714,423
blur_s3,m3_seed0,fixed_0_5,Straight_Hair,0.2108843537414966,0.43546303891580773,4190
blur_s3,m3_seed0,fixed_0_5,Wavy_Hair,0.03938494739681683,0.8029398775220862,7267
blur_s3,m3_seed0,fixed_0_5,Sideburns,0.0,0.4808791317945402,926
blur_s3,oracle_seed0,frozen_thresholds,Smiling,0.7696906839119029,0.9583254513643684,9987
blur_s3,oracle_seed0,frozen_thresholds,Mouth_Slightly_Open,0.4568306010928962,0.9283156718663486,9883
blur_s3,oracle_seed0,frozen_thresholds,Eyeglasses,0.6329896907216495,0.7600654620366942,1289
blur_s3,oracle_seed0,frozen_thresholds,Bangs,0.5691382765531062,0.8451103551719814,3109
blur_s3,oracle_seed0,frozen_thresholds,Wearing_Hat,0.7694463910301331,0.8859529772623728,839
blur_s3,oracle_seed0,frozen_thresholds,Mustache,0.18141097424412095,0.4270193236475869,772
blur_s3,oracle_seed0,frozen_thresholds,No_Beard,0.9444178111164377,0.9855182930970561,17041
blur_s3,oracle_seed0,frozen_thresholds,Black_Hair,0.47939767282683093,0.8399881078076492,5422
blur_s3,oracle_seed0,frozen_thresholds,Bushy_Eyebrows,0.008468052347959968,0.5066733557314909,2586
blur_s3,oracle_seed0,frozen_thresholds,Arched_Eyebrows,0.026689774696707105,0.5669485052703711,5678
blur_s3,oracle_seed0,frozen_thresholds,High_Cheekbones,0.143669848616334,0.8797382648714461,9618
blur_s3,oracle_seed0,frozen_thresholds,Bags_Under_Eyes,0.0,0.45632875052725796,4045
blur_s3,oracle_seed0,frozen_thresholds,Big_Lips,0.02464312546957175,0.4846078145742827,6528
blur_s3,oracle_seed0,frozen_thresholds,Big_Nose,0.07980162308385934,0.5290833471433114,4232
blur_s3,oracle_seed0,frozen_thresholds,Double_Chin,0.0,0.42832021141594523,913
blur_s3,oracle_seed0,frozen_thresholds,Oval_Face,0.22790697674418606,0.39911407625347867,5901
blur_s3,oracle_seed0,frozen_thresholds,Receding_Hairline,0.27434052757793764,0.5379705862148629,1694
blur_s3,oracle_seed0,frozen_thresholds,Blond_Hair,0.6812411847672779,0.8698339546712495,2660
blur_s3,oracle_seed0,frozen_thresholds,Brown_Hair,0.1648406374501992,0.5515477807642876,3587
blur_s3,oracle_seed0,frozen_thresholds,Gray_Hair,0.10432190760059612,0.5752452782570223,636
blur_s3,oracle_seed0,frozen_thresholds,Bald,0.5359281437125748,0.6811461918517492,423
blur_s3,oracle_seed0,frozen_thresholds,Straight_Hair,0.496501539322698,0.4875986276480673,4190
blur_s3,oracle_seed0,frozen_thresholds,Wavy_Hair,0.08558262014483213,0.800353143365675,7267
blur_s3,oracle_seed0,frozen_thresholds,Sideburns,0.004310344827586207,0.5230682180152789,926
blur_s3,oracle_seed0,fixed_0_5,Smiling,0.7969344106463878,0.9583254513643684,9987
blur_s3,oracle_seed0,fixed_0_5,Mouth_Slightly_Open,0.559953434225844,0.9283156718663486,9883
blur_s3,oracle_seed0,fixed_0_5,Eyeglasses,0.5678336980306345,0.7600654620366942,1289
blur_s3,oracle_seed0,fixed_0_5,Bangs,0.3868481890572823,0.8451103551719814,3109
blur_s3,oracle_seed0,fixed_0_5,Wearing_Hat,0.7115097159940209,0.8859529772623728,839
blur_s3,oracle_seed0,fixed_0_5,Mustache,0.0757020757020757,0.4270193236475869,772
blur_s3,oracle_seed0,fixed_0_5,No_Beard,0.9458950969213227,0.9855182930970561,17041
blur_s3,oracle_seed0,fixed_0_5,Black_Hair,0.460747533694595,0.8399881078076492,5422
blur_s3,oracle_seed0,fixed_0_5,Bushy_Eyebrows,0.005397070161912105,0.5066733557314909,2586
blur_s3,oracle_seed0,fixed_0_5,Arched_Eyebrows,0.008764241893076249,0.5669485052703711,5678
blur_s3,oracle_seed0,fixed_0_5,High_Cheekbones,0.16836297916864834,0.8797382648714461,9618
blur_s3,oracle_seed0,fixed_0_5,Bags_Under_Eyes,0.0,0.45632875052725796,4045
blur_s3,oracle_seed0,fixed_0_5,Big_Lips,0.04324004146305346,0.4846078145742827,6528
blur_s3,oracle_seed0,fixed_0_5,Big_Nose,0.016404968361846732,0.5290833471433114,4232
blur_s3,oracle_seed0,fixed_0_5,Double_Chin,0.0,0.42832021141594523,913
blur_s3,oracle_seed0,fixed_0_5,Oval_Face,0.0043941186412033125,0.39911407625347867,5901
blur_s3,oracle_seed0,fixed_0_5,Receding_Hairline,0.16127320954907162,0.5379705862148629,1694
blur_s3,oracle_seed0,fixed_0_5,Blond_Hair,0.5568544102019128,0.8698339546712495,2660
blur_s3,oracle_seed0,fixed_0_5,Brown_Hair,0.012184990307394073,0.5515477807642876,3587
blur_s3,oracle_seed0,fixed_0_5,Gray_Hair,0.030959752321981424,0.5752452782570223,636
blur_s3,oracle_seed0,fixed_0_5,Bald,0.47920133111480867,0.6811461918517492,423
blur_s3,oracle_seed0,fixed_0_5,Straight_Hair,0.27672720464332523,0.4875986276480673,4190
blur_s3,oracle_seed0,fixed_0_5,Wavy_Hair,0.20755878370060324,0.800353143365675,7267
blur_s3,oracle_seed0,fixed_0_5,Sideburns,0.004310344827586207,0.5230682180152789,926
blur_s4,r18_seed0,frozen_thresholds,Smiling,0.02842759846017175,0.8334196701770595,9987
blur_s4,r18_seed0,frozen_thresholds,Mouth_Slightly_Open,0.49596908521553734,0.7017267968617449,9883
blur_s4,r18_seed0,frozen_thresholds,Eyeglasses,0.2206896551724138,0.5381669353463197,1289
blur_s4,r18_seed0,frozen_thresholds,Bangs,0.0664389941012108,0.6487213270537896,3109
blur_s4,r18_seed0,frozen_thresholds,Wearing_Hat,0.2790224032586558,0.7620470676458401,839
blur_s4,r18_seed0,frozen_thresholds,Mustache,0.010256410256410256,0.2669206575933787,772
blur_s4,r18_seed0,frozen_thresholds,No_Beard,0.9223274695534506,0.9647397527433272,17041
blur_s4,r18_seed0,frozen_thresholds,Black_Hair,0.581337463355274,0.7589152443709843,5422
blur_s4,r18_seed0,frozen_thresholds,Bushy_Eyebrows,0.0,0.20670938679982853,2586
blur_s4,r18_seed0,frozen_thresholds,Arched_Eyebrows,0.0,0.45275220022528473,5678
blur_s4,r18_seed0,frozen_thresholds,High_Cheekbones,0.0008314279775514446,0.7575349699682387,9618
blur_s4,r18_seed0,frozen_thresholds,Bags_Under_Eyes,0.0,0.28622969178913005,4045
blur_s4,r18_seed0,frozen_thresholds,Big_Lips,0.0,0.43430275172565025,6528
blur_s4,r18_seed0,frozen_thresholds,Big_Nose,0.0023596035865974517,0.4378525911623357,4232
blur_s4,r18_seed0,frozen_thresholds,Double_Chin,0.0,0.18006726941891918,913
blur_s4,r18_seed0,frozen_thresholds,Oval_Face,0.4162460946887767,0.3966825023774215,5901
blur_s4,r18_seed0,frozen_thresholds,Receding_Hairline,0.1718991250643335,0.4163665170414387,1694
blur_s4,r18_seed0,frozen_thresholds,Blond_Hair,0.010467289719626169,0.80438854461731,2660
blur_s4,r18_seed0,frozen_thresholds,Brown_Hair,0.0,0.45370765620894477,3587
blur_s4,r18_seed0,frozen_thresholds,Gray_Hair,0.0,0.33980778373165194,636
blur_s4,r18_seed0,frozen_thresholds,Bald,0.44954128440366975,0.543098515516868,423
blur_s4,r18_seed0,frozen_thresholds,Straight_Hair,0.16180048661800486,0.3793861329798429,4190
blur_s4,r18_seed0,frozen_thresholds,Wavy_Hair,0.0,0.69237377101696,7267
blur_s4,r18_seed0,frozen_thresholds,Sideburns,0.0,0.2709737532891307,926
blur_s4,r18_seed0,fixed_0_5,Smiling,0.09132594573939626,0.8334196701770595,9987
blur_s4,r18_seed0,fixed_0_5,Mouth_Slightly_Open,0.41733664668908055,0.7017267968617449,9883
blur_s4,r18_seed0,fixed_0_5,Eyeglasses,0.0818452380952381,0.5381669353463197,1289
blur_s4,r18_seed0,fixed_0_5,Bangs,0.00768984299903877,0.6487213270537896,3109
blur_s4,r18_seed0,fixed_0_5,Wearing_Hat,0.12263099219620958,0.7620470676458401,839
blur_s4,r18_seed0,fixed_0_5,Mustache,0.0,0.2669206575933787,772
blur_s4,r18_seed0,fixed_0_5,No_Beard,0.9212347280787112,0.9647397527433272,17041
blur_s4,r18_seed0,fixed_0_5,Black_Hair,0.6314477946673311,0.7589152443709843,5422
blur_s4,r18_seed0,fixed_0_5,Bushy_Eyebrows,0.0,0.20670938679982853,2586
blur_s4,r18_seed0,fixed_0_5,Arched_Eyebrows,0.0,0.45275220022528473,5678
blur_s4,r18_seed0,fixed_0_5,High_Cheekbones,0.004771289285343844,0.7575349699682387,9618
blur_s4,r18_seed0,fixed_0_5,Bags_Under_Eyes,0.0,0.28622969178913005,4045
blur_s4,r18_seed0,fixed_0_5,Big_Lips,0.0,0.43430275172565025,6528
blur_s4,r18_seed0,fixed_0_5,Big_Nose,0.0,0.4378525911623357,4232
blur_s4,r18_seed0,fixed_0_5,Double_Chin,0.0,0.18006726941891918,913
blur_s4,r18_seed0,fixed_0_5,Oval_Face,0.18137188054002454,0.3966825023774215,5901
blur_s4,r18_seed0,fixed_0_5,Receding_Hairline,0.0117096018735363,0.4163665170414387,1694
blur_s4,r18_seed0,fixed_0_5,Blond_Hair,0.018615040953090096,0.80438854461731,2660
blur_s4,r18_seed0,fixed_0_5,Brown_Hair,0.0,0.45370765620894477,3587
blur_s4,r18_seed0,fixed_0_5,Gray_Hair,0.0,0.33980778373165194,636
blur_s4,r18_seed0,fixed_0_5,Bald,0.24242424242424243,0.543098515516868,423
blur_s4,r18_seed0,fixed_0_5,Straight_Hair,0.040976058931860036,0.3793861329798429,4190
blur_s4,r18_seed0,fixed_0_5,Wavy_Hair,0.0,0.69237377101696,7267
blur_s4,r18_seed0,fixed_0_5,Sideburns,0.0,0.2709737532891307,926
blur_s4,r50_seed0,frozen_thresholds,Smiling,0.6639069584072541,0.9222668230735349,9987
blur_s4,r50_seed0,frozen_thresholds,Mouth_Slightly_Open,0.148542600896861,0.7975321242842572,9883
blur_s4,r50_seed0,frozen_thresholds,Eyeglasses,0.1305293691080493,0.5857651829038724,1289
blur_s4,r50_seed0,frozen_thresholds,Bangs,0.38514025777103866,0.7485037113975813,3109
blur_s4,r50_seed0,frozen_thresholds,Wearing_Hat,0.16612021857923498,0.7911718741227701,839
blur_s4,r50_seed0,frozen_thresholds,Mustache,0.0,0.2711610596900399,772
blur_s4,r50_seed0,frozen_thresholds,No_Beard,0.9221858337618751,0.9710876656732295,17041
blur_s4,r50_seed0,frozen_thresholds,Black_Hair,0.6875674217907227,0.8156772332932105,5422
blur_s4,r50_seed0,frozen_thresholds,Bushy_Eyebrows,0.0,0.3790082937107621,2586
blur_s4,r50_seed0,frozen_thresholds,Arched_Eyebrows,0.0,0.5206680099946477,5678
blur_s4,r50_seed0,frozen_thresholds,High_Cheekbones,0.004564315352697096,0.839727568742036,9618
blur_s4,r50_seed0,frozen_thresholds,Bags_Under_Eyes,0.0,0.4471844361054456,4045
blur_s4,r50_seed0,frozen_thresholds,Big_Lips,0.001530690341343946,0.44843359704789326,6528
blur_s4,r50_seed0,frozen_thresholds,Big_Nose,0.002360160490913382,0.4924889622484418,4232
blur_s4,r50_seed0,frozen_thresholds,Double_Chin,0.0,0.31765599067217015,913
blur_s4,r50_seed0,frozen_thresholds,Oval_Face,0.3147326146692031,0.39309885810619094,5901
blur_s4,r50_seed0,frozen_thresholds,Receding_Hairline,0.026744186046511628,0.4695951265766788,1694
blur_s4,r50_seed0,frozen_thresholds,Blond_Hair,0.07171314741035857,0.849782756918432,2660
blur_s4,r50_seed0,frozen_thresholds,Brown_Hair,0.0044469149527515284,0.5064674337392956,3587
blur_s4,r50_seed0,frozen_thresholds,Gray_Hair,0.0,0.5184752678731644,636
blur_s4,r50_seed0,frozen_thresholds,Bald,0.43042071197411,0.5475483030112431,423
blur_s4,r50_seed0,frozen_thresholds,Straight_Hair,0.26714554472379,0.3849715162118279,4190
blur_s4,r50_seed0,frozen_thresholds,Wavy_Hair,0.0,0.7252173947118674,7267
blur_s4,r50_seed0,frozen_thresholds,Sideburns,0.0,0.29077055397828216,926
blur_s4,r50_seed0,fixed_0_5,Smiling,0.7443809986635889,0.9222668230735349,9987
blur_s4,r50_seed0,fixed_0_5,Mouth_Slightly_Open,0.06591687041564792,0.7975321242842572,9883
blur_s4,r50_seed0,fixed_0_5,Eyeglasses,0.15725518227305219,0.5857651829038724,1289
blur_s4,r50_seed0,fixed_0_5,Bangs,0.13009592326139088,0.7485037113975813,3109
blur_s4,r50_seed0,fixed_0_5,Wearing_Hat,0.15198237885462554,0.7911718741227701,839
blur_s4,r50_seed0,fixed_0_5,Mustache,0.0,0.2711610596900399,772
blur_s4,r50_seed0,fixed_0_5,No_Beard,0.9213592495471872,0.9710876656732295,17041
blur_s4,r50_seed0,fixed_0_5,Black_Hair,0.7293904099228559,0.8156772332932105,5422
blur_s4,r50_seed0,fixed_0_5,Bushy_Eyebrows,0.0,0.3790082937107621,2586
blur_s4,r50_seed0,fixed_0_5,Arched_Eyebrows,0.0,0.5206680099946477,5678
blur_s4,r50_seed0,fixed_0_5,High_Cheekbones,0.007045171985080812,0.839727568742036,9618
blur_s4,r50_seed0,fixed_0_5,Bags_Under_Eyes,0.0,0.4471844361054456,4045
blur_s4,r50_seed0,fixed_0_5,Big_Lips,0.0,0.44843359704789326,6528
blur_s4,r50_seed0,fixed_0_5,Big_Nose,0.0,0.4924889622484418,4232
blur_s4,r50_seed0,fixed_0_5,Double_Chin,0.0,0.31765599067217015,913
blur_s4,r50_seed0,fixed_0_5,Oval_Face,0.01901901901901902,0.39309885810619094,5901
blur_s4,r50_seed0,fixed_0_5,Receding_Hairline,0.0,0.4695951265766788,1694
blur_s4,r50_seed0,fixed_0_5,Blond_Hair,0.08072072072072072,0.849782756918432,2660
blur_s4,r50_seed0,fixed_0_5,Brown_Hair,0.0,0.5064674337392956,3587
blur_s4,r50_seed0,fixed_0_5,Gray_Hair,0.0,0.5184752678731644,636
blur_s4,r50_seed0,fixed_0_5,Bald,0.19875776397515527,0.5475483030112431,423
blur_s4,r50_seed0,fixed_0_5,Straight_Hair,0.056350829356964324,0.3849715162118279,4190
blur_s4,r50_seed0,fixed_0_5,Wavy_Hair,0.002199312714776632,0.7252173947118674,7267
blur_s4,r50_seed0,fixed_0_5,Sideburns,0.0,0.29077055397828216,926
blur_s4,m3_seed0,frozen_thresholds,Smiling,0.0874976067394218,0.8926556484689824,9987
blur_s4,m3_seed0,frozen_thresholds,Mouth_Slightly_Open,0.025961058412381426,0.7723424960714832,9883
blur_s4,m3_seed0,frozen_thresholds,Eyeglasses,0.1318840579710145,0.5133749309348044,1289
blur_s4,m3_seed0,frozen_thresholds,Bangs,0.0019280205655526992,0.7421220215360179,3109
blur_s4,m3_seed0,frozen_thresholds,Wearing_Hat,0.16575790621592149,0.7519032626269474,839
blur_s4,m3_seed0,frozen_thresholds,Mustache,0.00258732212160414,0.28939758772590285,772
blur_s4,m3_seed0,frozen_thresholds,No_Beard,0.9214297301681718,0.9696931111819298,17041
blur_s4,m3_seed0,frozen_thresholds,Black_Hair,0.7239533046607566,0.7850091088889433,5422
blur_s4,m3_seed0,frozen_thresholds,Bushy_Eyebrows,0.0,0.2290620790078583,2586
blur_s4,m3_seed0,frozen_thresholds,Arched_Eyebrows,0.0,0.5498533605418053,5678
blur_s4,m3_seed0,frozen_thresholds,High_Cheekbones,0.003321569441561138,0.7626153213232936,9618
blur_s4,m3_seed0,frozen_thresholds,Bags_Under_Eyes,0.0,0.298496709380641,4045
blur_s4,m3_seed0,frozen_thresholds,Big_Lips,0.03934426229508197,0.4610769912249596,6528
blur_s4,m3_seed0,frozen_thresholds,Big_Nose,0.0,0.5114477130131933,4232
blur_s4,m3_seed0,frozen_thresholds,Double_Chin,0.0,0.2775392894209167,913
blur_s4,m3_seed0,frozen_thresholds,Oval_Face,0.09640374735569658,0.3796102030866602,5901
blur_s4,m3_seed0,frozen_thresholds,Receding_Hairline,0.10480821177741761,0.37135801150923264,1694
blur_s4,m3_seed0,frozen_thresholds,Blond_Hair,0.03179297597042514,0.8194150141786187,2660
blur_s4,m3_seed0,frozen_thresholds,Brown_Hair,0.0,0.4210242962155365,3587
blur_s4,m3_seed0,frozen_thresholds,Gray_Hair,0.0,0.3388968475989734,636
blur_s4,m3_seed0,frozen_thresholds,Bald,0.42546063651591287,0.5984186621453476,423
blur_s4,m3_seed0,frozen_thresholds,Straight_Hair,0.18764302059496568,0.33530074218214106,4190
blur_s4,m3_seed0,frozen_thresholds,Wavy_Hair,0.0,0.7231824482810694,7267
blur_s4,m3_seed0,frozen_thresholds,Sideburns,0.0,0.2965752941748361,926
blur_s4,m3_seed0,fixed_0_5,Smiling,0.08162089494910697,0.8926556484689824,9987
blur_s4,m3_seed0,fixed_0_5,Mouth_Slightly_Open,0.05067034700315457,0.7723424960714832,9883
blur_s4,m3_seed0,fixed_0_5,Eyeglasses,0.1318840579710145,0.5133749309348044,1289
blur_s4,m3_seed0,fixed_0_5,Bangs,0.0006430868167202572,0.7421220215360179,3109
blur_s4,m3_seed0,fixed_0_5,Wearing_Hat,0.1933404940923738,0.7519032626269474,839
blur_s4,m3_seed0,fixed_0_5,Mustache,0.0,0.28939758772590285,772
blur_s4,m3_seed0,fixed_0_5,No_Beard,0.9232645098357991,0.9696931111819298,17041
blur_s4,m3_seed0,fixed_0_5,Black_Hair,0.7108708025042686,0.7850091088889433,5422
blur_s4,m3_seed0,fixed_0_5,Bushy_Eyebrows,0.0,0.2290620790078583,2586
blur_s4,m3_seed0,fixed_0_5,Arched_Eyebrows,0.0,0.5498533605418053,5678
blur_s4,m3_seed0,fixed_0_5,High_Cheekbones,0.0006236357966947302,0.7626153213232936,9618
blur_s4,m3_seed0,fixed_0_5,Bags_Under_Eyes,0.0,0.298496709380641,4045
blur_s4,m3_seed0,fixed_0_5,Big_Lips,0.006105938024729049,0.4610769912249596,6528
blur_s4,m3_seed0,fixed_0_5,Big_Nose,0.0,0.5114477130131933,4232
blur_s4,m3_seed0,fixed_0_5,Double_Chin,0.0,0.2775392894209167,913
blur_s4,m3_seed0,fixed_0_5,Oval_Face,0.0057345252150446955,0.3796102030866602,5901
blur_s4,m3_seed0,fixed_0_5,Receding_Hairline,0.04360298336201951,0.37135801150923264,1694
blur_s4,m3_seed0,fixed_0_5,Blond_Hair,0.019345238095238096,0.8194150141786187,2660
blur_s4,m3_seed0,fixed_0_5,Brown_Hair,0.0,0.4210242962155365,3587
blur_s4,m3_seed0,fixed_0_5,Gray_Hair,0.0,0.3388968475989734,636
blur_s4,m3_seed0,fixed_0_5,Bald,0.41624365482233505,0.5984186621453476,423
blur_s4,m3_seed0,fixed_0_5,Straight_Hair,0.0113555713271824,0.33530074218214106,4190
blur_s4,m3_seed0,fixed_0_5,Wavy_Hair,0.0,0.7231824482810694,7267
blur_s4,m3_seed0,fixed_0_5,Sideburns,0.0,0.2965752941748361,926
blur_s4,oracle_seed0,frozen_thresholds,Smiling,0.2375870888085369,0.8896715387636074,9987
blur_s4,oracle_seed0,frozen_thresholds,Mouth_Slightly_Open,0.051074738710313546,0.8270298017516868,9883
blur_s4,oracle_seed0,frozen_thresholds,Eyeglasses,0.3543356207111666,0.5233161829096217,1289
blur_s4,oracle_seed0,frozen_thresholds,Bangs,0.08056580565805659,0.6923861710759229,3109
blur_s4,oracle_seed0,frozen_thresholds,Wearing_Hat,0.5641891891891891,0.814266920891476,839
blur_s4,oracle_seed0,frozen_thresholds,Mustache,0.007722007722007722,0.32634671554160627,772
blur_s4,oracle_seed0,frozen_thresholds,No_Beard,0.9300073202319951,0.9716853239202026,17041
blur_s4,oracle_seed0,frozen_thresholds,Black_Hair,0.1657961246840775,0.7905621357691469,5422
blur_s4,oracle_seed0,frozen_thresholds,Bushy_Eyebrows,0.0,0.3101230156290979,2586
blur_s4,oracle_seed0,frozen_thresholds,Arched_Eyebrows,0.0,0.42790620425290904,5678
blur_s4,oracle_seed0,frozen_thresholds,High_Cheekbones,0.0014545454545454545,0.7759953690068955,9618
blur_s4,oracle_seed0,frozen_thresholds,Bags_Under_Eyes,0.0,0.345031881722759,4045
blur_s4,oracle_seed0,frozen_thresholds,Big_Lips,0.0,0.4653746920455403,6528
blur_s4,oracle_seed0,frozen_thresholds,Big_Nose,0.005655042412818096,0.47660577628761497,4232
blur_s4,oracle_seed0,frozen_thresholds,Double_Chin,0.0,0.29210127385475954,913
blur_s4,oracle_seed0,frozen_thresholds,Oval_Face,0.2694716936532325,0.3984343507555949,5901
blur_s4,oracle_seed0,frozen_thresholds,Receding_Hairline,0.03344867358708189,0.445080343071633,1694
blur_s4,oracle_seed0,frozen_thresholds,Blond_Hair,0.27510494026477234,0.8231367916931309,2660
blur_s4,oracle_seed0,frozen_thresholds,Brown_Hair,0.019774787146388355,0.4524687502059986,3587
blur_s4,oracle_seed0,frozen_thresholds,Gray_Hair,0.0,0.3684843455218613,636
blur_s4,oracle_seed0,frozen_thresholds,Bald,0.2564102564102564,0.582223386074779,423
blur_s4,oracle_seed0,frozen_thresholds,Straight_Hair,0.408923454768727,0.38280613334404523,4190
blur_s4,oracle_seed0,frozen_thresholds,Wavy_Hair,0.0011002613120616146,0.7439723901678247,7267
blur_s4,oracle_seed0,frozen_thresholds,Sideburns,0.0,0.331417706045271,926
blur_s4,oracle_seed0,fixed_0_5,Smiling,0.30057803468208094,0.8896715387636074,9987
blur_s4,oracle_seed0,fixed_0_5,Mouth_Slightly_Open,0.13593514328808445,0.8270298017516868,9883
blur_s4,oracle_seed0,fixed_0_5,Eyeglasses,0.26040268456375837,0.5233161829096217,1289
blur_s4,oracle_seed0,fixed_0_5,Bangs,0.029132362254591513,0.6923861710759229,3109
blur_s4,oracle_seed0,fixed_0_5,Wearing_Hat,0.44136657433056325,0.814266920891476,839
blur_s4,oracle_seed0,fixed_0_5,Mustache,0.0,0.32634671554160627,772
blur_s4,oracle_seed0,fixed_0_5,No_Beard,0.9243658768318314,0.9716853239202026,17041
blur_s4,oracle_seed0,fixed_0_5,Black_Hair,0.14500170590242237,0.7905621357691469,5422
blur_s4,oracle_seed0,fixed_0_5,Bushy_Eyebrows,0.0,0.3101230156290979,2586
blur_s4,oracle_seed0,fixed_0_5,Arched_Eyebrows,0.0,0.42790620425290904,5678
blur_s4,oracle_seed0,fixed_0_5,High_Cheekbones,0.002077274615704196,0.7759953690068955,9618
blur_s4,oracle_seed0,fixed_0_5,Bags_Under_Eyes,0.0,0.345031881722759,4045
blur_s4,oracle_seed0,fixed_0_5,Big_Lips,0.0,0.4653746920455403,6528
blur_s4,oracle_seed0,fixed_0_5,Big_Nose,0.0,0.47660577628761497,4232
blur_s4,oracle_seed0,fixed_0_5,Double_Chin,0.0,0.29210127385475954,913
blur_s4,oracle_seed0,fixed_0_5,Oval_Face,0.0016929067208396817,0.3984343507555949,5901
blur_s4,oracle_seed0,fixed_0_5,Receding_Hairline,0.009395184967704051,0.445080343071633,1694
blur_s4,oracle_seed0,fixed_0_5,Blond_Hair,0.12728551336146274,0.8231367916931309,2660
blur_s4,oracle_seed0,fixed_0_5,Brown_Hair,0.0,0.4524687502059986,3587
blur_s4,oracle_seed0,fixed_0_5,Gray_Hair,0.0,0.3684843455218613,636
blur_s4,oracle_seed0,fixed_0_5,Bald,0.16666666666666666,0.582223386074779,423
blur_s4,oracle_seed0,fixed_0_5,Straight_Hair,0.08736141906873614,0.38280613334404523,4190
blur_s4,oracle_seed0,fixed_0_5,Wavy_Hair,0.007949561403508772,0.7439723901678247,7267
blur_s4,oracle_seed0,fixed_0_5,Sideburns,0.0,0.331417706045271,926
brightness_s1,r18_seed0,frozen_thresholds,Smiling,0.9297522763111044,0.9848054349369872,9987
brightness_s1,r18_seed0,frozen_thresholds,Mouth_Slightly_Open,0.9388088670957196,0.9868797486161789,9883
brightness_s1,r18_seed0,frozen_thresholds,Eyeglasses,0.9754959159859977,0.9911939962353588,1289
brightness_s1,r18_seed0,frozen_thresholds,Bangs,0.875371383893667,0.9511588524814061,3109
brightness_s1,r18_seed0,frozen_thresholds,Wearing_Hat,0.8911007025761124,0.957498769706669,839
brightness_s1,r18_seed0,frozen_thresholds,Mustache,0.6208530805687204,0.6799080897294545,772
brightness_s1,r18_seed0,frozen_thresholds,No_Beard,0.9779840464104423,0.9979578725895788,17041
brightness_s1,r18_seed0,frozen_thresholds,Black_Hair,0.8025526977373816,0.8989635474698763,5422
brightness_s1,r18_seed0,frozen_thresholds,Bushy_Eyebrows,0.7032921810699588,0.785370222827186,2586
brightness_s1,r18_seed0,frozen_thresholds,Arched_Eyebrows,0.7329339296261919,0.8048286505307828,5678
brightness_s1,r18_seed0,frozen_thresholds,High_Cheekbones,0.8710258584145825,0.9547602724311164,9618
brightness_s1,r18_seed0,frozen_thresholds,Bags_Under_Eyes,0.6562869107698915,0.6837839451459644,4045
brightness_s1,r18_seed0,frozen_thresholds,Big_Lips,0.5156974669996433,0.6216407870396777,6528
brightness_s1,r18_seed0,frozen_thresholds,Big_Nose,0.622513961007152,0.7023412337929364,4232
brightness_s1,r18_seed0,frozen_thresholds,Double_Chin,0.5943396226415094,0.6164112400184201,913
brightness_s1,r18_seed0,frozen_thresholds,Oval_Face,0.584876439297017,0.6301534431524702,5901
brightness_s1,r18_seed0,frozen_thresholds,Receding_Hairline,0.6063796841127284,0.6458829356956441,1694
brightness_s1,r18_seed0,frozen_thresholds,Blond_Hair,0.8431073876618431,0.9154829143987355,2660
brightness_s1,r18_seed0,frozen_thresholds,Brown_Hair,0.6670825535454357,0.7603187579355113,3587
brightness_s1,r18_seed0,frozen_thresholds,Gray_Hair,0.7247278382581649,0.8014240077785258,636
brightness_s1,r18_seed0,frozen_thresholds,Bald,0.7833698030634574,0.8443844246816624,423
brightness_s1,r18_seed0,frozen_thresholds,Straight_Hair,0.6385357299430074,0.6807957912910894,4190
brightness_s1,r18_seed0,frozen_thresholds,Wavy_Hair,0.7715642714876666,0.8933887557673253,7267
brightness_s1,r18_seed0,frozen_thresholds,Sideburns,0.7719298245614035,0.8607052315791488,926
brightness_s1,r18_seed0,fixed_0_5,Smiling,0.9291776266812248,0.9848054349369872,9987
brightness_s1,r18_seed0,fixed_0_5,Mouth_Slightly_Open,0.9375256884504727,0.9868797486161789,9883
brightness_s1,r18_seed0,fixed_0_5,Eyeglasses,0.9733124018838305,0.9911939962353588,1289
brightness_s1,r18_seed0,fixed_0_5,Bangs,0.8678102926337034,0.9511588524814061,3109
brightness_s1,r18_seed0,fixed_0_5,Wearing_Hat,0.8956680902989628,0.957498769706669,839
brightness_s1,r18_seed0,fixed_0_5,Mustache,0.39764936336924583,0.6799080897294545,772
brightness_s1,r18_seed0,fixed_0_5,No_Beard,0.9763711375897983,0.9979578725895788,17041
brightness_s1,r18_seed0,fixed_0_5,Black_Hair,0.7802983854486001,0.8989635474698763,5422
brightness_s1,r18_seed0,fixed_0_5,Bushy_Eyebrows,0.6174496644295302,0.785370222827186,2586
brightness_s1,r18_seed0,fixed_0_5,Arched_Eyebrows,0.6950520073879654,0.8048286505307828,5678
brightness_s1,r18_seed0,fixed_0_5,High_Cheekbones,0.8706954585469422,0.9547602724311164,9618
brightness_s1,r18_seed0,fixed_0_5,Bags_Under_Eyes,0.5647899910634495,0.6837839451459644,4045
brightness_s1,r18_seed0,fixed_0_5,Big_Lips,0.3160947317544708,0.6216407870396777,6528
brightness_s1,r18_seed0,fixed_0_5,Big_Nose,0.5456190619816016,0.7023412337929364,4232
brightness_s1,r18_seed0,fixed_0_5,Double_Chin,0.4667165295437547,0.6164112400184201,913
brightness_s1,r18_seed0,fixed_0_5,Oval_Face,0.5814377427280653,0.6301534431524702,5901
brightness_s1,r18_seed0,fixed_0_5,Receding_Hairline,0.5251690458302029,0.6458829356956441,1694
brightness_s1,r18_seed0,fixed_0_5,Blond_Hair,0.8449962377727614,0.9154829143987355,2660
brightness_s1,r18_seed0,fixed_0_5,Brown_Hair,0.7077316293929713,0.7603187579355113,3587
brightness_s1,r18_seed0,fixed_0_5,Gray_Hair,0.7271317829457364,0.8014240077785258,636
brightness_s1,r18_seed0,fixed_0_5,Bald,0.7713226205191595,0.8443844246816624,423
brightness_s1,r18_seed0,fixed_0_5,Straight_Hair,0.6172839506172839,0.6807957912910894,4190
brightness_s1,r18_seed0,fixed_0_5,Wavy_Hair,0.7802280228022802,0.8933887557673253,7267
brightness_s1,r18_seed0,fixed_0_5,Sideburns,0.7732300884955752,0.8607052315791488,926
brightness_s1,r50_seed0,frozen_thresholds,Smiling,0.9293612724059581,0.9849242308067843,9987
brightness_s1,r50_seed0,frozen_thresholds,Mouth_Slightly_Open,0.9403266012107646,0.987540771031544,9883
brightness_s1,r50_seed0,frozen_thresholds,Eyeglasses,0.9762368523568368,0.9912386579029996,1289
brightness_s1,r50_seed0,frozen_thresholds,Bangs,0.867193553386022,0.9468412556253313,3109
brightness_s1,r50_seed0,frozen_thresholds,Wearing_Hat,0.8931572629051621,0.951094993484485,839
brightness_s1,r50_seed0,frozen_thresholds,Mustache,0.6306306306306306,0.6896682018279647,772
brightness_s1,r50_seed0,frozen_thresholds,No_Beard,0.9773524720893142,0.9976677915116419,17041
brightness_s1,r50_seed0,frozen_thresholds,Black_Hair,0.7983957742345691,0.8993146072038773,5422
brightness_s1,r50_seed0,frozen_thresholds,Bushy_Eyebrows,0.7017401861594497,0.7901239991432084,2586
brightness_s1,r50_seed0,frozen_thresholds,Arched_Eyebrows,0.7400016768676113,0.8107263085061853,5678
brightness_s1,r50_seed0,frozen_thresholds,High_Cheekbones,0.8670258620689655,0.9539289477368926,9618
brightness_s1,r50_seed0,frozen_thresholds,Bags_Under_Eyes,0.6536585365853659,0.6782267099768865,4045
brightness_s1,r50_seed0,frozen_thresholds,Big_Lips,0.5383957585086369,0.622501952784067,6528
brightness_s1,r50_seed0,frozen_thresholds,Big_Nose,0.6259037388969221,0.7062017984225696,4232
brightness_s1,r50_seed0,frozen_thresholds,Double_Chin,0.5656460819927348,0.6069708108863485,913
brightness_s1,r50_seed0,frozen_thresholds,Oval_Face,0.5891349158853647,0.6294017787249058,5901
brightness_s1,r50_seed0,frozen_thresholds,Receding_Hairline,0.6176980913823019,0.6394776426967477,1694
brightness_s1,r50_seed0,frozen_thresholds,Blond_Hair,0.8380589914367269,0.9168287214008997,2660
brightness_s1,r50_seed0,frozen_thresholds,Brown_Hair,0.6660443891308857,0.7638606716155389,3587
brightness_s1,r50_seed0,frozen_thresholds,Gray_Hair,0.724112961622013,0.8083910382213311,636
brightness_s1,r50_seed0,frozen_thresholds,Bald,0.776595744680851,0.8449881857983496,423
brightness_s1,r50_seed0,frozen_thresholds,Straight_Hair,0.6446834415584416,0.6770295535148241,4190
brightness_s1,r50_seed0,frozen_thresholds,Wavy_Hair,0.743459711824841,0.8927730307748549,7267
brightness_s1,r50_seed0,frozen_thresholds,Sideburns,0.775169535732916,0.8572470238394634,926
brightness_s1,r50_seed0,fixed_0_5,Smiling,0.9296181836307447,0.9849242308067843,9987
brightness_s1,r50_seed0,fixed_0_5,Mouth_Slightly_Open,0.9367075505873829,0.987540771031544,9883
brightness_s1,r50_seed0,fixed_0_5,Eyeglasses,0.9766536964980544,0.9912386579029996,1289
brightness_s1,r50_seed0,fixed_0_5,Bangs,0.8687397708674305,0.9468412556253313,3109
brightness_s1,r50_seed0,fixed_0_5,Wearing_Hat,0.8923821039903265,0.951094993484485,839
brightness_s1,r50_seed0,fixed_0_5,Mustache,0.5004329004329005,0.6896682018279647,772
brightness_s1,r50_seed0,fixed_0_5,No_Beard,0.9753072174464894,0.9976677915116419,17041
brightness_s1,r50_seed0,fixed_0_5,Black_Hair,0.779532403609516,0.8993146072038773,5422
brightness_s1,r50_seed0,fixed_0_5,Bushy_Eyebrows,0.6323024054982818,0.7901239991432084,2586
brightness_s1,r50_seed0,fixed_0_5,Arched_Eyebrows,0.7275632490013315,0.8107263085061853,5678
brightness_s1,r50_seed0,fixed_0_5,High_Cheekbones,0.8680659670164917,0.9539289477368926,9618
brightness_s1,r50_seed0,fixed_0_5,Bags_Under_Eyes,0.5800202399884343,0.6782267099768865,4045
brightness_s1,r50_seed0,fixed_0_5,Big_Lips,0.3362222486050101,0.622501952784067,6528
brightness_s1,r50_seed0,fixed_0_5,Big_Nose,0.52993870815653,0.7062017984225696,4232
brightness_s1,r50_seed0,fixed_0_5,Double_Chin,0.4703296703296703,0.6069708108863485,913
brightness_s1,r50_seed0,fixed_0_5,Oval_Face,0.5552402745995423,0.6294017787249058,5901
brightness_s1,r50_seed0,fixed_0_5,Receding_Hairline,0.5153234960272418,0.6394776426967477,1694
brightness_s1,r50_seed0,fixed_0_5,Blond_Hair,0.8395015105740181,0.9168287214008997,2660
brightness_s1,r50_seed0,fixed_0_5,Brown_Hair,0.7041293092562192,0.7638606716155389,3587
brightness_s1,r50_seed0,fixed_0_5,Gray_Hair,0.725057121096725,0.8083910382213311,636
brightness_s1,r50_seed0,fixed_0_5,Bald,0.7680981595092025,0.8449881857983496,423
brightness_s1,r50_seed0,fixed_0_5,Straight_Hair,0.6162430254184749,0.6770295535148241,4190
brightness_s1,r50_seed0,fixed_0_5,Wavy_Hair,0.7697536108751062,0.8927730307748549,7267
brightness_s1,r50_seed0,fixed_0_5,Sideburns,0.7664273881833241,0.8572470238394634,926
brightness_s1,m3_seed0,frozen_thresholds,Smiling,0.930338442859311,0.9848695437524577,9987
brightness_s1,m3_seed0,frozen_thresholds,Mouth_Slightly_Open,0.9403114628542252,0.9873385745528436,9883
brightness_s1,m3_seed0,frozen_thresholds,Eyeglasses,0.9746192893401016,0.991730816549218,1289
brightness_s1,m3_seed0,frozen_thresholds,Bangs,0.8771474878444084,0.9514777774963963,3109
brightness_s1,m3_seed0,frozen_thresholds,Wearing_Hat,0.8961876832844575,0.9601034815889006,839
brightness_s1,m3_seed0,frozen_thresholds,Mustache,0.6019198193111237,0.6573965108979684,772
brightness_s1,m3_seed0,frozen_thresholds,No_Beard,0.9772905246671887,0.99788986435089,17041
brightness_s1,m3_seed0,frozen_thresholds,Black_Hair,0.8053234894113076,0.8969630298479697,5422
brightness_s1,m3_seed0,frozen_thresholds,Bushy_Eyebrows,0.7043461313584096,0.7881098822928234,2586
brightness_s1,m3_seed0,frozen_thresholds,Arched_Eyebrows,0.738324449041292,0.8093730040058842,5678
brightness_s1,m3_seed0,frozen_thresholds,High_Cheekbones,0.8699084306915061,0.9543325514449601,9618
brightness_s1,m3_seed0,frozen_thresholds,Bags_Under_Eyes,0.6656538033019346,0.6881186032169107,4045
brightness_s1,m3_seed0,frozen_thresholds,Big_Lips,0.52356843575419,0.6185429804807978,6528
brightness_s1,m3_seed0,frozen_thresholds,Big_Nose,0.6287065313762191,0.7011839363221954,4232
brightness_s1,m3_seed0,frozen_thresholds,Double_Chin,0.5899441340782123,0.6253225813625655,913
brightness_s1,m3_seed0,frozen_thresholds,Oval_Face,0.5832314173121348,0.6336398657001593,5901
brightness_s1,m3_seed0,frozen_thresholds,Receding_Hairline,0.6280661722760981,0.6619534524587227,1694
brightness_s1,m3_seed0,frozen_thresholds,Blond_Hair,0.8380806729114892,0.916298075755775,2660
brightness_s1,m3_seed0,frozen_thresholds,Brown_Hair,0.6688538469679332,0.7594694480292079,3587
brightness_s1,m3_seed0,frozen_thresholds,Gray_Hair,0.7327652982184353,0.7934976010604379,636
brightness_s1,m3_seed0,frozen_thresholds,Bald,0.7711864406779662,0.8343632354360239,423
brightness_s1,m3_seed0,frozen_thresholds,Straight_Hair,0.6302899686520376,0.6695303347918801,4190
brightness_s1,m3_seed0,frozen_thresholds,Wavy_Hair,0.7615463028307065,0.8935349025959338,7267
brightness_s1,m3_seed0,frozen_thresholds,Sideburns,0.778705636743215,0.8641346270124388,926
brightness_s1,m3_seed0,fixed_0_5,Smiling,0.9300015206041867,0.9848695437524577,9987
brightness_s1,m3_seed0,fixed_0_5,Mouth_Slightly_Open,0.9407246450048007,0.9873385745528436,9883
brightness_s1,m3_seed0,fixed_0_5,Eyeglasses,0.9734167318217357,0.991730816549218,1289
brightness_s1,m3_seed0,fixed_0_5,Bangs,0.8742159128425223,0.9514777774963963,3109
brightness_s1,m3_seed0,fixed_0_5,Wearing_Hat,0.8984329657573998,0.9601034815889006,839
brightness_s1,m3_seed0,fixed_0_5,Mustache,0.5416342412451361,0.6573965108979684,772
brightness_s1,m3_seed0,fixed_0_5,No_Beard,0.9777609152463227,0.99788986435089,17041
brightness_s1,m3_seed0,fixed_0_5,Black_Hair,0.7920673076923077,0.8969630298479697,5422
brightness_s1,m3_seed0,fixed_0_5,Bushy_Eyebrows,0.6707734428473648,0.7881098822928234,2586
brightness_s1,m3_seed0,fixed_0_5,Arched_Eyebrows,0.7252999294283698,0.8093730040058842,5678
brightness_s1,m3_seed0,fixed_0_5,High_Cheekbones,0.8682540543472366,0.9543325514449601,9618
brightness_s1,m3_seed0,fixed_0_5,Bags_Under_Eyes,0.644046575685489,0.6881186032169107,4045
brightness_s1,m3_seed0,fixed_0_5,Big_Lips,0.3926649829801252,0.6185429804807978,6528
brightness_s1,m3_seed0,fixed_0_5,Big_Nose,0.6231952662721894,0.7011839363221954,4232
brightness_s1,m3_seed0,fixed_0_5,Double_Chin,0.5114613180515759,0.6253225813625655,913
brightness_s1,m3_seed0,fixed_0_5,Oval_Face,0.5521460843373494,0.6336398657001593,5901
brightness_s1,m3_seed0,fixed_0_5,Receding_Hairline,0.6116687578419071,0.6619534524587227,1694
brightness_s1,m3_seed0,fixed_0_5,Blond_Hair,0.8390983287990672,0.916298075755775,2660
brightness_s1,m3_seed0,fixed_0_5,Brown_Hair,0.694139455297305,0.7594694480292079,3587
brightness_s1,m3_seed0,fixed_0_5,Gray_Hair,0.7349310094408134,0.7934976010604379,636
brightness_s1,m3_seed0,fixed_0_5,Bald,0.774468085106383,0.8343632354360239,423
brightness_s1,m3_seed0,fixed_0_5,Straight_Hair,0.594664260858358,0.6695303347918801,4190
brightness_s1,m3_seed0,fixed_0_5,Wavy_Hair,0.7480744544287549,0.8935349025959338,7267
brightness_s1,m3_seed0,fixed_0_5,Sideburns,0.7660524846454495,0.8641346270124388,926
brightness_s1,oracle_seed0,frozen_thresholds,Smiling,0.9268990900725897,0.9840977331234675,9987
brightness_s1,oracle_seed0,frozen_thresholds,Mouth_Slightly_Open,0.935797765535705,0.9862382056206446,9883
brightness_s1,oracle_seed0,frozen_thresholds,Eyeglasses,0.9746192893401016,0.9911467130540812,1289
brightness_s1,oracle_seed0,frozen_thresholds,Bangs,0.8804541768045417,0.950579676846012,3109
brightness_s1,oracle_seed0,frozen_thresholds,Wearing_Hat,0.8941584731058415,0.9598642407304034,839
brightness_s1,oracle_seed0,frozen_thresholds,Mustache,0.5925925925925926,0.6593544742675721,772
brightness_s1,oracle_seed0,frozen_thresholds,No_Beard,0.9766294092030774,0.9980047665373721,17041
brightness_s1,oracle_seed0,frozen_thresholds,Black_Hair,0.8146341463414634,0.901313677264328,5422
brightness_s1,oracle_seed0,frozen_thresholds,Bushy_Eyebrows,0.7033797216699801,0.7904488518005955,2586
brightness_s1,oracle_seed0,frozen_thresholds,Arched_Eyebrows,0.7313310356146397,0.8058085040203327,5678
brightness_s1,oracle_seed0,frozen_thresholds,High_Cheekbones,0.8678411780173547,0.9527203045484547,9618
brightness_s1,oracle_seed0,frozen_thresholds,Bags_Under_Eyes,0.6657254561251086,0.6882811395617601,4045
brightness_s1,oracle_seed0,frozen_thresholds,Big_Lips,0.4718703976435935,0.6296621065582422,6528
brightness_s1,oracle_seed0,frozen_thresholds,Big_Nose,0.6293103448275862,0.7070928421003431,4232
brightness_s1,oracle_seed0,frozen_thresholds,Double_Chin,0.5820045558086561,0.6229937209739873,913
brightness_s1,oracle_seed0,frozen_thresholds,Oval_Face,0.5782223287014854,0.6330838372509175,5901
brightness_s1,oracle_seed0,frozen_thresholds,Receding_Hairline,0.6338069005508843,0.6666673596702198,1694
brightness_s1,oracle_seed0,frozen_thresholds,Blond_Hair,0.8436336559940432,0.9192328276684479,2660
brightness_s1,oracle_seed0,frozen_thresholds,Brown_Hair,0.6705140536496741,0.7614672053627973,3587
brightness_s1,oracle_seed0,frozen_thresholds,Gray_Hair,0.7342166796570537,0.7959527281615124,636
brightness_s1,oracle_seed0,frozen_thresholds,Bald,0.7529665587918015,0.8330771738838281,423
brightness_s1,oracle_seed0,frozen_thresholds,Straight_Hair,0.6379476215927311,0.6834983478250887,4190
brightness_s1,oracle_seed0,frozen_thresholds,Wavy_Hair,0.7613627504482732,0.8920868331032665,7267
brightness_s1,oracle_seed0,frozen_thresholds,Sideburns,0.7710084033613446,0.8618485213906513,926
brightness_s1,oracle_seed0,fixed_0_5,Smiling,0.9263657957244655,0.9840977331234675,9987
brightness_s1,oracle_seed0,fixed_0_5,Mouth_Slightly_Open,0.9377773295683743,0.9862382056206446,9883
brightness_s1,oracle_seed0,fixed_0_5,Eyeglasses,0.9733542319749217,0.9911467130540812,1289
brightness_s1,oracle_seed0,fixed_0_5,Bangs,0.8609680741503605,0.950579676846012,3109
brightness_s1,oracle_seed0,fixed_0_5,Wearing_Hat,0.8879716981132075,0.9598642407304034,839
brightness_s1,oracle_seed0,fixed_0_5,Mustache,0.5297383029341792,0.6593544742675721,772
brightness_s1,oracle_seed0,fixed_0_5,No_Beard,0.9773455244307262,0.9980047665373721,17041
brightness_s1,oracle_seed0,fixed_0_5,Black_Hair,0.8131638846737481,0.901313677264328,5422
brightness_s1,oracle_seed0,fixed_0_5,Bushy_Eyebrows,0.6875940657923028,0.7904488518005955,2586
brightness_s1,oracle_seed0,fixed_0_5,Arched_Eyebrows,0.7013729977116705,0.8058085040203327,5678
brightness_s1,oracle_seed0,fixed_0_5,High_Cheekbones,0.8693569382973184,0.9527203045484547,9618
brightness_s1,oracle_seed0,fixed_0_5,Bags_Under_Eyes,0.5927298645759088,0.6882811395617601,4045
brightness_s1,oracle_seed0,fixed_0_5,Big_Lips,0.5085406609728926,0.6296621065582422,6528
brightness_s1,oracle_seed0,fixed_0_5,Big_Nose,0.6038583509513742,0.7070928421003431,4232
brightness_s1,oracle_seed0,fixed_0_5,Double_Chin,0.5038814396612562,0.6229937209739873,913
brightness_s1,oracle_seed0,fixed_0_5,Oval_Face,0.517076218242399,0.6330838372509175,5901
brightness_s1,oracle_seed0,fixed_0_5,Receding_Hairline,0.6057289990344383,0.6666673596702198,1694
brightness_s1,oracle_seed0,fixed_0_5,Blond_Hair,0.8359746434231379,0.9192328276684479,2660
brightness_s1,oracle_seed0,fixed_0_5,Brown_Hair,0.7031413612565445,0.7614672053627973,3587
brightness_s1,oracle_seed0,fixed_0_5,Gray_Hair,0.7241379310344828,0.7959527281615124,636
brightness_s1,oracle_seed0,fixed_0_5,Bald,0.7688787185354691,0.8330771738838281,423
brightness_s1,oracle_seed0,fixed_0_5,Straight_Hair,0.5458054936896808,0.6834983478250887,4190
brightness_s1,oracle_seed0,fixed_0_5,Wavy_Hair,0.7914569250683159,0.8920868331032665,7267
brightness_s1,oracle_seed0,fixed_0_5,Sideburns,0.77209797657082,0.8618485213906513,926
brightness_s2,r18_seed0,frozen_thresholds,Smiling,0.9271047227926078,0.9844811070642724,9987
brightness_s2,r18_seed0,frozen_thresholds,Mouth_Slightly_Open,0.9359377415863527,0.9865820357816042,9883
brightness_s2,r18_seed0,frozen_thresholds,Eyeglasses,0.9751166407465007,0.9904863963410593,1289
brightness_s2,r18_seed0,frozen_thresholds,Bangs,0.8700738916256158,0.9503918910839426,3109
brightness_s2,r18_seed0,frozen_thresholds,Wearing_Hat,0.8855140186915887,0.9557294619636286,839
brightness_s2,r18_seed0,frozen_thresholds,Mustache,0.6110414052697616,0.6734570397707876,772
brightness_s2,r18_seed0,frozen_thresholds,No_Beard,0.9758598836204413,0.9978090337654348,17041
brightness_s2,r18_seed0,frozen_thresholds,Black_Hair,0.7789050728277248,0.8897163469884493,5422
brightness_s2,r18_seed0,frozen_thresholds,Bushy_Eyebrows,0.6769980075271198,0.7768388919929585,2586
brightness_s2,r18_seed0,frozen_thresholds,Arched_Eyebrows,0.7262929161234246,0.8022152596414263,5678
brightness_s2,r18_seed0,frozen_thresholds,High_Cheekbones,0.8663669357022913,0.95311699311567,9618
brightness_s2,r18_seed0,frozen_thresholds,Bags_Under_Eyes,0.6541808967720613,0.6811724328489005,4045
brightness_s2,r18_seed0,frozen_thresholds,Big_Lips,0.49617751258623904,0.6210939643300197,6528
brightness_s2,r18_seed0,frozen_thresholds,Big_Nose,0.6242691558108524,0.7009640979939187,4232
brightness_s2,r18_seed0,frozen_thresholds,Double_Chin,0.5800227014755959,0.6136019678968033,913
brightness_s2,r18_seed0,frozen_thresholds,Oval_Face,0.575933921531819,0.6259785903150008,5901
brightness_s2,r18_seed0,frozen_thresholds,Receding_Hairline,0.6020539152759948,0.6429076474307914,1694
brightness_s2,r18_seed0,frozen_thresholds,Blond_Hair,0.8147697301683912,0.9076701696342813,2660
brightness_s2,r18_seed0,frozen_thresholds,Brown_Hair,0.6578865498288914,0.7314006678339877,3587
brightness_s2,r18_seed0,frozen_thresholds,Gray_Hair,0.7123966942148761,0.7935100572949935,636
brightness_s2,r18_seed0,frozen_thresholds,Bald,0.7796234772978959,0.8446587532645408,423
brightness_s2,r18_seed0,frozen_thresholds,Straight_Hair,0.6329630469281342,0.6755994748143997,4190
brightness_s2,r18_seed0,frozen_thresholds,Wavy_Hair,0.7632251568430021,0.8897481874966837,7267
brightness_s2,r18_seed0,frozen_thresholds,Sideburns,0.7601351351351351,0.8577583307915956,926
brightness_s2,r18_seed0,fixed_0_5,Smiling,0.928921813995395,0.9844811070642724,9987
brightness_s2,r18_seed0,fixed_0_5,Mouth_Slightly_Open,0.9335477512061006,0.9865820357816042,9883
brightness_s2,r18_seed0,fixed_0_5,Eyeglasses,0.9716535433070866,0.9904863963410593,1289
brightness_s2,r18_seed0,fixed_0_5,Bangs,0.8720756595321055,0.9503918910839426,3109
brightness_s2,r18_seed0,fixed_0_5,Wearing_Hat,0.8954128440366973,0.9557294619636286,839
brightness_s2,r18_seed0,fixed_0_5,Mustache,0.35209825997952915,0.6734570397707876,772
brightness_s2,r18_seed0,fixed_0_5,No_Beard,0.9718112354405747,0.9978090337654348,17041
brightness_s2,r18_seed0,fixed_0_5,Black_Hair,0.7408281484659944,0.8897163469884493,5422
brightness_s2,r18_seed0,fixed_0_5,Bushy_Eyebrows,0.5634101138469685,0.7768388919929585,2586
brightness_s2,r18_seed0,fixed_0_5,Arched_Eyebrows,0.6741414141414142,0.8022152596414263,5678
brightness_s2,r18_seed0,fixed_0_5,High_Cheekbones,0.8688065147268785,0.95311699311567,9618
brightness_s2,r18_seed0,fixed_0_5,Bags_Under_Eyes,0.5462622549019608,0.6811724328489005,4045
brightness_s2,r18_seed0,fixed_0_5,Big_Lips,0.29053049082796234,0.6210939643300197,6528
brightness_s2,r18_seed0,fixed_0_5,Big_Nose,0.5312645461598138,0.7009640979939187,4232
brightness_s2,r18_seed0,fixed_0_5,Double_Chin,0.41232227488151657,0.6136019678968033,913
brightness_s2,r18_seed0,fixed_0_5,Oval_Face,0.5812836989437921,0.6259785903150008,5901
brightness_s2,r18_seed0,fixed_0_5,Receding_Hairline,0.48610007942811756,0.6429076474307914,1694
brightness_s2,r18_seed0,fixed_0_5,Blond_Hair,0.819305943358596,0.9076701696342813,2660
brightness_s2,r18_seed0,fixed_0_5,Brown_Hair,0.6878292939936775,0.7314006678339877,3587
brightness_s2,r18_seed0,fixed_0_5,Gray_Hair,0.7136997538966365,0.7935100572949935,636
brightness_s2,r18_seed0,fixed_0_5,Bald,0.7528809218950064,0.8446587532645408,423
brightness_s2,r18_seed0,fixed_0_5,Straight_Hair,0.5959780621572212,0.6755994748143997,4190
brightness_s2,r18_seed0,fixed_0_5,Wavy_Hair,0.7716690680215363,0.8897481874966837,7267
brightness_s2,r18_seed0,fixed_0_5,Sideburns,0.7546728971962616,0.8577583307915956,926
brightness_s2,r50_seed0,frozen_thresholds,Smiling,0.9277465508431272,0.9844923015894917,9987
brightness_s2,r50_seed0,frozen_thresholds,Mouth_Slightly_Open,0.9385663780294102,0.9873871416497253,9883
brightness_s2,r50_seed0,frozen_thresholds,Eyeglasses,0.9749804534792806,0.990948290900929,1289
brightness_s2,r50_seed0,frozen_thresholds,Bangs,0.8639216286545232,0.946182903244764,3109
brightness_s2,r50_seed0,frozen_thresholds,Wearing_Hat,0.8874329958308517,0.9488287454373402,839
brightness_s2,r50_seed0,frozen_thresholds,Mustache,0.6231974921630095,0.6812380534552971,772
brightness_s2,r50_seed0,frozen_thresholds,No_Beard,0.9755295204016853,0.9975135830833308,17041
brightness_s2,r50_seed0,frozen_thresholds,Black_Hair,0.7715042804728903,0.8921257592471907,5422
brightness_s2,r50_seed0,frozen_thresholds,Bushy_Eyebrows,0.6882226980728051,0.7839951738476494,2586
brightness_s2,r50_seed0,frozen_thresholds,Arched_Eyebrows,0.7330138627417423,0.8104358776523983,5678
brightness_s2,r50_seed0,frozen_thresholds,High_Cheekbones,0.855612586476233,0.9512700367446625,9618
brightness_s2,r50_seed0,frozen_thresholds,Bags_Under_Eyes,0.6489156109083101,0.6732014651627245,4045
brightness_s2,r50_seed0,frozen_thresholds,Big_Lips,0.5347740331017923,0.6223144830934288,6528
brightness_s2,r50_seed0,frozen_thresholds,Big_Nose,0.6287862513426423,0.705261662476176,4232
brightness_s2,r50_seed0,frozen_thresholds,Double_Chin,0.5578158458244111,0.6015736523563591,913
brightness_s2,r50_seed0,frozen_thresholds,Oval_Face,0.5815119568012342,0.6227660989957561,5901
brightness_s2,r50_seed0,frozen_thresholds,Receding_Hairline,0.617508813160987,0.636509119184297,1694
brightness_s2,r50_seed0,frozen_thresholds,Blond_Hair,0.8134704577535794,0.908905528763132,2660
brightness_s2,r50_seed0,frozen_thresholds,Brown_Hair,0.6602081830361743,0.7433253476339886,3587
brightness_s2,r50_seed0,frozen_thresholds,Gray_Hair,0.7257575757575757,0.8034535589901072,636
brightness_s2,r50_seed0,frozen_thresholds,Bald,0.7721518987341772,0.8397985555920857,423
brightness_s2,r50_seed0,frozen_thresholds,Straight_Hair,0.6413607135449076,0.6728386498069219,4190
brightness_s2,r50_seed0,frozen_thresholds,Wavy_Hair,0.7228517078818957,0.8902749539532733,7267
brightness_s2,r50_seed0,frozen_thresholds,Sideburns,0.7654455986878076,0.8552917351913684,926
brightness_s2,r50_seed0,fixed_0_5,Smiling,0.9285570131180626,0.9844923015894917,9987
brightness_s2,r50_seed0,fixed_0_5,Mouth_Slightly_Open,0.9333402933653495,0.9873871416497253,9883
brightness_s2,r50_seed0,fixed_0_5,Eyeglasses,0.9762368523568368,0.990948290900929,1289
brightness_s2,r50_seed0,fixed_0_5,Bangs,0.8689029330740561,0.946182903244764,3109
brightness_s2,r50_seed0,fixed_0_5,Wearing_Hat,0.8854229154169166,0.9488287454373402,839
brightness_s2,r50_seed0,fixed_0_5,Mustache,0.48312611012433393,0.6812380534552971,772
brightness_s2,r50_seed0,fixed_0_5,No_Beard,0.9728814532097455,0.9975135830833308,17041
brightness_s2,r50_seed0,fixed_0_5,Black_Hair,0.7419738406658739,0.8921257592471907,5422
brightness_s2,r50_seed0,fixed_0_5,Bushy_Eyebrows,0.5879007238883144,0.7839951738476494,2586
brightness_s2,r50_seed0,fixed_0_5,Arched_Eyebrows,0.7221264628504037,0.8104358776523983,5678
brightness_s2,r50_seed0,fixed_0_5,High_Cheekbones,0.8572219760744351,0.9512700367446625,9618
brightness_s2,r50_seed0,fixed_0_5,Bags_Under_Eyes,0.5706752599970705,0.6732014651627245,4045
brightness_s2,r50_seed0,fixed_0_5,Big_Lips,0.3327790973871734,0.6223144830934288,6528
brightness_s2,r50_seed0,fixed_0_5,Big_Nose,0.514790996784566,0.705261662476176,4232
brightness_s2,r50_seed0,fixed_0_5,Double_Chin,0.4505988023952096,0.6015736523563591,913
brightness_s2,r50_seed0,fixed_0_5,Oval_Face,0.5564044943820224,0.6227660989957561,5901
brightness_s2,r50_seed0,fixed_0_5,Receding_Hairline,0.5013518733101584,0.636509119184297,1694
brightness_s2,r50_seed0,fixed_0_5,Blond_Hair,0.816440542697526,0.908905528763132,2660
brightness_s2,r50_seed0,fixed_0_5,Brown_Hair,0.6911322972443515,0.7433253476339886,3587
brightness_s2,r50_seed0,fixed_0_5,Gray_Hair,0.7181528662420382,0.8034535589901072,636
brightness_s2,r50_seed0,fixed_0_5,Bald,0.7631901840490798,0.8397985555920857,423
brightness_s2,r50_seed0,fixed_0_5,Straight_Hair,0.6054508405501783,0.6728386498069219,4190
brightness_s2,r50_seed0,fixed_0_5,Wavy_Hair,0.752370417193426,0.8902749539532733,7267
brightness_s2,r50_seed0,fixed_0_5,Sideburns,0.7559145989613387,0.8552917351913684,926
brightness_s2,m3_seed0,frozen_thresholds,Smiling,0.9296277409484957,0.9847064878972935,9987
brightness_s2,m3_seed0,frozen_thresholds,Mouth_Slightly_Open,0.9384781158602289,0.9868708107553187,9883
brightness_s2,m3_seed0,frozen_thresholds,Eyeglasses,0.9713613181639859,0.9917280820402116,1289
brightness_s2,m3_seed0,frozen_thresholds,Bangs,0.8732899022801303,0.9500116144706574,3109
brightness_s2,m3_seed0,frozen_thresholds,Wearing_Hat,0.8940901111761264,0.9576918233004673,839
brightness_s2,m3_seed0,frozen_thresholds,Mustache,0.5997757847533632,0.6545511392863295,772
brightness_s2,m3_seed0,frozen_thresholds,No_Beard,0.9761072429434028,0.9978185071401564,17041
brightness_s2,m3_seed0,frozen_thresholds,Black_Hair,0.7790533736153071,0.886400788298448,5422
brightness_s2,m3_seed0,frozen_thresholds,Bushy_Eyebrows,0.6996182439220414,0.7849389767677416,2586
brightness_s2,m3_seed0,frozen_thresholds,Arched_Eyebrows,0.7360778558739476,0.8070715362627795,5678
brightness_s2,m3_seed0,frozen_thresholds,High_Cheekbones,0.8682937204232467,0.9531621557915755,9618
brightness_s2,m3_seed0,frozen_thresholds,Bags_Under_Eyes,0.6576819407008087,0.6855298365105533,4045
brightness_s2,m3_seed0,frozen_thresholds,Big_Lips,0.5383387923070463,0.6174677677083771,6528
brightness_s2,m3_seed0,frozen_thresholds,Big_Nose,0.6257208765859285,0.6998307420016922,4232
brightness_s2,m3_seed0,frozen_thresholds,Double_Chin,0.5908835115362971,0.6249805494130692,913
brightness_s2,m3_seed0,frozen_thresholds,Oval_Face,0.5822661469933185,0.6305839063203356,5901
brightness_s2,m3_seed0,frozen_thresholds,Receding_Hairline,0.6195524146054181,0.6565368270532664,1694
brightness_s2,m3_seed0,frozen_thresholds,Blond_Hair,0.7995841995841996,0.906744990715461,2660
brightness_s2,m3_seed0,frozen_thresholds,Brown_Hair,0.6587637595258256,0.7317750162943785,3587
brightness_s2,m3_seed0,frozen_thresholds,Gray_Hair,0.7249190938511327,0.7840740522591056,636
brightness_s2,m3_seed0,frozen_thresholds,Bald,0.7656415694591728,0.8293056318367518,423
brightness_s2,m3_seed0,frozen_thresholds,Straight_Hair,0.6206763285024155,0.6583520906998281,4190
brightness_s2,m3_seed0,frozen_thresholds,Wavy_Hair,0.7371930395186209,0.8904395499466964,7267
brightness_s2,m3_seed0,frozen_thresholds,Sideburns,0.761169332597904,0.8600795730155537,926
brightness_s2,m3_seed0,fixed_0_5,Smiling,0.929151555396639,0.9847064878972935,9987
brightness_s2,m3_seed0,fixed_0_5,Mouth_Slightly_Open,0.9383092155369384,0.9868708107553187,9883
brightness_s2,m3_seed0,fixed_0_5,Eyeglasses,0.9709576138147566,0.9917280820402116,1289
brightness_s2,m3_seed0,fixed_0_5,Bangs,0.8716586418728208,0.9500116144706574,3109
brightness_s2,m3_seed0,fixed_0_5,Wearing_Hat,0.8932714617169374,0.9576918233004673,839
brightness_s2,m3_seed0,fixed_0_5,Mustache,0.5336463223787168,0.6545511392863295,772
brightness_s2,m3_seed0,fixed_0_5,No_Beard,0.977196804647785,0.9978185071401564,17041
brightness_s2,m3_seed0,fixed_0_5,Black_Hair,0.7602875299510365,0.886400788298448,5422
brightness_s2,m3_seed0,fixed_0_5,Bushy_Eyebrows,0.6592074592074592,0.7849389767677416,2586
brightness_s2,m3_seed0,fixed_0_5,Arched_Eyebrows,0.7287220365132425,0.8070715362627795,5678
brightness_s2,m3_seed0,fixed_0_5,High_Cheekbones,0.8649537062400702,0.9531621557915755,9618
brightness_s2,m3_seed0,fixed_0_5,Bags_Under_Eyes,0.655,0.6855298365105533,4045
brightness_s2,m3_seed0,fixed_0_5,Big_Lips,0.4092027822364901,0.6174677677083771,6528
brightness_s2,m3_seed0,fixed_0_5,Big_Nose,0.6231144116964493,0.6998307420016922,4232
brightness_s2,m3_seed0,fixed_0_5,Double_Chin,0.49307075127644057,0.6249805494130692,913
brightness_s2,m3_seed0,fixed_0_5,Oval_Face,0.5349317087550358,0.6305839063203356,5901
brightness_s2,m3_seed0,fixed_0_5,Receding_Hairline,0.5953851153721157,0.6565368270532664,1694
brightness_s2,m3_seed0,fixed_0_5,Blond_Hair,0.7887024846039499,0.906744990715461,2660
brightness_s2,m3_seed0,fixed_0_5,Brown_Hair,0.6671549956050395,0.7317750162943785,3587
brightness_s2,m3_seed0,fixed_0_5,Gray_Hair,0.72,0.7840740522591056,636
brightness_s2,m3_seed0,fixed_0_5,Bald,0.7692307692307693,0.8293056318367518,423
brightness_s2,m3_seed0,fixed_0_5,Straight_Hair,0.5940949935815147,0.6583520906998281,4190
brightness_s2,m3_seed0,fixed_0_5,Wavy_Hair,0.7189063021007003,0.8904395499466964,7267
brightness_s2,m3_seed0,fixed_0_5,Sideburns,0.7483794932233353,0.8600795730155537,926
brightness_s2,oracle_seed0,frozen_thresholds,Smiling,0.9236389832252753,0.9835635476805609,9987
brightness_s2,oracle_seed0,frozen_thresholds,Mouth_Slightly_Open,0.931833567671718,0.986129661209748,9883
brightness_s2,oracle_seed0,frozen_thresholds,Eyeglasses,0.9753617520531873,0.9906757703865353,1289
brightness_s2,oracle_seed0,frozen_thresholds,Bangs,0.8798569338318972,0.9505063619411277,3109
brightness_s2,oracle_seed0,frozen_thresholds,Wearing_Hat,0.8927335640138409,0.9575141000802824,839
brightness_s2,oracle_seed0,frozen_thresholds,Mustache,0.5676795580110497,0.659077559038869,772
brightness_s2,oracle_seed0,frozen_thresholds,No_Beard,0.9745116171540862,0.9978908641281576,17041
brightness_s2,oracle_seed0,frozen_thresholds,Black_Hair,0.803347280334728,0.8933460773619406,5422
brightness_s2,oracle_seed0,frozen_thresholds,Bushy_Eyebrows,0.6802074330164217,0.7828237429140383,2586
brightness_s2,oracle_seed0,frozen_thresholds,Arched_Eyebrows,0.731897575038155,0.8049634334680265,5678
brightness_s2,oracle_seed0,frozen_thresholds,High_Cheekbones,0.866252851610165,0.9507734146940732,9618
brightness_s2,oracle_seed0,frozen_thresholds,Bags_Under_Eyes,0.6584147172382466,0.685511359170494,4045
brightness_s2,oracle_seed0,frozen_thresholds,Big_Lips,0.428286643584094,0.6296127677243989,6528
brightness_s2,oracle_seed0,frozen_thresholds,Big_Nose,0.6269606230119557,0.7060915954483489,4232
brightness_s2,oracle_seed0,frozen_thresholds,Double_Chin,0.5590452261306532,0.6226416566090219,913
brightness_s2,oracle_seed0,frozen_thresholds,Oval_Face,0.5629979669212594,0.6278996356041158,5901
brightness_s2,oracle_seed0,frozen_thresholds,Receding_Hairline,0.6200793408605432,0.6605893604979457,1694
brightness_s2,oracle_seed0,frozen_thresholds,Blond_Hair,0.8317298252503436,0.9132438449432658,2660
brightness_s2,oracle_seed0,frozen_thresholds,Brown_Hair,0.6583998274746603,0.7291672713870037,3587
brightness_s2,oracle_seed0,frozen_thresholds,Gray_Hair,0.7259136212624585,0.788484258741715,636
brightness_s2,oracle_seed0,frozen_thresholds,Bald,0.7563959955506118,0.8250636618988346,423
brightness_s2,oracle_seed0,frozen_thresholds,Straight_Hair,0.6337108013937283,0.6781458317254202,4190
brightness_s2,oracle_seed0,frozen_thresholds,Wavy_Hair,0.7458196655732459,0.891350233794711,7267
brightness_s2,oracle_seed0,frozen_thresholds,Sideburns,0.7631578947368421,0.8585491903543648,926
brightness_s2,oracle_seed0,fixed_0_5,Smiling,0.924643584521385,0.9835635476805609,9987
brightness_s2,oracle_seed0,fixed_0_5,Mouth_Slightly_Open,0.9361983807729518,0.986129661209748,9883
brightness_s2,oracle_seed0,fixed_0_5,Eyeglasses,0.9716535433070866,0.9906757703865353,1289
brightness_s2,oracle_seed0,fixed_0_5,Bangs,0.8560096568373857,0.9505063619411277,3109
brightness_s2,oracle_seed0,fixed_0_5,Wearing_Hat,0.8891509433962265,0.9575141000802824,839
brightness_s2,oracle_seed0,fixed_0_5,Mustache,0.5062866722548198,0.659077559038869,772
brightness_s2,oracle_seed0,fixed_0_5,No_Beard,0.9758246854890139,0.9978908641281576,17041
brightness_s2,oracle_seed0,fixed_0_5,Black_Hair,0.7989596377998266,0.8933460773619406,5422
brightness_s2,oracle_seed0,fixed_0_5,Bushy_Eyebrows,0.6595299045845939,0.7828237429140383,2586
brightness_s2,oracle_seed0,fixed_0_5,Arched_Eyebrows,0.6808595304417031,0.8049634334680265,5678
brightness_s2,oracle_seed0,fixed_0_5,High_Cheekbones,0.8659048018452505,0.9507734146940732,9618
brightness_s2,oracle_seed0,fixed_0_5,Bags_Under_Eyes,0.5604478741110607,0.685511359170494,4045
brightness_s2,oracle_seed0,fixed_0_5,Big_Lips,0.4643531868350403,0.6296127677243989,6528
brightness_s2,oracle_seed0,fixed_0_5,Big_Nose,0.5794683257918553,0.7060915954483489,4232
brightness_s2,oracle_seed0,fixed_0_5,Double_Chin,0.4713855421686747,0.6226416566090219,913
brightness_s2,oracle_seed0,fixed_0_5,Oval_Face,0.5425635059142913,0.6278996356041158,5901
brightness_s2,oracle_seed0,fixed_0_5,Receding_Hairline,0.5735953119613926,0.6605893604979457,1694
brightness_s2,oracle_seed0,fixed_0_5,Blond_Hair,0.8012591815320041,0.9132438449432658,2660
brightness_s2,oracle_seed0,fixed_0_5,Brown_Hair,0.6771653543307087,0.7291672713870037,3587
brightness_s2,oracle_seed0,fixed_0_5,Gray_Hair,0.6629107981220658,0.788484258741715,636
brightness_s2,oracle_seed0,fixed_0_5,Bald,0.7567567567567568,0.8250636618988346,423
brightness_s2,oracle_seed0,fixed_0_5,Straight_Hair,0.5295464956481906,0.6781458317254202,4190
brightness_s2,oracle_seed0,fixed_0_5,Wavy_Hair,0.7832106038291605,0.891350233794711,7267
brightness_s2,oracle_seed0,fixed_0_5,Sideburns,0.762063227953411,0.8585491903543648,926
brightness_s3,r18_seed0,frozen_thresholds,Smiling,0.9259164053262043,0.98363820282069,9987
brightness_s3,r18_seed0,frozen_thresholds,Mouth_Slightly_Open,0.9290092733273956,0.9857981127997387,9883
brightness_s3,r18_seed0,frozen_thresholds,Eyeglasses,0.9726348709929633,0.9897907678416856,1289
brightness_s3,r18_seed0,frozen_thresholds,Bangs,0.8660105980317941,0.9478177204410833,3109
brightness_s3,r18_seed0,frozen_thresholds,Wearing_Hat,0.8847712796757383,0.9520555975561421,839
brightness_s3,r18_seed0,frozen_thresholds,Mustache,0.5778087927424983,0.6575875804607674,772
brightness_s3,r18_seed0,frozen_thresholds,No_Beard,0.9677915420760359,0.9973649896161398,17041
brightness_s3,r18_seed0,frozen_thresholds,Black_Hair,0.7443135662063363,0.8649838946267769,5422
brightness_s3,r18_seed0,frozen_thresholds,Bushy_Eyebrows,0.5893719806763285,0.7610322235703513,2586
brightness_s3,r18_seed0,frozen_thresholds,Arched_Eyebrows,0.701783723522854,0.7965728408004669,5678
brightness_s3,r18_seed0,frozen_thresholds,High_Cheekbones,0.8556770020075842,0.9503628665030459,9618
brightness_s3,r18_seed0,frozen_thresholds,Bags_Under_Eyes,0.635972255441282,0.6760651464763416,4045
brightness_s3,r18_seed0,frozen_thresholds,Big_Lips,0.4534242454627494,0.6180483863059076,6528
brightness_s3,r18_seed0,frozen_thresholds,Big_Nose,0.6182813355227148,0.6956829748740418,4232
brightness_s3,r18_seed0,frozen_thresholds,Double_Chin,0.5412070084360805,0.6026238848411217,913
brightness_s3,r18_seed0,frozen_thresholds,Oval_Face,0.5581840711952236,0.6171856024987634,5901
brightness_s3,r18_seed0,frozen_thresholds,Receding_Hairline,0.5518951470067305,0.633458390117663,1694
brightness_s3,r18_seed0,frozen_thresholds,Blond_Hair,0.7128987517337032,0.89470145662288,2660
brightness_s3,r18_seed0,frozen_thresholds,Brown_Hair,0.6383079286305092,0.657613239108499,3587
brightness_s3,r18_seed0,frozen_thresholds,Gray_Hair,0.647834274952919,0.7727192122998486,636
brightness_s3,r18_seed0,frozen_thresholds,Bald,0.7677946324387398,0.8388650163610762,423
brightness_s3,r18_seed0,frozen_thresholds,Straight_Hair,0.6168028004667444,0.6608407481799019,4190
brightness_s3,r18_seed0,frozen_thresholds,Wavy_Hair,0.724559686888454,0.8801882550644453,7267
brightness_s3,r18_seed0,frozen_thresholds,Sideburns,0.7123115577889447,0.8494657380623292,926
brightness_s3,r18_seed0,fixed_0_5,Smiling,0.9264779433830149,0.98363820282069,9987
brightness_s3,r18_seed0,fixed_0_5,Mouth_Slightly_Open,0.9257987853181938,0.9857981127997387,9883
brightness_s3,r18_seed0,fixed_0_5,Eyeglasses,0.9684542586750788,0.9897907678416856,1289
brightness_s3,r18_seed0,fixed_0_5,Bangs,0.870692484410896,0.9478177204410833,3109
brightness_s3,r18_seed0,fixed_0_5,Wearing_Hat,0.8899696048632219,0.9520555975561421,839
brightness_s3,r18_seed0,fixed_0_5,Mustache,0.26019845644983464,0.6575875804607674,772
brightness_s3,r18_seed0,fixed_0_5,No_Beard,0.9638779499674194,0.9973649896161398,17041
brightness_s3,r18_seed0,fixed_0_5,Black_Hair,0.6961056252080329,0.8649838946267769,5422
brightness_s3,r18_seed0,fixed_0_5,Bushy_Eyebrows,0.42409782284521325,0.7610322235703513,2586
brightness_s3,r18_seed0,fixed_0_5,Arched_Eyebrows,0.6199060417349503,0.7965728408004669,5678
brightness_s3,r18_seed0,fixed_0_5,High_Cheekbones,0.8628366637706343,0.9503628665030459,9618
brightness_s3,r18_seed0,fixed_0_5,Bags_Under_Eyes,0.482700705408129,0.6760651464763416,4045
brightness_s3,r18_seed0,fixed_0_5,Big_Lips,0.24523655217109527,0.6180483863059076,6528
brightness_s3,r18_seed0,fixed_0_5,Big_Nose,0.481592039800995,0.6956829748740418,4232
brightness_s3,r18_seed0,fixed_0_5,Double_Chin,0.3179039301310044,0.6026238848411217,913
brightness_s3,r18_seed0,fixed_0_5,Oval_Face,0.5751175263192743,0.6171856024987634,5901
brightness_s3,r18_seed0,fixed_0_5,Receding_Hairline,0.38689685701637894,0.633458390117663,1694
brightness_s3,r18_seed0,fixed_0_5,Blond_Hair,0.7306473517428701,0.89470145662288,2660
brightness_s3,r18_seed0,fixed_0_5,Brown_Hair,0.5665639695151613,0.657613239108499,3587
brightness_s3,r18_seed0,fixed_0_5,Gray_Hair,0.6516431924882629,0.7727192122998486,636
brightness_s3,r18_seed0,fixed_0_5,Bald,0.702928870292887,0.8388650163610762,423
brightness_s3,r18_seed0,fixed_0_5,Straight_Hair,0.5734474792770757,0.6608407481799019,4190
brightness_s3,r18_seed0,fixed_0_5,Wavy_Hair,0.7384419511418795,0.8801882550644453,7267
brightness_s3,r18_seed0,fixed_0_5,Sideburns,0.6845901639344262,0.8494657380623292,926
brightness_s3,r50_seed0,frozen_thresholds,Smiling,0.9219924324884673,0.9836044761756948,9987
brightness_s3,r50_seed0,frozen_thresholds,Mouth_Slightly_Open,0.9354821993055915,0.9870610943899825,9883
brightness_s3,r50_seed0,frozen_thresholds,Eyeglasses,0.9717425431711146,0.9902288866399387,1289
brightness_s3,r50_seed0,frozen_thresholds,Bangs,0.8611657834973505,0.9438763021931005,3109
brightness_s3,r50_seed0,frozen_thresholds,Wearing_Hat,0.8850913376546847,0.9452957556262507,839
brightness_s3,r50_seed0,frozen_thresholds,Mustache,0.5932885906040268,0.6650290085693368,772
brightness_s3,r50_seed0,frozen_thresholds,No_Beard,0.971557872425744,0.9970766609282007,17041
brightness_s3,r50_seed0,frozen_thresholds,Black_Hair,0.7386207624881191,0.8764357434520433,5422
brightness_s3,r50_seed0,frozen_thresholds,Bushy_Eyebrows,0.6526806526806527,0.7743972322855331,2586
brightness_s3,r50_seed0,frozen_thresholds,Arched_Eyebrows,0.7243578387953942,0.805818981964032,5678
brightness_s3,r50_seed0,frozen_thresholds,High_Cheekbones,0.8187341473485519,0.9464846140915761,9618
brightness_s3,r50_seed0,frozen_thresholds,Bags_Under_Eyes,0.6448907525932466,0.6654427604624571,4045
brightness_s3,r50_seed0,frozen_thresholds,Big_Lips,0.546236559139785,0.6180254021047031,6528
brightness_s3,r50_seed0,frozen_thresholds,Big_Nose,0.6193663543061133,0.6983902583217553,4232
brightness_s3,r50_seed0,frozen_thresholds,Double_Chin,0.5548677546426561,0.5918198339951486,913
brightness_s3,r50_seed0,frozen_thresholds,Oval_Face,0.5761289899718162,0.6065666660218989,5901
brightness_s3,r50_seed0,frozen_thresholds,Receding_Hairline,0.5939054726368159,0.6290458661739247,1694
brightness_s3,r50_seed0,frozen_thresholds,Blond_Hair,0.7345651194231636,0.8934514469328821,2660
brightness_s3,r50_seed0,frozen_thresholds,Brown_Hair,0.6546525323910483,0.6873876243813012,3587
brightness_s3,r50_seed0,frozen_thresholds,Gray_Hair,0.6930041152263374,0.7862286008735632,636
brightness_s3,r50_seed0,frozen_thresholds,Bald,0.7670103092783506,0.8273552329594016,423
brightness_s3,r50_seed0,frozen_thresholds,Straight_Hair,0.634823776959495,0.6610372690581805,4190
brightness_s3,r50_seed0,frozen_thresholds,Wavy_Hair,0.6704136295775884,0.8847384190178625,7267
brightness_s3,r50_seed0,frozen_thresholds,Sideburns,0.7337701012507445,0.8465814167243497,926
brightness_s3,r50_seed0,fixed_0_5,Smiling,0.9238552739165985,0.9836044761756948,9987
brightness_s3,r50_seed0,fixed_0_5,Mouth_Slightly_Open,0.9262568060474705,0.9870610943899825,9883
brightness_s3,r50_seed0,fixed_0_5,Eyeglasses,0.9717868338557993,0.9902288866399387,1289
brightness_s3,r50_seed0,fixed_0_5,Bangs,0.8631748589846898,0.9438763021931005,3109
brightness_s3,r50_seed0,fixed_0_5,Wearing_Hat,0.8824228028503563,0.9452957556262507,839
brightness_s3,r50_seed0,fixed_0_5,Mustache,0.43843283582089554,0.6650290085693368,772
brightness_s3,r50_seed0,fixed_0_5,No_Beard,0.9679680820746651,0.9970766609282007,17041
brightness_s3,r50_seed0,fixed_0_5,Black_Hair,0.6954848930632568,0.8764357434520433,5422
brightness_s3,r50_seed0,fixed_0_5,Bushy_Eyebrows,0.5130919220055711,0.7743972322855331,2586
brightness_s3,r50_seed0,fixed_0_5,Arched_Eyebrows,0.7054716981132075,0.805818981964032,5678
brightness_s3,r50_seed0,fixed_0_5,High_Cheekbones,0.825619448340346,0.9464846140915761,9618
brightness_s3,r50_seed0,fixed_0_5,Bags_Under_Eyes,0.5474098757952136,0.6654427604624571,4045
brightness_s3,r50_seed0,fixed_0_5,Big_Lips,0.33526421562832487,0.6180254021047031,6528
brightness_s3,r50_seed0,fixed_0_5,Big_Nose,0.4877805486284289,0.6983902583217553,4232
brightness_s3,r50_seed0,fixed_0_5,Double_Chin,0.4281298299845441,0.5918198339951486,913
brightness_s3,r50_seed0,fixed_0_5,Oval_Face,0.5321083538548967,0.6065666660218989,5901
brightness_s3,r50_seed0,fixed_0_5,Receding_Hairline,0.43833333333333335,0.6290458661739247,1694
brightness_s3,r50_seed0,fixed_0_5,Blond_Hair,0.7452115812917595,0.8934514469328821,2660
brightness_s3,r50_seed0,fixed_0_5,Brown_Hair,0.6021711366538953,0.6873876243813012,3587
brightness_s3,r50_seed0,fixed_0_5,Gray_Hair,0.6824978012313104,0.7862286008735632,636
brightness_s3,r50_seed0,fixed_0_5,Bald,0.7673860911270983,0.8273552329594016,423
brightness_s3,r50_seed0,fixed_0_5,Straight_Hair,0.5894627021387585,0.6610372690581805,4190
brightness_s3,r50_seed0,fixed_0_5,Wavy_Hair,0.7079170514650324,0.8847384190178625,7267
brightness_s3,r50_seed0,fixed_0_5,Sideburns,0.7157232704402515,0.8465814167243497,926
brightness_s3,m3_seed0,frozen_thresholds,Smiling,0.9267691042705175,0.9841014397162782,9987
brightness_s3,m3_seed0,frozen_thresholds,Mouth_Slightly_Open,0.9338577786978574,0.9860115185230189,9883
brightness_s3,m3_seed0,frozen_thresholds,Eyeglasses,0.9664694280078896,0.9913357219484774,1289
brightness_s3,m3_seed0,frozen_thresholds,Bangs,0.8675859777371656,0.9470364488385005,3109
brightness_s3,m3_seed0,frozen_thresholds,Wearing_Hat,0.8954703832752613,0.9538657702480421,839
brightness_s3,m3_seed0,frozen_thresholds,Mustache,0.5856481481481481,0.6412093401287916,772
brightness_s3,m3_seed0,frozen_thresholds,No_Beard,0.971513727288359,0.9975276274179643,17041
brightness_s3,m3_seed0,frozen_thresholds,Black_Hair,0.7226872946911095,0.8585910689151699,5422
brightness_s3,m3_seed0,frozen_thresholds,Bushy_Eyebrows,0.6757171009415371,0.7756008675322811,2586
brightness_s3,m3_seed0,frozen_thresholds,Arched_Eyebrows,0.7298912210816608,0.8008099411193648,5678
brightness_s3,m3_seed0,frozen_thresholds,High_Cheekbones,0.8637866551032576,0.9514152584333684,9618
brightness_s3,m3_seed0,frozen_thresholds,Bags_Under_Eyes,0.6495661294936588,0.6775236172275702,4045
brightness_s3,m3_seed0,frozen_thresholds,Big_Lips,0.5502594810379241,0.6130958195635252,6528
brightness_s3,m3_seed0,frozen_thresholds,Big_Nose,0.6196183718477323,0.6948535203090429,4232
brightness_s3,m3_seed0,frozen_thresholds,Double_Chin,0.572992700729927,0.6202071338789501,913
brightness_s3,m3_seed0,frozen_thresholds,Oval_Face,0.580930299956528,0.6211260546128086,5901
brightness_s3,m3_seed0,frozen_thresholds,Receding_Hairline,0.5939897698209718,0.6465332503866145,1694
brightness_s3,m3_seed0,frozen_thresholds,Blond_Hair,0.6822854410710016,0.8918502543148543,2660
brightness_s3,m3_seed0,frozen_thresholds,Brown_Hair,0.6344665885111371,0.6571663445088043,3587
brightness_s3,m3_seed0,frozen_thresholds,Gray_Hair,0.6346516007532956,0.7600006066524286,636
brightness_s3,m3_seed0,frozen_thresholds,Bald,0.7580993520518359,0.8209033647594165,423
brightness_s3,m3_seed0,frozen_thresholds,Straight_Hair,0.5988057473409218,0.6273748648446209,4190
brightness_s3,m3_seed0,frozen_thresholds,Wavy_Hair,0.6611116035812428,0.8809185187402566,7267
brightness_s3,m3_seed0,frozen_thresholds,Sideburns,0.7293689320388349,0.8476466944836157,926
brightness_s3,m3_seed0,fixed_0_5,Smiling,0.9261357783043165,0.9841014397162782,9987
brightness_s3,m3_seed0,fixed_0_5,Mouth_Slightly_Open,0.9354558018119465,0.9860115185230189,9883
brightness_s3,m3_seed0,fixed_0_5,Eyeglasses,0.9672066376926116,0.9913357219484774,1289
brightness_s3,m3_seed0,fixed_0_5,Bangs,0.8650202976995941,0.9470364488385005,3109
brightness_s3,m3_seed0,fixed_0_5,Wearing_Hat,0.8934945308002303,0.9538657702480421,839
brightness_s3,m3_seed0,fixed_0_5,Mustache,0.5076305220883535,0.6412093401287916,772
brightness_s3,m3_seed0,fixed_0_5,No_Beard,0.9741284932296168,0.9975276274179643,17041
brightness_s3,m3_seed0,fixed_0_5,Black_Hair,0.6931969764339706,0.8585910689151699,5422
brightness_s3,m3_seed0,fixed_0_5,Bushy_Eyebrows,0.6002014098690835,0.7756008675322811,2586
brightness_s3,m3_seed0,fixed_0_5,Arched_Eyebrows,0.7261773440814595,0.8008099411193648,5678
brightness_s3,m3_seed0,fixed_0_5,High_Cheekbones,0.8562314623090268,0.9514152584333684,9618
brightness_s3,m3_seed0,fixed_0_5,Bags_Under_Eyes,0.6511516887456738,0.6775236172275702,4045
brightness_s3,m3_seed0,fixed_0_5,Big_Lips,0.42389491242702254,0.6130958195635252,6528
brightness_s3,m3_seed0,fixed_0_5,Big_Nose,0.6176333021515436,0.6948535203090429,4232
brightness_s3,m3_seed0,fixed_0_5,Double_Chin,0.4421875,0.6202071338789501,913
brightness_s3,m3_seed0,fixed_0_5,Oval_Face,0.49273504273504276,0.6211260546128086,5901
brightness_s3,m3_seed0,fixed_0_5,Receding_Hairline,0.550530035335689,0.6465332503866145,1694
brightness_s3,m3_seed0,fixed_0_5,Blond_Hair,0.6567017887772605,0.8918502543148543,2660
brightness_s3,m3_seed0,fixed_0_5,Brown_Hair,0.5140692640692641,0.6571663445088043,3587
brightness_s3,m3_seed0,fixed_0_5,Gray_Hair,0.6666666666666666,0.7600006066524286,636
brightness_s3,m3_seed0,fixed_0_5,Bald,0.7573449401523396,0.8209033647594165,423
brightness_s3,m3_seed0,fixed_0_5,Straight_Hair,0.5781906094923018,0.6273748648446209,4190
brightness_s3,m3_seed0,fixed_0_5,Wavy_Hair,0.6358181818181818,0.8809185187402566,7267
brightness_s3,m3_seed0,fixed_0_5,Sideburns,0.6977346278317152,0.8476466944836157,926
brightness_s3,oracle_seed0,frozen_thresholds,Smiling,0.9205643702516926,0.9826907558809332,9987
brightness_s3,oracle_seed0,frozen_thresholds,Mouth_Slightly_Open,0.9228403245479132,0.9855839719004903,9883
brightness_s3,oracle_seed0,frozen_thresholds,Eyeglasses,0.9696969696969697,0.9898240732456505,1289
brightness_s3,oracle_seed0,frozen_thresholds,Bangs,0.8788077301015395,0.950044547111108,3109
brightness_s3,oracle_seed0,frozen_thresholds,Wearing_Hat,0.8861047835990888,0.95419530801018,839
brightness_s3,oracle_seed0,frozen_thresholds,Mustache,0.5359073359073359,0.6511258978948483,772
brightness_s3,oracle_seed0,frozen_thresholds,No_Beard,0.9710236401193482,0.9975346428239915,17041
brightness_s3,oracle_seed0,frozen_thresholds,Black_Hair,0.7722638969032506,0.8679948708710509,5422
brightness_s3,oracle_seed0,frozen_thresholds,Bushy_Eyebrows,0.5987389659520808,0.7661481963012924,2586
brightness_s3,oracle_seed0,frozen_thresholds,Arched_Eyebrows,0.7175901022054868,0.8002934814626347,5678
brightness_s3,oracle_seed0,frozen_thresholds,High_Cheekbones,0.8581617766250608,0.9465651684980076,9618
brightness_s3,oracle_seed0,frozen_thresholds,Bags_Under_Eyes,0.6416798925650103,0.6788050536931226,4045
brightness_s3,oracle_seed0,frozen_thresholds,Big_Lips,0.3766452919338508,0.6257408300246912,6528
brightness_s3,oracle_seed0,frozen_thresholds,Big_Nose,0.6219555241793152,0.6995910756000524,4232
brightness_s3,oracle_seed0,frozen_thresholds,Double_Chin,0.5189873417721519,0.6194716219450968,913
brightness_s3,oracle_seed0,frozen_thresholds,Oval_Face,0.5413134511285875,0.6083018207672003,5901
brightness_s3,oracle_seed0,frozen_thresholds,Receding_Hairline,0.5793890567304465,0.6484442095013577,1694
brightness_s3,oracle_seed0,frozen_thresholds,Blond_Hair,0.7797988444254227,0.9022740775981528,2660
brightness_s3,oracle_seed0,frozen_thresholds,Brown_Hair,0.6312625250501002,0.647906781004878,3587
brightness_s3,oracle_seed0,frozen_thresholds,Gray_Hair,0.6310772163965681,0.7659378399768865,636
brightness_s3,oracle_seed0,frozen_thresholds,Bald,0.7427240977881258,0.8149489988932885,423
brightness_s3,oracle_seed0,frozen_thresholds,Straight_Hair,0.6228888888888889,0.6627185671017948,4190
brightness_s3,oracle_seed0,frozen_thresholds,Wavy_Hair,0.7006304310785483,0.8862479246139711,7267
brightness_s3,oracle_seed0,frozen_thresholds,Sideburns,0.7313609467455622,0.8484357231574138,926
brightness_s3,oracle_seed0,fixed_0_5,Smiling,0.9225193956717027,0.9826907558809332,9987
brightness_s3,oracle_seed0,fixed_0_5,Mouth_Slightly_Open,0.9338851526125194,0.9855839719004903,9883
brightness_s3,oracle_seed0,fixed_0_5,Eyeglasses,0.9655172413793104,0.9898240732456505,1289
brightness_s3,oracle_seed0,fixed_0_5,Bangs,0.8495451364590623,0.950044547111108,3109
brightness_s3,oracle_seed0,fixed_0_5,Wearing_Hat,0.8818713450292398,0.95419530801018,839
brightness_s3,oracle_seed0,fixed_0_5,Mustache,0.41760299625468167,0.6511258978948483,772
brightness_s3,oracle_seed0,fixed_0_5,No_Beard,0.9725436021412537,0.9975346428239915,17041
brightness_s3,oracle_seed0,fixed_0_5,Black_Hair,0.7673533144586547,0.8679948708710509,5422
brightness_s3,oracle_seed0,fixed_0_5,Bushy_Eyebrows,0.5337672904800651,0.7661481963012924,2586
brightness_s3,oracle_seed0,fixed_0_5,Arched_Eyebrows,0.6418417144069595,0.8002934814626347,5678
brightness_s3,oracle_seed0,fixed_0_5,High_Cheekbones,0.8602564102564103,0.9465651684980076,9618
brightness_s3,oracle_seed0,fixed_0_5,Bags_Under_Eyes,0.48997846612555906,0.6788050536931226,4045
brightness_s3,oracle_seed0,fixed_0_5,Big_Lips,0.410888436394813,0.6257408300246912,6528
brightness_s3,oracle_seed0,fixed_0_5,Big_Nose,0.538473212930642,0.6995910756000524,4232
brightness_s3,oracle_seed0,fixed_0_5,Double_Chin,0.39600665557404324,0.6194716219450968,913
brightness_s3,oracle_seed0,fixed_0_5,Oval_Face,0.5425640077641187,0.6083018207672003,5901
brightness_s3,oracle_seed0,fixed_0_5,Receding_Hairline,0.5103289977046672,0.6484442095013577,1694
brightness_s3,oracle_seed0,fixed_0_5,Blond_Hair,0.7145838163691166,0.9022740775981528,2660
brightness_s3,oracle_seed0,fixed_0_5,Brown_Hair,0.5542049934296978,0.647906781004878,3587
brightness_s3,oracle_seed0,fixed_0_5,Gray_Hair,0.5431034482758621,0.7659378399768865,636
brightness_s3,oracle_seed0,fixed_0_5,Bald,0.7338308457711443,0.8149489988932885,423
brightness_s3,oracle_seed0,fixed_0_5,Straight_Hair,0.4988948531733502,0.6627185671017948,4190
brightness_s3,oracle_seed0,fixed_0_5,Wavy_Hair,0.7546788848334239,0.8862479246139711,7267
brightness_s3,oracle_seed0,fixed_0_5,Sideburns,0.7233273056057866,0.8484357231574138,926
brightness_s4,r18_seed0,frozen_thresholds,Smiling,0.9156162100218773,0.9812241824170206,9987
brightness_s4,r18_seed0,frozen_thresholds,Mouth_Slightly_Open,0.8999726252395291,0.9819761045159441,9883
brightness_s4,r18_seed0,frozen_thresholds,Eyeglasses,0.9553429027113237,0.9875172013654929,1289
brightness_s4,r18_seed0,frozen_thresholds,Bangs,0.8612752721617418,0.9377060670588799,3109
brightness_s4,r18_seed0,frozen_thresholds,Wearing_Hat,0.8693181818181818,0.9370054254486951,839
brightness_s4,r18_seed0,frozen_thresholds,Mustache,0.42342342342342343,0.609173469567439,772
brightness_s4,r18_seed0,frozen_thresholds,No_Beard,0.9529912138340142,0.9950265811535234,17041
brightness_s4,r18_seed0,frozen_thresholds,Black_Hair,0.6502294802006617,0.7786727521026839,5422
brightness_s4,r18_seed0,frozen_thresholds,Bushy_Eyebrows,0.19361554476058293,0.7050583389662652,2586
brightness_s4,r18_seed0,frozen_thresholds,Arched_Eyebrows,0.5604561852670779,0.7806353070681249,5678
brightness_s4,r18_seed0,frozen_thresholds,High_Cheekbones,0.770872332459753,0.9411152621989225,9618
brightness_s4,r18_seed0,frozen_thresholds,Bags_Under_Eyes,0.5107925003938869,0.6486369409953826,4045
brightness_s4,r18_seed0,frozen_thresholds,Big_Lips,0.29319627998042097,0.6005650914967758,6528
brightness_s4,r18_seed0,frozen_thresholds,Big_Nose,0.5888016214846719,0.6672986166401186,4232
brightness_s4,r18_seed0,frozen_thresholds,Double_Chin,0.42121684867394693,0.5768633239137064,913
brightness_s4,r18_seed0,frozen_thresholds,Oval_Face,0.5350732411801115,0.5809697693461369,5901
brightness_s4,r18_seed0,frozen_thresholds,Receding_Hairline,0.351131221719457,0.5959485011945872,1694
brightness_s4,r18_seed0,frozen_thresholds,Blond_Hair,0.27927927927927926,0.8587391040998327,2660
brightness_s4,r18_seed0,frozen_thresholds,Brown_Hair,0.26734423331860363,0.5054934248534229,3587
brightness_s4,r18_seed0,frozen_thresholds,Gray_Hair,0.2891246684350133,0.7155557665186225,636
brightness_s4,r18_seed0,frozen_thresholds,Bald,0.7038043478260869,0.8098623793205023,423
brightness_s4,r18_seed0,frozen_thresholds,Straight_Hair,0.5635109717868338,0.6028101098406575,4190
brightness_s4,r18_seed0,frozen_thresholds,Wavy_Hair,0.5110353130016051,0.8502072097963671,7267
brightness_s4,r18_seed0,frozen_thresholds,Sideburns,0.5039745627980922,0.8084607211105389,926
brightness_s4,r18_seed0,fixed_0_5,Smiling,0.9218123496391339,0.9812241824170206,9987
brightness_s4,r18_seed0,fixed_0_5,Mouth_Slightly_Open,0.8931512906970317,0.9819761045159441,9883
brightness_s4,r18_seed0,fixed_0_5,Eyeglasses,0.9396903015484923,0.9875172013654929,1289
brightness_s4,r18_seed0,fixed_0_5,Bangs,0.8390006939625261,0.9377060670588799,3109
brightness_s4,r18_seed0,fixed_0_5,Wearing_Hat,0.8688725490196079,0.9370054254486951,839
brightness_s4,r18_seed0,fixed_0_5,Mustache,0.093711467324291,0.609173469567439,772
brightness_s4,r18_seed0,fixed_0_5,No_Beard,0.9483411266978401,0.9950265811535234,17041
brightness_s4,r18_seed0,fixed_0_5,Black_Hair,0.5450272142503712,0.7786727521026839,5422
brightness_s4,r18_seed0,fixed_0_5,Bushy_Eyebrows,0.07792207792207792,0.7050583389662652,2586
brightness_s4,r18_seed0,fixed_0_5,Arched_Eyebrows,0.40076492282475074,0.7806353070681249,5678
brightness_s4,r18_seed0,fixed_0_5,High_Cheekbones,0.7993496326628929,0.9411152621989225,9618
brightness_s4,r18_seed0,fixed_0_5,Bags_Under_Eyes,0.2267777065983344,0.6486369409953826,4045
brightness_s4,r18_seed0,fixed_0_5,Big_Lips,0.1054603083129232,0.6005650914967758,6528
brightness_s4,r18_seed0,fixed_0_5,Big_Nose,0.3490868009791,0.6672986166401186,4232
brightness_s4,r18_seed0,fixed_0_5,Double_Chin,0.1462925851703407,0.5768633239137064,913
brightness_s4,r18_seed0,fixed_0_5,Oval_Face,0.557144633752021,0.5809697693461369,5901
brightness_s4,r18_seed0,fixed_0_5,Receding_Hairline,0.14639397201291712,0.5959485011945872,1694
brightness_s4,r18_seed0,fixed_0_5,Blond_Hair,0.3083728278041074,0.8587391040998327,2660
brightness_s4,r18_seed0,fixed_0_5,Brown_Hair,0.05056481979558903,0.5054934248534229,3587
brightness_s4,r18_seed0,fixed_0_5,Gray_Hair,0.2955145118733509,0.7155557665186225,636
brightness_s4,r18_seed0,fixed_0_5,Bald,0.47038327526132406,0.8098623793205023,423
brightness_s4,r18_seed0,fixed_0_5,Straight_Hair,0.47930349778524517,0.6028101098406575,4190
brightness_s4,r18_seed0,fixed_0_5,Wavy_Hair,0.5419027153740965,0.8502072097963671,7267
brightness_s4,r18_seed0,fixed_0_5,Sideburns,0.4519867549668874,0.8084607211105389,926
brightness_s4,r50_seed0,frozen_thresholds,Smiling,0.9157624364417886,0.9823397381191892,9987
brightness_s4,r50_seed0,frozen_thresholds,Mouth_Slightly_Open,0.9213866666666667,0.9853279637791857,9883
brightness_s4,r50_seed0,frozen_thresholds,Eyeglasses,0.9634630659253376,0.9892996321415574,1289
brightness_s4,r50_seed0,frozen_thresholds,Bangs,0.8543157253767697,0.9335617426593621,3109
brightness_s4,r50_seed0,frozen_thresholds,Wearing_Hat,0.881316098707403,0.9330367620358064,839
brightness_s4,r50_seed0,frozen_thresholds,Mustache,0.5200909780136467,0.6262074828812358,772
brightness_s4,r50_seed0,frozen_thresholds,No_Beard,0.9605489819547598,0.9951431772478118,17041
brightness_s4,r50_seed0,frozen_thresholds,Black_Hair,0.6676889375684556,0.8179522844726672,5422
brightness_s4,r50_seed0,frozen_thresholds,Bushy_Eyebrows,0.45465116279069767,0.7432865879002812,2586
brightness_s4,r50_seed0,frozen_thresholds,Arched_Eyebrows,0.67579009550064,0.7885409289160128,5678
brightness_s4,r50_seed0,frozen_thresholds,High_Cheekbones,0.7293169558718399,0.9393878539157319,9618
brightness_s4,r50_seed0,frozen_thresholds,Bags_Under_Eyes,0.6230806142034548,0.6475862613984662,4045
brightness_s4,r50_seed0,frozen_thresholds,Big_Lips,0.540006478781989,0.5980153310953505,6528
brightness_s4,r50_seed0,frozen_thresholds,Big_Nose,0.6000466962409526,0.675612766649523,4232
brightness_s4,r50_seed0,frozen_thresholds,Double_Chin,0.5119798234552333,0.5691682117314201,913
brightness_s4,r50_seed0,frozen_thresholds,Oval_Face,0.5397415060753812,0.555514437784753,5901
brightness_s4,r50_seed0,frozen_thresholds,Receding_Hairline,0.49072321090496024,0.6054895447363385,1694
brightness_s4,r50_seed0,frozen_thresholds,Blond_Hair,0.4045144045144045,0.8506233110433697,2660
brightness_s4,r50_seed0,frozen_thresholds,Brown_Hair,0.3261802575107296,0.565560659969241,3587
brightness_s4,r50_seed0,frozen_thresholds,Gray_Hair,0.5746421267893661,0.7278405641852609,636
brightness_s4,r50_seed0,frozen_thresholds,Bald,0.7374631268436578,0.7989125918238748,423
brightness_s4,r50_seed0,frozen_thresholds,Straight_Hair,0.6014031300593632,0.6168867211070468,4190
brightness_s4,r50_seed0,frozen_thresholds,Wavy_Hair,0.47512437810945274,0.8658286229562646,7267
brightness_s4,r50_seed0,frozen_thresholds,Sideburns,0.5923795830337887,0.7976165296243248,926
brightness_s4,r50_seed0,fixed_0_5,Smiling,0.9213483146067416,0.9823397381191892,9987
brightness_s4,r50_seed0,fixed_0_5,Mouth_Slightly_Open,0.9054954659674423,0.9853279637791857,9883
brightness_s4,r50_seed0,fixed_0_5,Eyeglasses,0.9663632766125841,0.9892996321415574,1289
brightness_s4,r50_seed0,fixed_0_5,Bangs,0.8494094488188977,0.9335617426593621,3109
brightness_s4,r50_seed0,fixed_0_5,Wearing_Hat,0.8803317535545023,0.9330367620358064,839
brightness_s4,r50_seed0,fixed_0_5,Mustache,0.3173277661795407,0.6262074828812358,772
brightness_s4,r50_seed0,fixed_0_5,No_Beard,0.9565437373510232,0.9951431772478118,17041
brightness_s4,r50_seed0,fixed_0_5,Black_Hair,0.5897749510763209,0.8179522844726672,5422
brightness_s4,r50_seed0,fixed_0_5,Bushy_Eyebrows,0.27604512276045123,0.7432865879002812,2586
brightness_s4,r50_seed0,fixed_0_5,Arched_Eyebrows,0.6442277445737653,0.7885409289160128,5678
brightness_s4,r50_seed0,fixed_0_5,High_Cheekbones,0.7403598971722365,0.9393878539157319,9618
brightness_s4,r50_seed0,fixed_0_5,Bags_Under_Eyes,0.46127659574468083,0.6475862613984662,4045
brightness_s4,r50_seed0,fixed_0_5,Big_Lips,0.28866486353577575,0.5980153310953505,6528
brightness_s4,r50_seed0,fixed_0_5,Big_Nose,0.42392073602264685,0.675612766649523,4232
brightness_s4,r50_seed0,fixed_0_5,Double_Chin,0.3516483516483517,0.5691682117314201,913
brightness_s4,r50_seed0,fixed_0_5,Oval_Face,0.3789015243164771,0.555514437784753,5901
brightness_s4,r50_seed0,fixed_0_5,Receding_Hairline,0.24623115577889448,0.6054895447363385,1694
brightness_s4,r50_seed0,fixed_0_5,Blond_Hair,0.4284880326911851,0.8506233110433697,2660
brightness_s4,r50_seed0,fixed_0_5,Brown_Hair,0.07726911881450119,0.565560659969241,3587
brightness_s4,r50_seed0,fixed_0_5,Gray_Hair,0.49888641425389757,0.7278405641852609,636
brightness_s4,r50_seed0,fixed_0_5,Bald,0.7220125786163522,0.7989125918238748,423
brightness_s4,r50_seed0,fixed_0_5,Straight_Hair,0.5301408450704226,0.6168867211070468,4190
brightness_s4,r50_seed0,fixed_0_5,Wavy_Hair,0.5402740806467514,0.8658286229562646,7267
brightness_s4,r50_seed0,fixed_0_5,Sideburns,0.5502645502645502,0.7976165296243248,926
brightness_s4,m3_seed0,frozen_thresholds,Smiling,0.9086075814769525,0.981721949597451,9987
brightness_s4,m3_seed0,frozen_thresholds,Mouth_Slightly_Open,0.9129180467998718,0.9828776607679192,9883
brightness_s4,m3_seed0,frozen_thresholds,Eyeglasses,0.9432739059967585,0.9889329754531464,1289
brightness_s4,m3_seed0,frozen_thresholds,Bangs,0.8095676172953082,0.9363910638492244,3109
brightness_s4,m3_seed0,frozen_thresholds,Wearing_Hat,0.8677966101694915,0.9385818358255207,839
brightness_s4,m3_seed0,frozen_thresholds,Mustache,0.5388967468175389,0.5885215835616101,772
brightness_s4,m3_seed0,frozen_thresholds,No_Beard,0.9581526330611095,0.9961405659542836,17041
brightness_s4,m3_seed0,frozen_thresholds,Black_Hair,0.4357172385283175,0.7526564558276458,5422
brightness_s4,m3_seed0,frozen_thresholds,Bushy_Eyebrows,0.39709443099273606,0.7257415231823312,2586
brightness_s4,m3_seed0,frozen_thresholds,Arched_Eyebrows,0.6916299559471366,0.7756829179301562,5678
brightness_s4,m3_seed0,frozen_thresholds,High_Cheekbones,0.8040853109041755,0.9426370183053479,9618
brightness_s4,m3_seed0,frozen_thresholds,Bags_Under_Eyes,0.6234983181162902,0.6393044078009852,4045
brightness_s4,m3_seed0,frozen_thresholds,Big_Lips,0.5286415711947627,0.5953217630069108,6528
brightness_s4,m3_seed0,frozen_thresholds,Big_Nose,0.6102412187896742,0.6694902896649157,4232
brightness_s4,m3_seed0,frozen_thresholds,Double_Chin,0.4458109146810146,0.5850225659507698,913
brightness_s4,m3_seed0,frozen_thresholds,Oval_Face,0.5433479824210947,0.5646138063716784,5901
brightness_s4,m3_seed0,frozen_thresholds,Receding_Hairline,0.45030425963488846,0.6006733444586666,1694
brightness_s4,m3_seed0,frozen_thresholds,Blond_Hair,0.2923864363403711,0.8571132799370299,2660
brightness_s4,m3_seed0,frozen_thresholds,Brown_Hair,0.27374424215836807,0.504949902959878,3587
brightness_s4,m3_seed0,frozen_thresholds,Gray_Hair,0.2625169147496617,0.6785853607799313,636
brightness_s4,m3_seed0,frozen_thresholds,Bald,0.7166276346604216,0.765944299865226,423
brightness_s4,m3_seed0,frozen_thresholds,Straight_Hair,0.518997722095672,0.5067401100685243,4190
brightness_s4,m3_seed0,frozen_thresholds,Wavy_Hair,0.36408419167039857,0.8445875569717647,7267
brightness_s4,m3_seed0,frozen_thresholds,Sideburns,0.5257494235203689,0.7962143995996993,926
brightness_s4,m3_seed0,fixed_0_5,Smiling,0.9071626518865914,0.981721949597451,9987
brightness_s4,m3_seed0,fixed_0_5,Mouth_Slightly_Open,0.9216924534259552,0.9828776607679192,9883
brightness_s4,m3_seed0,fixed_0_5,Eyeglasses,0.9436562626672071,0.9889329754531464,1289
brightness_s4,m3_seed0,fixed_0_5,Bangs,0.7908902691511387,0.9363910638492244,3109
brightness_s4,m3_seed0,fixed_0_5,Wearing_Hat,0.8671484157865481,0.9385818358255207,839
brightness_s4,m3_seed0,fixed_0_5,Mustache,0.37065637065637064,0.5885215835616101,772
brightness_s4,m3_seed0,fixed_0_5,No_Beard,0.962245447078483,0.9961405659542836,17041
brightness_s4,m3_seed0,fixed_0_5,Black_Hair,0.35796290844863116,0.7526564558276458,5422
brightness_s4,m3_seed0,fixed_0_5,Bushy_Eyebrows,0.27405441274054415,0.7257415231823312,2586
brightness_s4,m3_seed0,fixed_0_5,Arched_Eyebrows,0.6375887254397695,0.7756829179301562,5678
brightness_s4,m3_seed0,fixed_0_5,High_Cheekbones,0.7684685814624357,0.9426370183053479,9618
brightness_s4,m3_seed0,fixed_0_5,Bags_Under_Eyes,0.5104589447393069,0.6393044078009852,4045
brightness_s4,m3_seed0,fixed_0_5,Big_Lips,0.3836094158674804,0.5953217630069108,6528
brightness_s4,m3_seed0,fixed_0_5,Big_Nose,0.5784671532846716,0.6694902896649157,4232
brightness_s4,m3_seed0,fixed_0_5,Double_Chin,0.22138126773888364,0.5850225659507698,913
brightness_s4,m3_seed0,fixed_0_5,Oval_Face,0.33733401430030646,0.5646138063716784,5901
brightness_s4,m3_seed0,fixed_0_5,Receding_Hairline,0.3562753036437247,0.6006733444586666,1694
brightness_s4,m3_seed0,fixed_0_5,Blond_Hair,0.24366150806717154,0.8571132799370299,2660
brightness_s4,m3_seed0,fixed_0_5,Brown_Hair,0.034248437075292196,0.504949902959878,3587
brightness_s4,m3_seed0,fixed_0_5,Gray_Hair,0.34517766497461927,0.6785853607799313,636
brightness_s4,m3_seed0,fixed_0_5,Bald,0.7152941176470589,0.765944299865226,423
brightness_s4,m3_seed0,fixed_0_5,Straight_Hair,0.46578221463286484,0.5067401100685243,4190
brightness_s4,m3_seed0,fixed_0_5,Wavy_Hair,0.3314285714285714,0.8445875569717647,7267
brightness_s4,m3_seed0,fixed_0_5,Sideburns,0.4464579901153213,0.7962143995996993,926
brightness_s4,oracle_seed0,frozen_thresholds,Smiling,0.9105417891642167,0.9807334458685756,9987
brightness_s4,oracle_seed0,frozen_thresholds,Mouth_Slightly_Open,0.885253224635658,0.9824607982082557,9883
brightness_s4,oracle_seed0,frozen_thresholds,Eyeglasses,0.9547456948338006,0.9872592945378145,1289
brightness_s4,oracle_seed0,frozen_thresholds,Bangs,0.8457538994800693,0.942635249825269,3109
brightness_s4,oracle_seed0,frozen_thresholds,Wearing_Hat,0.8666666666666667,0.94177131256116,839
brightness_s4,oracle_seed0,frozen_thresholds,Mustache,0.3857280617164899,0.6157232752067304,772
brightness_s4,oracle_seed0,frozen_thresholds,No_Beard,0.9621087314662273,0.9958837547770568,17041
brightness_s4,oracle_seed0,frozen_thresholds,Black_Hair,0.6016499039439485,0.7604283317352956,5422
brightness_s4,oracle_seed0,frozen_thresholds,Bushy_Eyebrows,0.2204724409448819,0.7063258067076685,2586
brightness_s4,oracle_seed0,frozen_thresholds,Arched_Eyebrows,0.6043798833498404,0.776579293841287,5678
brightness_s4,oracle_seed0,frozen_thresholds,High_Cheekbones,0.7938976966796291,0.9333680467139474,9618
brightness_s4,oracle_seed0,frozen_thresholds,Bags_Under_Eyes,0.5554901383573742,0.6468799789155947,4045
brightness_s4,oracle_seed0,frozen_thresholds,Big_Lips,0.2875930521091811,0.6084246489124234,6528
brightness_s4,oracle_seed0,frozen_thresholds,Big_Nose,0.585600404909528,0.6681159755613404,4232
brightness_s4,oracle_seed0,frozen_thresholds,Double_Chin,0.3702451394759087,0.6009404141097853,913
brightness_s4,oracle_seed0,frozen_thresholds,Oval_Face,0.5301508805570975,0.5424565901582961,5901
brightness_s4,oracle_seed0,frozen_thresholds,Receding_Hairline,0.4044368600682594,0.5978518896871637,1694
brightness_s4,oracle_seed0,frozen_thresholds,Blond_Hair,0.5767926988265971,0.8682167536309762,2660
brightness_s4,oracle_seed0,frozen_thresholds,Brown_Hair,0.16638204440107343,0.4870682367983509,3587
brightness_s4,oracle_seed0,frozen_thresholds,Gray_Hair,0.32778489116517284,0.6889562880768538,636
brightness_s4,oracle_seed0,frozen_thresholds,Bald,0.6649076517150396,0.7745883974122182,423
brightness_s4,oracle_seed0,frozen_thresholds,Straight_Hair,0.5603842099098044,0.5873163893010114,4190
brightness_s4,oracle_seed0,frozen_thresholds,Wavy_Hair,0.4919040787046526,0.8633113944899782,7267
brightness_s4,oracle_seed0,frozen_thresholds,Sideburns,0.5791393143690736,0.8062590561454692,926
brightness_s4,oracle_seed0,fixed_0_5,Smiling,0.9148869997926602,0.9807334458685756,9987
brightness_s4,oracle_seed0,fixed_0_5,Mouth_Slightly_Open,0.911552151871427,0.9824607982082557,9883
brightness_s4,oracle_seed0,fixed_0_5,Eyeglasses,0.9428455614106201,0.9872592945378145,1289
brightness_s4,oracle_seed0,fixed_0_5,Bangs,0.7951942932232026,0.942635249825269,3109
brightness_s4,oracle_seed0,fixed_0_5,Wearing_Hat,0.8811188811188811,0.94177131256116,839
brightness_s4,oracle_seed0,fixed_0_5,Mustache,0.2209695603156708,0.6157232752067304,772
brightness_s4,oracle_seed0,fixed_0_5,No_Beard,0.9636368821834983,0.9958837547770568,17041
brightness_s4,oracle_seed0,fixed_0_5,Black_Hair,0.5882897477435779,0.7604283317352956,5422
brightness_s4,oracle_seed0,fixed_0_5,Bushy_Eyebrows,0.15843694493783303,0.7063258067076685,2586
brightness_s4,oracle_seed0,fixed_0_5,Arched_Eyebrows,0.45240265659591095,0.776579293841287,5678
brightness_s4,oracle_seed0,fixed_0_5,High_Cheekbones,0.8047072668431892,0.9333680467139474,9618
brightness_s4,oracle_seed0,fixed_0_5,Bags_Under_Eyes,0.28617558022199796,0.6468799789155947,4045
brightness_s4,oracle_seed0,fixed_0_5,Big_Lips,0.3242020009528347,0.6084246489124234,6528
brightness_s4,oracle_seed0,fixed_0_5,Big_Nose,0.4629905613512171,0.6681159755613404,4232
brightness_s4,oracle_seed0,fixed_0_5,Double_Chin,0.20038910505836577,0.6009404141097853,913
brightness_s4,oracle_seed0,fixed_0_5,Oval_Face,0.4517133956386293,0.5424565901582961,5901
brightness_s4,oracle_seed0,fixed_0_5,Receding_Hairline,0.2919847328244275,0.5978518896871637,1694
brightness_s4,oracle_seed0,fixed_0_5,Blond_Hair,0.38895558223289317,0.8682167536309762,2660
brightness_s4,oracle_seed0,fixed_0_5,Brown_Hair,0.04897739504843918,0.4870682367983509,3587
brightness_s4,oracle_seed0,fixed_0_5,Gray_Hair,0.1737891737891738,0.6889562880768538,636
brightness_s4,oracle_seed0,fixed_0_5,Bald,0.6340057636887608,0.7745883974122182,423
brightness_s4,oracle_seed0,fixed_0_5,Straight_Hair,0.38510601620410273,0.5873163893010114,4190
brightness_s4,oracle_seed0,fixed_0_5,Wavy_Hair,0.6040755559691077,0.8633113944899782,7267
brightness_s4,oracle_seed0,fixed_0_5,Sideburns,0.5595238095238095,0.8062590561454692,926
rotation_s1,r18_seed0,frozen_thresholds,Smiling,0.9254862338974489,0.9832866254357348,9987
rotation_s1,r18_seed0,frozen_thresholds,Mouth_Slightly_Open,0.934275691291787,0.9855515073744847,9883
rotation_s1,r18_seed0,frozen_thresholds,Eyeglasses,0.9745795854517012,0.9908456535110314,1289
rotation_s1,r18_seed0,frozen_thresholds,Bangs,0.8718849840255591,0.9496146147650569,3109
rotation_s1,r18_seed0,frozen_thresholds,Wearing_Hat,0.8894090111176126,0.9565931846946597,839
rotation_s1,r18_seed0,frozen_thresholds,Mustache,0.6168559473998805,0.6705173073769587,772
rotation_s1,r18_seed0,frozen_thresholds,No_Beard,0.9763743095919725,0.997838418524997,17041
rotation_s1,r18_seed0,frozen_thresholds,Black_Hair,0.8221244500314268,0.8992161040560319,5422
rotation_s1,r18_seed0,frozen_thresholds,Bushy_Eyebrows,0.6948257655755016,0.779513418506707,2586
rotation_s1,r18_seed0,frozen_thresholds,Arched_Eyebrows,0.6997734481196194,0.781848356250678,5678
rotation_s1,r18_seed0,frozen_thresholds,High_Cheekbones,0.8688636962826259,0.9529235676581875,9618
rotation_s1,r18_seed0,frozen_thresholds,Bags_Under_Eyes,0.6241475119979792,0.6711957768873466,4045
rotation_s1,r18_seed0,frozen_thresholds,Big_Lips,0.45054193926374375,0.5913998200903547,6528
rotation_s1,r18_seed0,frozen_thresholds,Big_Nose,0.6099215603137588,0.6808506766233714,4232
rotation_s1,r18_seed0,frozen_thresholds,Double_Chin,0.5464349910125824,0.5996676489697605,913
rotation_s1,r18_seed0,frozen_thresholds,Oval_Face,0.5683368310598111,0.5958561955803696,5901
rotation_s1,r18_seed0,frozen_thresholds,Receding_Hairline,0.5981072555205047,0.6462453722021845,1694
rotation_s1,r18_seed0,frozen_thresholds,Blond_Hair,0.8409352242238406,0.9161853452631673,2660
rotation_s1,r18_seed0,frozen_thresholds,Brown_Hair,0.6863252673044457,0.7634310359603098,3587
rotation_s1,r18_seed0,frozen_thresholds,Gray_Hair,0.731355252606255,0.7986338162565696,636
rotation_s1,r18_seed0,frozen_thresholds,Bald,0.7794759825327511,0.8379744436510952,423
rotation_s1,r18_seed0,frozen_thresholds,Straight_Hair,0.6361221779548473,0.6710002322293943,4190
rotation_s1,r18_seed0,frozen_thresholds,Wavy_Hair,0.7448474197156095,0.8893247329903229,7267
rotation_s1,r18_seed0,frozen_thresholds,Sideburns,0.7584624211130235,0.8596931387304028,926
rotation_s1,r18_seed0,fixed_0_5,Smiling,0.9245069591304775,0.9832866254357348,9987
rotation_s1,r18_seed0,fixed_0_5,Mouth_Slightly_Open,0.9330014519809168,0.9855515073744847,9883
rotation_s1,r18_seed0,fixed_0_5,Eyeglasses,0.9680221081721279,0.9908456535110314,1289
rotation_s1,r18_seed0,fixed_0_5,Bangs,0.8575356590479464,0.9496146147650569,3109
rotation_s1,r18_seed0,fixed_0_5,Wearing_Hat,0.8954128440366973,0.9565931846946597,839
rotation_s1,r18_seed0,fixed_0_5,Mustache,0.3743743743743744,0.6705173073769587,772
rotation_s1,r18_seed0,fixed_0_5,No_Beard,0.9733348658123097,0.997838418524997,17041
rotation_s1,r18_seed0,fixed_0_5,Black_Hair,0.8117669315172152,0.8992161040560319,5422
rotation_s1,r18_seed0,fixed_0_5,Bushy_Eyebrows,0.5898876404494382,0.779513418506707,2586
rotation_s1,r18_seed0,fixed_0_5,Arched_Eyebrows,0.6326080100914538,0.781848356250678,5678
rotation_s1,r18_seed0,fixed_0_5,High_Cheekbones,0.8680872913992298,0.9529235676581875,9618
rotation_s1,r18_seed0,fixed_0_5,Bags_Under_Eyes,0.4230287859824781,0.6711957768873466,4045
rotation_s1,r18_seed0,fixed_0_5,Big_Lips,0.2473961681882474,0.5913998200903547,6528
rotation_s1,r18_seed0,fixed_0_5,Big_Nose,0.48376516890783866,0.6808506766233714,4232
rotation_s1,r18_seed0,fixed_0_5,Double_Chin,0.36930860033726814,0.5996676489697605,913
rotation_s1,r18_seed0,fixed_0_5,Oval_Face,0.5632710062844286,0.5958561955803696,5901
rotation_s1,r18_seed0,fixed_0_5,Receding_Hairline,0.5084355828220859,0.6462453722021845,1694
rotation_s1,r18_seed0,fixed_0_5,Blond_Hair,0.8432595953866515,0.9161853452631673,2660
rotation_s1,r18_seed0,fixed_0_5,Brown_Hair,0.6949534818156188,0.7634310359603098,3587
rotation_s1,r18_seed0,fixed_0_5,Gray_Hair,0.7342378292098962,0.7986338162565696,636
rotation_s1,r18_seed0,fixed_0_5,Bald,0.7692307692307693,0.8379744436510952,423
rotation_s1,r18_seed0,fixed_0_5,Straight_Hair,0.6041213362344809,0.6710002322293943,4190
rotation_s1,r18_seed0,fixed_0_5,Wavy_Hair,0.7579801763833607,0.8893247329903229,7267
rotation_s1,r18_seed0,fixed_0_5,Sideburns,0.7486437613019892,0.8596931387304028,926
rotation_s1,r50_seed0,frozen_thresholds,Smiling,0.9263858533677727,0.9831731844780014,9987
rotation_s1,r50_seed0,frozen_thresholds,Mouth_Slightly_Open,0.9380476556495004,0.986049419543837,9883
rotation_s1,r50_seed0,frozen_thresholds,Eyeglasses,0.974559686888454,0.9900432534475911,1289
rotation_s1,r50_seed0,frozen_thresholds,Bangs,0.8647373387857817,0.9443392823962033,3109
rotation_s1,r50_seed0,frozen_thresholds,Wearing_Hat,0.8971291866028708,0.9540712271086743,839
rotation_s1,r50_seed0,frozen_thresholds,Mustache,0.5799457994579946,0.6738535144071707,772
rotation_s1,r50_seed0,frozen_thresholds,No_Beard,0.9743146242324656,0.9975282273540818,17041
rotation_s1,r50_seed0,frozen_thresholds,Black_Hair,0.8222262247838616,0.9014865541000061,5422
rotation_s1,r50_seed0,frozen_thresholds,Bushy_Eyebrows,0.692404532102392,0.7804016274397466,2586
rotation_s1,r50_seed0,frozen_thresholds,Arched_Eyebrows,0.7006242649054555,0.7850748812681152,5678
rotation_s1,r50_seed0,frozen_thresholds,High_Cheekbones,0.8639684317175919,0.9520271253911898,9618
rotation_s1,r50_seed0,frozen_thresholds,Bags_Under_Eyes,0.6063043196264107,0.6598365373529861,4045
rotation_s1,r50_seed0,frozen_thresholds,Big_Lips,0.4234061839057307,0.5811461500386514,6528
rotation_s1,r50_seed0,frozen_thresholds,Big_Nose,0.5987157034442498,0.6832725994120725,4232
rotation_s1,r50_seed0,frozen_thresholds,Double_Chin,0.5345679012345679,0.5952089470444377,913
rotation_s1,r50_seed0,frozen_thresholds,Oval_Face,0.5618196192908836,0.5982457853995792,5901
rotation_s1,r50_seed0,frozen_thresholds,Receding_Hairline,0.5894670050761421,0.6433143244505319,1694
rotation_s1,r50_seed0,frozen_thresholds,Blond_Hair,0.844647271344362,0.9186870195532351,2660
rotation_s1,r50_seed0,frozen_thresholds,Brown_Hair,0.6865705272645336,0.7599050673595336,3587
rotation_s1,r50_seed0,frozen_thresholds,Gray_Hair,0.7272727272727273,0.8027335201432783,636
rotation_s1,r50_seed0,frozen_thresholds,Bald,0.7763440860215054,0.8423258931898804,423
rotation_s1,r50_seed0,frozen_thresholds,Straight_Hair,0.6439659489233851,0.669188021393311,4190
rotation_s1,r50_seed0,frozen_thresholds,Wavy_Hair,0.71541997492687,0.890119339651473,7267
rotation_s1,r50_seed0,frozen_thresholds,Sideburns,0.7599531615925058,0.8545329243225972,926
rotation_s1,r50_seed0,fixed_0_5,Smiling,0.9233251833740831,0.9831731844780014,9987
rotation_s1,r50_seed0,fixed_0_5,Mouth_Slightly_Open,0.9317755059461715,0.986049419543837,9883
rotation_s1,r50_seed0,fixed_0_5,Eyeglasses,0.9761811792268645,0.9900432534475911,1289
rotation_s1,r50_seed0,fixed_0_5,Bangs,0.8621151271753681,0.9443392823962033,3109
rotation_s1,r50_seed0,fixed_0_5,Wearing_Hat,0.8950542822677925,0.9540712271086743,839
rotation_s1,r50_seed0,fixed_0_5,Mustache,0.420443587270974,0.6738535144071707,772
rotation_s1,r50_seed0,fixed_0_5,No_Beard,0.9712714461661845,0.9975282273540818,17041
rotation_s1,r50_seed0,fixed_0_5,Black_Hair,0.81076995748701,0.9014865541000061,5422
rotation_s1,r50_seed0,fixed_0_5,Bushy_Eyebrows,0.5846233230134159,0.7804016274397466,2586
rotation_s1,r50_seed0,fixed_0_5,Arched_Eyebrows,0.6776843529525466,0.7850748812681152,5678
rotation_s1,r50_seed0,fixed_0_5,High_Cheekbones,0.8660851176315094,0.9520271253911898,9618
rotation_s1,r50_seed0,fixed_0_5,Bags_Under_Eyes,0.40464104423495284,0.6598365373529861,4045
rotation_s1,r50_seed0,fixed_0_5,Big_Lips,0.2132770225682988,0.5811461500386514,6528
rotation_s1,r50_seed0,fixed_0_5,Big_Nose,0.4306338028169014,0.6832725994120725,4232
rotation_s1,r50_seed0,fixed_0_5,Double_Chin,0.37531276063386154,0.5952089470444377,913
rotation_s1,r50_seed0,fixed_0_5,Oval_Face,0.5511903760410533,0.5982457853995792,5901
rotation_s1,r50_seed0,fixed_0_5,Receding_Hairline,0.4498327759197324,0.6433143244505319,1694
rotation_s1,r50_seed0,fixed_0_5,Blond_Hair,0.8454854552323385,0.9186870195532351,2660
rotation_s1,r50_seed0,fixed_0_5,Brown_Hair,0.693974556130295,0.7599050673595336,3587
rotation_s1,r50_seed0,fixed_0_5,Gray_Hair,0.7288676236044657,0.8027335201432783,636
rotation_s1,r50_seed0,fixed_0_5,Bald,0.773955773955774,0.8423258931898804,423
rotation_s1,r50_seed0,fixed_0_5,Straight_Hair,0.6090412319920516,0.669188021393311,4190
rotation_s1,r50_seed0,fixed_0_5,Wavy_Hair,0.7475294867708001,0.890119339651473,7267
rotation_s1,r50_seed0,fixed_0_5,Sideburns,0.7362569487337863,0.8545329243225972,926
rotation_s1,m3_seed0,frozen_thresholds,Smiling,0.9262574805875662,0.9832415318563983,9987
rotation_s1,m3_seed0,frozen_thresholds,Mouth_Slightly_Open,0.937814780552986,0.9868306156137274,9883
rotation_s1,m3_seed0,frozen_thresholds,Eyeglasses,0.9698865858427845,0.990881470047572,1289
rotation_s1,m3_seed0,frozen_thresholds,Bangs,0.8776604386677498,0.9502320873477347,3109
rotation_s1,m3_seed0,frozen_thresholds,Wearing_Hat,0.8918111177525403,0.9610319310029778,839
rotation_s1,m3_seed0,frozen_thresholds,Mustache,0.5963414634146341,0.6532050314299174,772
rotation_s1,m3_seed0,frozen_thresholds,No_Beard,0.9753774211240366,0.9978406627425308,17041
rotation_s1,m3_seed0,frozen_thresholds,Black_Hair,0.8217320556861327,0.901029347420161,5422
rotation_s1,m3_seed0,frozen_thresholds,Bushy_Eyebrows,0.6822488945041061,0.776068587551455,2586
rotation_s1,m3_seed0,frozen_thresholds,Arched_Eyebrows,0.7066932704516597,0.7897117827842206,5678
rotation_s1,m3_seed0,frozen_thresholds,High_Cheekbones,0.869228385497366,0.9537614500154057,9618
rotation_s1,m3_seed0,frozen_thresholds,Bags_Under_Eyes,0.6061493411420205,0.6720392116091195,4045
rotation_s1,m3_seed0,frozen_thresholds,Big_Lips,0.40803315269365636,0.6050762357850663,6528
rotation_s1,m3_seed0,frozen_thresholds,Big_Nose,0.6107138670730278,0.6884035824535443,4232
rotation_s1,m3_seed0,frozen_thresholds,Double_Chin,0.5276653171390013,0.6143238786685283,913
rotation_s1,m3_seed0,frozen_thresholds,Oval_Face,0.5614015129969854,0.6103872406022706,5901
rotation_s1,m3_seed0,frozen_thresholds,Receding_Hairline,0.6344359626802375,0.663390694564352,1694
rotation_s1,m3_seed0,frozen_thresholds,Blond_Hair,0.8478015783540023,0.9197228567842305,2660
rotation_s1,m3_seed0,frozen_thresholds,Brown_Hair,0.675860571180367,0.7586730696500983,3587
rotation_s1,m3_seed0,frozen_thresholds,Gray_Hair,0.7354116706634692,0.7939179277326702,636
rotation_s1,m3_seed0,frozen_thresholds,Bald,0.777292576419214,0.837949613898511,423
rotation_s1,m3_seed0,frozen_thresholds,Straight_Hair,0.6330191547582852,0.6645665694601998,4190
rotation_s1,m3_seed0,frozen_thresholds,Wavy_Hair,0.7518068461599555,0.8904591126989807,7267
rotation_s1,m3_seed0,frozen_thresholds,Sideburns,0.7637393767705383,0.857545585520162,926
rotation_s1,m3_seed0,fixed_0_5,Smiling,0.926449437087735,0.9832415318563983,9987
rotation_s1,m3_seed0,fixed_0_5,Mouth_Slightly_Open,0.9379450661241099,0.9868306156137274,9883
rotation_s1,m3_seed0,fixed_0_5,Eyeglasses,0.9694835680751174,0.990881470047572,1289
rotation_s1,m3_seed0,fixed_0_5,Bangs,0.8739022369511185,0.9502320873477347,3109
rotation_s1,m3_seed0,fixed_0_5,Wearing_Hat,0.8975725281231498,0.9610319310029778,839
rotation_s1,m3_seed0,fixed_0_5,Mustache,0.4924114671163575,0.6532050314299174,772
rotation_s1,m3_seed0,fixed_0_5,No_Beard,0.9766214177978884,0.9978406627425308,17041
rotation_s1,m3_seed0,fixed_0_5,Black_Hair,0.8193398419339842,0.901029347420161,5422
rotation_s1,m3_seed0,fixed_0_5,Bushy_Eyebrows,0.6202346041055719,0.776068587551455,2586
rotation_s1,m3_seed0,fixed_0_5,Arched_Eyebrows,0.655734344573127,0.7897117827842206,5678
rotation_s1,m3_seed0,fixed_0_5,High_Cheekbones,0.8692553191489362,0.9537614500154057,9618
rotation_s1,m3_seed0,fixed_0_5,Bags_Under_Eyes,0.46895618338690576,0.6720392116091195,4045
rotation_s1,m3_seed0,fixed_0_5,Big_Lips,0.28085532074527947,0.6050762357850663,6528
rotation_s1,m3_seed0,fixed_0_5,Big_Nose,0.572152611572575,0.6884035824535443,4232
rotation_s1,m3_seed0,fixed_0_5,Double_Chin,0.38552188552188554,0.6143238786685283,913
rotation_s1,m3_seed0,fixed_0_5,Oval_Face,0.563193952279707,0.6103872406022706,5901
rotation_s1,m3_seed0,fixed_0_5,Receding_Hairline,0.6161993769470405,0.663390694564352,1694
rotation_s1,m3_seed0,fixed_0_5,Blond_Hair,0.8459480122324159,0.9197228567842305,2660
rotation_s1,m3_seed0,fixed_0_5,Brown_Hair,0.682501503307276,0.7586730696500983,3587
rotation_s1,m3_seed0,fixed_0_5,Gray_Hair,0.7392290249433107,0.7939179277326702,636
rotation_s1,m3_seed0,fixed_0_5,Bald,0.7754654983570646,0.837949613898511,423
rotation_s1,m3_seed0,fixed_0_5,Straight_Hair,0.5707290533188248,0.6645665694601998,4190
rotation_s1,m3_seed0,fixed_0_5,Wavy_Hair,0.7356939356939357,0.8904591126989807,7267
rotation_s1,m3_seed0,fixed_0_5,Sideburns,0.7393136664659844,0.857545585520162,926
rotation_s1,oracle_seed0,frozen_thresholds,Smiling,0.925207756232687,0.9828760138609982,9987
rotation_s1,oracle_seed0,frozen_thresholds,Mouth_Slightly_Open,0.9325894932589494,0.9848065177554282,9883
rotation_s1,oracle_seed0,frozen_thresholds,Eyeglasses,0.971473231731145,0.9901551191693213,1289
rotation_s1,oracle_seed0,frozen_thresholds,Bangs,0.873298768632534,0.9475488189576574,3109
rotation_s1,oracle_seed0,frozen_thresholds,Wearing_Hat,0.8971098265895954,0.9580683416832207,839
rotation_s1,oracle_seed0,frozen_thresholds,Mustache,0.5700744752877455,0.6474038494158305,772
rotation_s1,oracle_seed0,frozen_thresholds,No_Beard,0.9752529632841862,0.9978189712674117,17041
rotation_s1,oracle_seed0,frozen_thresholds,Black_Hair,0.8244699964067553,0.901216304823918,5422
rotation_s1,oracle_seed0,frozen_thresholds,Bushy_Eyebrows,0.6907962771458118,0.7833804341541368,2586
rotation_s1,oracle_seed0,frozen_thresholds,Arched_Eyebrows,0.7115987460815048,0.7849521919337321,5678
rotation_s1,oracle_seed0,frozen_thresholds,High_Cheekbones,0.8659191655801826,0.9510082833966855,9618
rotation_s1,oracle_seed0,frozen_thresholds,Bags_Under_Eyes,0.6166192078695315,0.664251963166796,4045
rotation_s1,oracle_seed0,frozen_thresholds,Big_Lips,0.4032085561497326,0.6002426570740359,6528
rotation_s1,oracle_seed0,frozen_thresholds,Big_Nose,0.6054223616401524,0.6809875442015273,4232
rotation_s1,oracle_seed0,frozen_thresholds,Double_Chin,0.5248990578734859,0.6061026628112295,913
rotation_s1,oracle_seed0,frozen_thresholds,Oval_Face,0.5505025265145205,0.5957917168068356,5901
rotation_s1,oracle_seed0,frozen_thresholds,Receding_Hairline,0.6344339622641509,0.6685872722388637,1694
rotation_s1,oracle_seed0,frozen_thresholds,Blond_Hair,0.8469462840323767,0.9181053095443111,2660
rotation_s1,oracle_seed0,frozen_thresholds,Brown_Hair,0.6861148801447309,0.768069095303774,3587
rotation_s1,oracle_seed0,frozen_thresholds,Gray_Hair,0.7317448116833205,0.7902568219364624,636
rotation_s1,oracle_seed0,frozen_thresholds,Bald,0.7641196013289037,0.8402929354793279,423
rotation_s1,oracle_seed0,frozen_thresholds,Straight_Hair,0.6350173301123831,0.6741380536637132,4190
rotation_s1,oracle_seed0,frozen_thresholds,Wavy_Hair,0.7404255319148936,0.8874052509738586,7267
rotation_s1,oracle_seed0,frozen_thresholds,Sideburns,0.7572484366117112,0.8523966485105289,926
rotation_s1,oracle_seed0,fixed_0_5,Smiling,0.9250746268656717,0.9828760138609982,9987
rotation_s1,oracle_seed0,fixed_0_5,Mouth_Slightly_Open,0.9343964473153008,0.9848065177554282,9883
rotation_s1,oracle_seed0,fixed_0_5,Eyeglasses,0.9705766967438211,0.9901551191693213,1289
rotation_s1,oracle_seed0,fixed_0_5,Bangs,0.8557625948930296,0.9475488189576574,3109
rotation_s1,oracle_seed0,fixed_0_5,Wearing_Hat,0.8997641509433962,0.9580683416832207,839
rotation_s1,oracle_seed0,fixed_0_5,Mustache,0.5008319467554077,0.6474038494158305,772
rotation_s1,oracle_seed0,fixed_0_5,No_Beard,0.975959168285822,0.9978189712674117,17041
rotation_s1,oracle_seed0,fixed_0_5,Black_Hair,0.8232946298984035,0.901216304823918,5422
rotation_s1,oracle_seed0,fixed_0_5,Bushy_Eyebrows,0.6718784900603082,0.7833804341541368,2586
rotation_s1,oracle_seed0,fixed_0_5,Arched_Eyebrows,0.6480032935364347,0.7849521919337321,5678
rotation_s1,oracle_seed0,fixed_0_5,High_Cheekbones,0.8659517426273459,0.9510082833966855,9618
rotation_s1,oracle_seed0,fixed_0_5,Bags_Under_Eyes,0.45018069179143005,0.664251963166796,4045
rotation_s1,oracle_seed0,fixed_0_5,Big_Lips,0.43392226148409896,0.6002426570740359,6528
rotation_s1,oracle_seed0,fixed_0_5,Big_Nose,0.5506697728596389,0.6809875442015273,4232
rotation_s1,oracle_seed0,fixed_0_5,Double_Chin,0.4153969526864475,0.6061026628112295,913
rotation_s1,oracle_seed0,fixed_0_5,Oval_Face,0.5095841934532587,0.5957917168068356,5901
rotation_s1,oracle_seed0,fixed_0_5,Receding_Hairline,0.6088379705400983,0.6685872722388637,1694
rotation_s1,oracle_seed0,fixed_0_5,Blond_Hair,0.8394388152766953,0.9181053095443111,2660
rotation_s1,oracle_seed0,fixed_0_5,Brown_Hair,0.6993418288755077,0.768069095303774,3587
rotation_s1,oracle_seed0,fixed_0_5,Gray_Hair,0.7131782945736435,0.7902568219364624,636
rotation_s1,oracle_seed0,fixed_0_5,Bald,0.7722543352601156,0.8402929354793279,423
rotation_s1,oracle_seed0,fixed_0_5,Straight_Hair,0.5360793746241732,0.6741380536637132,4190
rotation_s1,oracle_seed0,fixed_0_5,Wavy_Hair,0.7798861480075902,0.8874052509738586,7267
rotation_s1,oracle_seed0,fixed_0_5,Sideburns,0.7507196315486471,0.8523966485105289,926
rotation_s2,r18_seed0,frozen_thresholds,Smiling,0.9179842905233092,0.9802051028846169,9987
rotation_s2,r18_seed0,frozen_thresholds,Mouth_Slightly_Open,0.927185478823284,0.983888395793745,9883
rotation_s2,r18_seed0,frozen_thresholds,Eyeglasses,0.9680221081721279,0.9895116558066854,1289
rotation_s2,r18_seed0,frozen_thresholds,Bangs,0.860313315926893,0.9426816020646661,3109
rotation_s2,r18_seed0,frozen_thresholds,Wearing_Hat,0.8959810874704491,0.9531866618463029,839
rotation_s2,r18_seed0,frozen_thresholds,Mustache,0.5668073136427567,0.631891470563256,772
rotation_s2,r18_seed0,frozen_thresholds,No_Beard,0.9721871049304678,0.9974606668529967,17041
rotation_s2,r18_seed0,frozen_thresholds,Black_Hair,0.8174318507890961,0.896529180762897,5422
rotation_s2,r18_seed0,frozen_thresholds,Bushy_Eyebrows,0.6816352467697522,0.7624401616749354,2586
rotation_s2,r18_seed0,frozen_thresholds,Arched_Eyebrows,0.6170655567117586,0.7539445535005289,5678
rotation_s2,r18_seed0,frozen_thresholds,High_Cheekbones,0.8596463278636292,0.9470416855635301,9618
rotation_s2,r18_seed0,frozen_thresholds,Bags_Under_Eyes,0.5556681627334588,0.6485751528447881,4045
rotation_s2,r18_seed0,frozen_thresholds,Big_Lips,0.3268653268653269,0.5724867051206237,6528
rotation_s2,r18_seed0,frozen_thresholds,Big_Nose,0.5883192577613893,0.6600610279999676,4232
rotation_s2,r18_seed0,frozen_thresholds,Double_Chin,0.4731182795698925,0.5721437851311878,913
rotation_s2,r18_seed0,frozen_thresholds,Oval_Face,0.553369037240005,0.5669392932033245,5901
rotation_s2,r18_seed0,frozen_thresholds,Receding_Hairline,0.5842245989304813,0.6396625579329203,1694
rotation_s2,r18_seed0,frozen_thresholds,Blond_Hair,0.8391070053887606,0.9137361413973846,2660
rotation_s2,r18_seed0,frozen_thresholds,Brown_Hair,0.674069235793599,0.7577805908329556,3587
rotation_s2,r18_seed0,frozen_thresholds,Gray_Hair,0.7193415637860082,0.7942616043975802,636
rotation_s2,r18_seed0,frozen_thresholds,Bald,0.7782805429864253,0.8264582289425075,423
rotation_s2,r18_seed0,frozen_thresholds,Straight_Hair,0.6286980609418282,0.65990699622933,4190
rotation_s2,r18_seed0,frozen_thresholds,Wavy_Hair,0.7328391878826942,0.8817454553426827,7267
rotation_s2,r18_seed0,frozen_thresholds,Sideburns,0.7149938042131351,0.8394357489521612,926
rotation_s2,r18_seed0,fixed_0_5,Smiling,0.9186230025646084,0.9802051028846169,9987
rotation_s2,r18_seed0,fixed_0_5,Mouth_Slightly_Open,0.9250328342526924,0.983888395793745,9883
rotation_s2,r18_seed0,fixed_0_5,Eyeglasses,0.9572171131547381,0.9895116558066854,1289
rotation_s2,r18_seed0,fixed_0_5,Bangs,0.8341566690190544,0.9426816020646661,3109
rotation_s2,r18_seed0,fixed_0_5,Wearing_Hat,0.895871842267406,0.9531866618463029,839
rotation_s2,r18_seed0,fixed_0_5,Mustache,0.21773288439955107,0.631891470563256,772
rotation_s2,r18_seed0,fixed_0_5,No_Beard,0.9680529408408922,0.9974606668529967,17041
rotation_s2,r18_seed0,fixed_0_5,Black_Hair,0.8095690146193278,0.896529180762897,5422
rotation_s2,r18_seed0,fixed_0_5,Bushy_Eyebrows,0.5596643063204826,0.7624401616749354,2586
rotation_s2,r18_seed0,fixed_0_5,Arched_Eyebrows,0.49822151355329325,0.7539445535005289,5678
rotation_s2,r18_seed0,fixed_0_5,High_Cheekbones,0.8608194358657607,0.9470416855635301,9618
rotation_s2,r18_seed0,fixed_0_5,Bags_Under_Eyes,0.27783452502553624,0.6485751528447881,4045
rotation_s2,r18_seed0,fixed_0_5,Big_Lips,0.15255891786361736,0.5724867051206237,6528
rotation_s2,r18_seed0,fixed_0_5,Big_Nose,0.3959574084100343,0.6600610279999676,4232
rotation_s2,r18_seed0,fixed_0_5,Double_Chin,0.20881226053639848,0.5721437851311878,913
rotation_s2,r18_seed0,fixed_0_5,Oval_Face,0.5483364485981308,0.5669392932033245,5901
rotation_s2,r18_seed0,fixed_0_5,Receding_Hairline,0.4671768022553363,0.6396625579329203,1694
rotation_s2,r18_seed0,fixed_0_5,Blond_Hair,0.8447721686519191,0.9137361413973846,2660
rotation_s2,r18_seed0,fixed_0_5,Brown_Hair,0.6989525234661951,0.7577805908329556,3587
rotation_s2,r18_seed0,fixed_0_5,Gray_Hair,0.7201309328968903,0.7942616043975802,636
rotation_s2,r18_seed0,fixed_0_5,Bald,0.7480719794344473,0.8264582289425075,423
rotation_s2,r18_seed0,fixed_0_5,Straight_Hair,0.5925064599483204,0.65990699622933,4190
rotation_s2,r18_seed0,fixed_0_5,Wavy_Hair,0.7472095582455589,0.8817454553426827,7267
rotation_s2,r18_seed0,fixed_0_5,Sideburns,0.6848602988953866,0.8394357489521612,926
rotation_s2,r50_seed0,frozen_thresholds,Smiling,0.9144395692062226,0.9777514605352358,9987
rotation_s2,r50_seed0,frozen_thresholds,Mouth_Slightly_Open,0.929911358482787,0.9821828541845701,9883
rotation_s2,r50_seed0,frozen_thresholds,Eyeglasses,0.9696491919590067,0.9901048234810016,1289
rotation_s2,r50_seed0,frozen_thresholds,Bangs,0.8563607085346215,0.9377861707044063,3109
rotation_s2,r50_seed0,frozen_thresholds,Wearing_Hat,0.8876941457586619,0.9488953506309892,839
rotation_s2,r50_seed0,frozen_thresholds,Mustache,0.5065573770491804,0.6553433677799058,772
rotation_s2,r50_seed0,frozen_thresholds,No_Beard,0.9706328968856546,0.9968828482007677,17041
rotation_s2,r50_seed0,frozen_thresholds,Black_Hair,0.8172510646008879,0.899420948001007,5422
rotation_s2,r50_seed0,frozen_thresholds,Bushy_Eyebrows,0.669929772291977,0.7585537810876323,2586
rotation_s2,r50_seed0,frozen_thresholds,Arched_Eyebrows,0.6377161238439888,0.7576719814273927,5678
rotation_s2,r50_seed0,frozen_thresholds,High_Cheekbones,0.8551427032848681,0.9445282306045925,9618
rotation_s2,r50_seed0,frozen_thresholds,Bags_Under_Eyes,0.5463600410136223,0.6359730939990305,4045
rotation_s2,r50_seed0,frozen_thresholds,Big_Lips,0.3395977579953841,0.5428942213735306,6528
rotation_s2,r50_seed0,frozen_thresholds,Big_Nose,0.5845615788158881,0.6624576191242236,4232
rotation_s2,r50_seed0,frozen_thresholds,Double_Chin,0.4531024531024531,0.5670610787515593,913
rotation_s2,r50_seed0,frozen_thresholds,Oval_Face,0.5525707169542786,0.5699154123157228,5901
rotation_s2,r50_seed0,frozen_thresholds,Receding_Hairline,0.5633321952884943,0.6358572746485672,1694
rotation_s2,r50_seed0,frozen_thresholds,Blond_Hair,0.8450488412181575,0.9149645178799887,2660
rotation_s2,r50_seed0,frozen_thresholds,Brown_Hair,0.6792328042328042,0.753101439705178,3587
rotation_s2,r50_seed0,frozen_thresholds,Gray_Hair,0.7275518035303147,0.798126104272835,636
rotation_s2,r50_seed0,frozen_thresholds,Bald,0.7790178571428571,0.8402774514376449,423
rotation_s2,r50_seed0,frozen_thresholds,Straight_Hair,0.6370460539663217,0.6549336024266044,4190
rotation_s2,r50_seed0,frozen_thresholds,Wavy_Hair,0.709221052631579,0.8851462937368413,7267
rotation_s2,r50_seed0,frozen_thresholds,Sideburns,0.7161572052401747,0.8396036008879312,926
rotation_s2,r50_seed0,fixed_0_5,Smiling,0.9109896544993168,0.9777514605352358,9987
rotation_s2,r50_seed0,fixed_0_5,Mouth_Slightly_Open,0.9233934789490345,0.9821828541845701,9883
rotation_s2,r50_seed0,fixed_0_5,Eyeglasses,0.9721240675304279,0.9901048234810016,1289
rotation_s2,r50_seed0,fixed_0_5,Bangs,0.8397790055248618,0.9377861707044063,3109
rotation_s2,r50_seed0,fixed_0_5,Wearing_Hat,0.8895594447797224,0.9488953506309892,839
rotation_s2,r50_seed0,fixed_0_5,Mustache,0.28039430449069,0.6553433677799058,772
rotation_s2,r50_seed0,fixed_0_5,No_Beard,0.9667577413479053,0.9968828482007677,17041
rotation_s2,r50_seed0,fixed_0_5,Black_Hair,0.808599695585997,0.899420948001007,5422
rotation_s2,r50_seed0,fixed_0_5,Bushy_Eyebrows,0.5520888418826018,0.7585537810876323,2586
rotation_s2,r50_seed0,fixed_0_5,Arched_Eyebrows,0.6003244997295836,0.7576719814273927,5678
rotation_s2,r50_seed0,fixed_0_5,High_Cheekbones,0.8566094100074683,0.9445282306045925,9618
rotation_s2,r50_seed0,fixed_0_5,Bags_Under_Eyes,0.2767039674465921,0.6359730939990305,4045
rotation_s2,r50_seed0,fixed_0_5,Big_Lips,0.15677090508334482,0.5428942213735306,6528
rotation_s2,r50_seed0,fixed_0_5,Big_Nose,0.35553047404063204,0.6624576191242236,4232
rotation_s2,r50_seed0,fixed_0_5,Double_Chin,0.25,0.5670610787515593,913
rotation_s2,r50_seed0,fixed_0_5,Oval_Face,0.5372456700857575,0.5699154123157228,5901
rotation_s2,r50_seed0,fixed_0_5,Receding_Hairline,0.3893569844789357,0.6358572746485672,1694
rotation_s2,r50_seed0,fixed_0_5,Blond_Hair,0.8429846212265046,0.9149645178799887,2660
rotation_s2,r50_seed0,fixed_0_5,Brown_Hair,0.6930258099945085,0.753101439705178,3587
rotation_s2,r50_seed0,fixed_0_5,Gray_Hair,0.7181153533712429,0.798126104272835,636
rotation_s2,r50_seed0,fixed_0_5,Bald,0.7674714104193139,0.8402774514376449,423
rotation_s2,r50_seed0,fixed_0_5,Straight_Hair,0.5968746029729386,0.6549336024266044,4190
rotation_s2,r50_seed0,fixed_0_5,Wavy_Hair,0.7411566535654127,0.8851462937368413,7267
rotation_s2,r50_seed0,fixed_0_5,Sideburns,0.6886109282422647,0.8396036008879312,926
rotation_s2,m3_seed0,frozen_thresholds,Smiling,0.9194763982546609,0.9802118485343515,9987
rotation_s2,m3_seed0,frozen_thresholds,Mouth_Slightly_Open,0.9302909776010048,0.9858709605914028,9883
rotation_s2,m3_seed0,frozen_thresholds,Eyeglasses,0.9673613841918993,0.9895895607592292,1289
rotation_s2,m3_seed0,frozen_thresholds,Bangs,0.8684253645747992,0.9450220439659365,3109
rotation_s2,m3_seed0,frozen_thresholds,Wearing_Hat,0.8992805755395683,0.959200281344577,839
rotation_s2,m3_seed0,frozen_thresholds,Mustache,0.5816733067729084,0.6438925223540749,772
rotation_s2,m3_seed0,frozen_thresholds,No_Beard,0.9723331513775965,0.9976513022080701,17041
rotation_s2,m3_seed0,frozen_thresholds,Black_Hair,0.8172235125960335,0.8976975370564587,5422
rotation_s2,m3_seed0,frozen_thresholds,Bushy_Eyebrows,0.6652397260273972,0.7624477171545252,2586
rotation_s2,m3_seed0,frozen_thresholds,Arched_Eyebrows,0.6548672566371682,0.7695246156661928,5678
rotation_s2,m3_seed0,frozen_thresholds,High_Cheekbones,0.8634492693969953,0.9494515664273614,9618
rotation_s2,m3_seed0,frozen_thresholds,Bags_Under_Eyes,0.5471475022169672,0.6498240946393137,4045
rotation_s2,m3_seed0,frozen_thresholds,Big_Lips,0.32121283903825654,0.5932969190600816,6528
rotation_s2,m3_seed0,frozen_thresholds,Big_Nose,0.586934417895272,0.6699661671660293,4232
rotation_s2,m3_seed0,frozen_thresholds,Double_Chin,0.4611906556141673,0.5975871680042284,913
rotation_s2,m3_seed0,frozen_thresholds,Oval_Face,0.5521617069062325,0.590065071623892,5901
rotation_s2,m3_seed0,frozen_thresholds,Receding_Hairline,0.6223529411764706,0.6517922623658448,1694
rotation_s2,m3_seed0,frozen_thresholds,Blond_Hair,0.8436363636363636,0.9189412819770041,2660
rotation_s2,m3_seed0,frozen_thresholds,Brown_Hair,0.6668813050010732,0.7558021583542076,3587
rotation_s2,m3_seed0,frozen_thresholds,Gray_Hair,0.7238866396761133,0.7910637234604283,636
rotation_s2,m3_seed0,frozen_thresholds,Bald,0.7668508287292818,0.823379749368329,423
rotation_s2,m3_seed0,frozen_thresholds,Straight_Hair,0.6226828782140722,0.6486509438368369,4190
rotation_s2,m3_seed0,frozen_thresholds,Wavy_Hair,0.7339167071787392,0.8855325987709965,7267
rotation_s2,m3_seed0,frozen_thresholds,Sideburns,0.7327790973871734,0.8428874937048743,926
rotation_s2,m3_seed0,fixed_0_5,Smiling,0.9206364992541024,0.9802118485343515,9987
rotation_s2,m3_seed0,fixed_0_5,Mouth_Slightly_Open,0.933464200847195,0.9858709605914028,9883
rotation_s2,m3_seed0,fixed_0_5,Eyeglasses,0.9661417322834646,0.9895895607592292,1289
rotation_s2,m3_seed0,fixed_0_5,Bangs,0.8643785404865045,0.9450220439659365,3109
rotation_s2,m3_seed0,fixed_0_5,Wearing_Hat,0.9002375296912114,0.959200281344577,839
rotation_s2,m3_seed0,fixed_0_5,Mustache,0.4155597722960152,0.6438925223540749,772
rotation_s2,m3_seed0,fixed_0_5,No_Beard,0.9750346740638003,0.9976513022080701,17041
rotation_s2,m3_seed0,fixed_0_5,Black_Hair,0.8173801212566599,0.8976975370564587,5422
rotation_s2,m3_seed0,fixed_0_5,Bushy_Eyebrows,0.5963945918878317,0.7624477171545252,2586
rotation_s2,m3_seed0,fixed_0_5,Arched_Eyebrows,0.5692202773357581,0.7695246156661928,5678
rotation_s2,m3_seed0,fixed_0_5,High_Cheekbones,0.8627681143954754,0.9494515664273614,9618
rotation_s2,m3_seed0,fixed_0_5,Bags_Under_Eyes,0.3658810325476992,0.6498240946393137,4045
rotation_s2,m3_seed0,fixed_0_5,Big_Lips,0.2181769864469838,0.5932969190600816,6528
rotation_s2,m3_seed0,fixed_0_5,Big_Nose,0.5249230769230769,0.6699661671660293,4232
rotation_s2,m3_seed0,fixed_0_5,Double_Chin,0.2911737943585077,0.5975871680042284,913
rotation_s2,m3_seed0,fixed_0_5,Oval_Face,0.5498547918683446,0.590065071623892,5901
rotation_s2,m3_seed0,fixed_0_5,Receding_Hairline,0.5884265279583876,0.6517922623658448,1694
rotation_s2,m3_seed0,fixed_0_5,Blond_Hair,0.8400312134217713,0.9189412819770041,2660
rotation_s2,m3_seed0,fixed_0_5,Brown_Hair,0.6777180406212664,0.7558021583542076,3587
rotation_s2,m3_seed0,fixed_0_5,Gray_Hair,0.7264296754250387,0.7910637234604283,636
rotation_s2,m3_seed0,fixed_0_5,Bald,0.7676991150442478,0.823379749368329,423
rotation_s2,m3_seed0,fixed_0_5,Straight_Hair,0.5639629831246598,0.6486509438368369,4190
rotation_s2,m3_seed0,fixed_0_5,Wavy_Hair,0.7171003408429628,0.8855325987709965,7267
rotation_s2,m3_seed0,fixed_0_5,Sideburns,0.6925525143220879,0.8428874937048743,926
rotation_s2,oracle_seed0,frozen_thresholds,Smiling,0.9151388959423087,0.9787598080731528,9987
rotation_s2,oracle_seed0,frozen_thresholds,Mouth_Slightly_Open,0.9235464351486451,0.983307224260221,9883
rotation_s2,oracle_seed0,frozen_thresholds,Eyeglasses,0.963021243115657,0.9890192604776389,1289
rotation_s2,oracle_seed0,frozen_thresholds,Bangs,0.8604881266490765,0.9421355835966122,3109
rotation_s2,oracle_seed0,frozen_thresholds,Wearing_Hat,0.894828588030215,0.9539386528044361,839
rotation_s2,oracle_seed0,frozen_thresholds,Mustache,0.5105386416861827,0.6234546996159079,772
rotation_s2,oracle_seed0,frozen_thresholds,No_Beard,0.9725826404672171,0.9975734514753998,17041
rotation_s2,oracle_seed0,frozen_thresholds,Black_Hair,0.8168837000449034,0.8973023262228752,5422
rotation_s2,oracle_seed0,frozen_thresholds,Bushy_Eyebrows,0.6716932356742783,0.76270079829461,2586
rotation_s2,oracle_seed0,frozen_thresholds,Arched_Eyebrows,0.6420590582601756,0.7588837546272689,5678
rotation_s2,oracle_seed0,frozen_thresholds,High_Cheekbones,0.8550350424197714,0.9421055572385802,9618
rotation_s2,oracle_seed0,frozen_thresholds,Bags_Under_Eyes,0.530827067669173,0.6388875027120342,4045
rotation_s2,oracle_seed0,frozen_thresholds,Big_Lips,0.2893679210814761,0.5835162108110625,6528
rotation_s2,oracle_seed0,frozen_thresholds,Big_Nose,0.570061689537958,0.6528726053557428,4232
rotation_s2,oracle_seed0,frozen_thresholds,Double_Chin,0.39805825242718446,0.5859087866004506,913
rotation_s2,oracle_seed0,frozen_thresholds,Oval_Face,0.5389447236180904,0.5638684585018803,5901
rotation_s2,oracle_seed0,frozen_thresholds,Receding_Hairline,0.61198738170347,0.6588488879344879,1694
rotation_s2,oracle_seed0,frozen_thresholds,Blond_Hair,0.8436213991769548,0.9138018695758976,2660
rotation_s2,oracle_seed0,frozen_thresholds,Brown_Hair,0.676251097453907,0.7595581391317571,3587
rotation_s2,oracle_seed0,frozen_thresholds,Gray_Hair,0.7191188040912667,0.7847140942107014,636
rotation_s2,oracle_seed0,frozen_thresholds,Bald,0.7616875712656784,0.8221243017413824,423
rotation_s2,oracle_seed0,frozen_thresholds,Straight_Hair,0.622282045972251,0.6594770400388459,4190
rotation_s2,oracle_seed0,frozen_thresholds,Wavy_Hair,0.7274506605773936,0.8823778639638824,7267
rotation_s2,oracle_seed0,frozen_thresholds,Sideburns,0.7090012330456227,0.8367587367003348,926
rotation_s2,oracle_seed0,fixed_0_5,Smiling,0.9164914388705316,0.9787598080731528,9987
rotation_s2,oracle_seed0,fixed_0_5,Mouth_Slightly_Open,0.9307601498742494,0.983307224260221,9883
rotation_s2,oracle_seed0,fixed_0_5,Eyeglasses,0.9619952494061758,0.9890192604776389,1289
rotation_s2,oracle_seed0,fixed_0_5,Bangs,0.8356309650053022,0.9421355835966122,3109
rotation_s2,oracle_seed0,fixed_0_5,Wearing_Hat,0.8972073677956031,0.9539386528044361,839
rotation_s2,oracle_seed0,fixed_0_5,Mustache,0.3762183235867446,0.6234546996159079,772
rotation_s2,oracle_seed0,fixed_0_5,No_Beard,0.9745559566787003,0.9975734514753998,17041
rotation_s2,oracle_seed0,fixed_0_5,Black_Hair,0.8167966624342463,0.8973023262228752,5422
rotation_s2,oracle_seed0,fixed_0_5,Bushy_Eyebrows,0.6409122643704911,0.76270079829461,2586
rotation_s2,oracle_seed0,fixed_0_5,Arched_Eyebrows,0.508923151632876,0.7588837546272689,5678
rotation_s2,oracle_seed0,fixed_0_5,High_Cheekbones,0.854989604989605,0.9421055572385802,9618
rotation_s2,oracle_seed0,fixed_0_5,Bags_Under_Eyes,0.310909449595581,0.6388875027120342,4045
rotation_s2,oracle_seed0,fixed_0_5,Big_Lips,0.3280373831775701,0.5835162108110625,6528
rotation_s2,oracle_seed0,fixed_0_5,Big_Nose,0.4782047142395867,0.6528726053557428,4232
rotation_s2,oracle_seed0,fixed_0_5,Double_Chin,0.25210084033613445,0.5859087866004506,913
rotation_s2,oracle_seed0,fixed_0_5,Oval_Face,0.49166425749253156,0.5638684585018803,5901
rotation_s2,oracle_seed0,fixed_0_5,Receding_Hairline,0.5646475380800566,0.6588488879344879,1694
rotation_s2,oracle_seed0,fixed_0_5,Blond_Hair,0.8257394084732215,0.9138018695758976,2660
rotation_s2,oracle_seed0,fixed_0_5,Brown_Hair,0.6932599724896836,0.7595581391317571,3587
rotation_s2,oracle_seed0,fixed_0_5,Gray_Hair,0.7015057573073517,0.7847140942107014,636
rotation_s2,oracle_seed0,fixed_0_5,Bald,0.7581227436823105,0.8221243017413824,423
rotation_s2,oracle_seed0,fixed_0_5,Straight_Hair,0.5237950894210367,0.6594770400388459,4190
rotation_s2,oracle_seed0,fixed_0_5,Wavy_Hair,0.773187495380977,0.8823778639638824,7267
rotation_s2,oracle_seed0,fixed_0_5,Sideburns,0.7008760951188986,0.8367587367003348,926
rotation_s3,r18_seed0,frozen_thresholds,Smiling,0.9070925992501669,0.97518186019565,9987
rotation_s3,r18_seed0,frozen_thresholds,Mouth_Slightly_Open,0.9214686914915747,0.9810650765453697,9883
rotation_s3,r18_seed0,frozen_thresholds,Eyeglasses,0.9505030181086519,0.9862641763275353,1289
rotation_s3,r18_seed0,frozen_thresholds,Bangs,0.8397177419354839,0.9323552660055333,3109
rotation_s3,r18_seed0,frozen_thresholds,Wearing_Hat,0.8968395945140131,0.9439791526998625,839
rotation_s3,r18_seed0,frozen_thresholds,Mustache,0.47254575707154745,0.5848025994666892,772
rotation_s3,r18_seed0,frozen_thresholds,No_Beard,0.967187856653732,0.9967734052437017,17041
rotation_s3,r18_seed0,frozen_thresholds,Black_Hair,0.814,0.893736407346239,5422
rotation_s3,r18_seed0,frozen_thresholds,Bushy_Eyebrows,0.6294370336875424,0.7301163926278699,2586
rotation_s3,r18_seed0,frozen_thresholds,Arched_Eyebrows,0.5031400966183575,0.7347132518457347,5678
rotation_s3,r18_seed0,frozen_thresholds,High_Cheekbones,0.8444302856536052,0.935153080933651,9618
rotation_s3,r18_seed0,frozen_thresholds,Bags_Under_Eyes,0.5060773480662983,0.6335071709490399,4045
rotation_s3,r18_seed0,frozen_thresholds,Big_Lips,0.19346195069667738,0.5738317697616571,6528
rotation_s3,r18_seed0,frozen_thresholds,Big_Nose,0.545021186440678,0.6326341173672186,4232
rotation_s3,r18_seed0,frozen_thresholds,Double_Chin,0.3403185247275775,0.5308695464543798,913
rotation_s3,r18_seed0,frozen_thresholds,Oval_Face,0.5409252669039146,0.5416995208087589,5901
rotation_s3,r18_seed0,frozen_thresholds,Receding_Hairline,0.5526132404181184,0.6328719279685189,1694
rotation_s3,r18_seed0,frozen_thresholds,Blond_Hair,0.8333009897147293,0.9112467055176039,2660
rotation_s3,r18_seed0,frozen_thresholds,Brown_Hair,0.6599164926931107,0.7536187665128589,3587
rotation_s3,r18_seed0,frozen_thresholds,Gray_Hair,0.7089678510998308,0.7832413618188769,636
rotation_s3,r18_seed0,frozen_thresholds,Bald,0.7532163742690059,0.8167962963933171,423
rotation_s3,r18_seed0,frozen_thresholds,Straight_Hair,0.613536872825233,0.6430713604039122,4190
rotation_s3,r18_seed0,frozen_thresholds,Wavy_Hair,0.7317777243204234,0.8735885194480184,7267
rotation_s3,r18_seed0,frozen_thresholds,Sideburns,0.6491582491582492,0.8209911257683413,926
rotation_s3,r18_seed0,fixed_0_5,Smiling,0.9074128620520373,0.97518186019565,9987
rotation_s3,r18_seed0,fixed_0_5,Mouth_Slightly_Open,0.9186919321820377,0.9810650765453697,9883
rotation_s3,r18_seed0,fixed_0_5,Eyeglasses,0.9212924606462303,0.9862641763275353,1289
rotation_s3,r18_seed0,fixed_0_5,Bangs,0.8032967032967033,0.9323552660055333,3109
rotation_s3,r18_seed0,fixed_0_5,Wearing_Hat,0.8793532338308457,0.9439791526998625,839
rotation_s3,r18_seed0,fixed_0_5,Mustache,0.1108433734939759,0.5848025994666892,772
rotation_s3,r18_seed0,fixed_0_5,No_Beard,0.9620152844607982,0.9967734052437017,17041
rotation_s3,r18_seed0,fixed_0_5,Black_Hair,0.8016209957545349,0.893736407346239,5422
rotation_s3,r18_seed0,fixed_0_5,Bushy_Eyebrows,0.4725523486134692,0.7301163926278699,2586
rotation_s3,r18_seed0,fixed_0_5,Arched_Eyebrows,0.3288609763060234,0.7347132518457347,5678
rotation_s3,r18_seed0,fixed_0_5,High_Cheekbones,0.8457305889545547,0.935153080933651,9618
rotation_s3,r18_seed0,fixed_0_5,Bags_Under_Eyes,0.18556701030927836,0.6335071709490399,4045
rotation_s3,r18_seed0,fixed_0_5,Big_Lips,0.07521668870280593,0.5738317697616571,6528
rotation_s3,r18_seed0,fixed_0_5,Big_Nose,0.29067245119305857,0.6326341173672186,4232
rotation_s3,r18_seed0,fixed_0_5,Double_Chin,0.1168032786885246,0.5308695464543798,913
rotation_s3,r18_seed0,fixed_0_5,Oval_Face,0.5331334332833583,0.5416995208087589,5901
rotation_s3,r18_seed0,fixed_0_5,Receding_Hairline,0.4316365166175852,0.6328719279685189,1694
rotation_s3,r18_seed0,fixed_0_5,Blond_Hair,0.8367464114832536,0.9112467055176039,2660
rotation_s3,r18_seed0,fixed_0_5,Brown_Hair,0.6937114349481424,0.7536187665128589,3587
rotation_s3,r18_seed0,fixed_0_5,Gray_Hair,0.7082630691399663,0.7832413618188769,636
rotation_s3,r18_seed0,fixed_0_5,Bald,0.7224435590969456,0.8167962963933171,423
rotation_s3,r18_seed0,fixed_0_5,Straight_Hair,0.5712765957446808,0.6430713604039122,4190
rotation_s3,r18_seed0,fixed_0_5,Wavy_Hair,0.7446043165467626,0.8735885194480184,7267
rotation_s3,r18_seed0,fixed_0_5,Sideburns,0.6124469589816125,0.8209911257683413,926
rotation_s3,r50_seed0,frozen_thresholds,Smiling,0.8901835985312118,0.9651166672095598,9987
rotation_s3,r50_seed0,frozen_thresholds,Mouth_Slightly_Open,0.9214340198321892,0.9781599674242895,9883
rotation_s3,r50_seed0,frozen_thresholds,Eyeglasses,0.947198710197501,0.9897038514105275,1289
rotation_s3,r50_seed0,frozen_thresholds,Bangs,0.8383274081598104,0.9291346450118777,3109
rotation_s3,r50_seed0,frozen_thresholds,Wearing_Hat,0.8902007083825265,0.9425633533735587,839
rotation_s3,r50_seed0,frozen_thresholds,Mustache,0.3607532210109019,0.6173124854334531,772
rotation_s3,r50_seed0,frozen_thresholds,No_Beard,0.9642248722316865,0.9958954264544384,17041
rotation_s3,r50_seed0,frozen_thresholds,Black_Hair,0.8107011070110701,0.896334769551572,5422
rotation_s3,r50_seed0,frozen_thresholds,Bushy_Eyebrows,0.6225410784540616,0.7243681902968748,2586
rotation_s3,r50_seed0,frozen_thresholds,Arched_Eyebrows,0.5300642148277875,0.7361617660074776,5678
rotation_s3,r50_seed0,frozen_thresholds,High_Cheekbones,0.8322675848499754,0.9297075334490812,9618
rotation_s3,r50_seed0,frozen_thresholds,Bags_Under_Eyes,0.47665056360708535,0.6187814317384763,4045
rotation_s3,r50_seed0,frozen_thresholds,Big_Lips,0.24178549287042778,0.5322291991342329,6528
rotation_s3,r50_seed0,frozen_thresholds,Big_Nose,0.5614727153188692,0.6436935548250945,4232
rotation_s3,r50_seed0,frozen_thresholds,Double_Chin,0.35661462612982747,0.5251761768959048,913
rotation_s3,r50_seed0,frozen_thresholds,Oval_Face,0.54809281822078,0.5455764346175993,5901
rotation_s3,r50_seed0,frozen_thresholds,Receding_Hairline,0.5131480090157776,0.6246568287991595,1694
rotation_s3,r50_seed0,frozen_thresholds,Blond_Hair,0.8381435257410297,0.9129459887093601,2660
rotation_s3,r50_seed0,frozen_thresholds,Brown_Hair,0.674428633031479,0.751203686642187,3587
rotation_s3,r50_seed0,frozen_thresholds,Gray_Hair,0.7082683307332294,0.7812888095560909,636
rotation_s3,r50_seed0,frozen_thresholds,Bald,0.7654609101516919,0.8350699531923772,423
rotation_s3,r50_seed0,frozen_thresholds,Straight_Hair,0.6270066100094429,0.6421177313576196,4190
rotation_s3,r50_seed0,frozen_thresholds,Wavy_Hair,0.695467662536072,0.8791189086236365,7267
rotation_s3,r50_seed0,frozen_thresholds,Sideburns,0.6328767123287671,0.8144109849921318,926
rotation_s3,r50_seed0,fixed_0_5,Smiling,0.8848484848484849,0.9651166672095598,9987
rotation_s3,r50_seed0,fixed_0_5,Mouth_Slightly_Open,0.9184982648017668,0.9781599674242895,9883
rotation_s3,r50_seed0,fixed_0_5,Eyeglasses,0.9523046092184368,0.9897038514105275,1289
rotation_s3,r50_seed0,fixed_0_5,Bangs,0.8055959302325582,0.9291346450118777,3109
rotation_s3,r50_seed0,fixed_0_5,Wearing_Hat,0.8867699642431466,0.9425633533735587,839
rotation_s3,r50_seed0,fixed_0_5,Mustache,0.14131736526946106,0.6173124854334531,772
rotation_s3,r50_seed0,fixed_0_5,No_Beard,0.9599548469027798,0.9958954264544384,17041
rotation_s3,r50_seed0,fixed_0_5,Black_Hair,0.8007751937984496,0.896334769551572,5422
rotation_s3,r50_seed0,fixed_0_5,Bushy_Eyebrows,0.4357704631517623,0.7243681902968748,2586
rotation_s3,r50_seed0,fixed_0_5,Arched_Eyebrows,0.46017699115044247,0.7361617660074776,5678
rotation_s3,r50_seed0,fixed_0_5,High_Cheekbones,0.8352122552456983,0.9297075334490812,9618
rotation_s3,r50_seed0,fixed_0_5,Bags_Under_Eyes,0.18728222996515678,0.6187814317384763,4045
rotation_s3,r50_seed0,fixed_0_5,Big_Lips,0.07213018618970825,0.5322291991342329,6528
rotation_s3,r50_seed0,fixed_0_5,Big_Nose,0.2955393987030851,0.6436935548250945,4232
rotation_s3,r50_seed0,fixed_0_5,Double_Chin,0.15553339980059822,0.5251761768959048,913
rotation_s3,r50_seed0,fixed_0_5,Oval_Face,0.49486461251167135,0.5455764346175993,5901
rotation_s3,r50_seed0,fixed_0_5,Receding_Hairline,0.29164654756156444,0.6246568287991595,1694
rotation_s3,r50_seed0,fixed_0_5,Blond_Hair,0.8379996138250627,0.9129459887093601,2660
rotation_s3,r50_seed0,fixed_0_5,Brown_Hair,0.6961045891141943,0.751203686642187,3587
rotation_s3,r50_seed0,fixed_0_5,Gray_Hair,0.7055921052631579,0.7812888095560909,636
rotation_s3,r50_seed0,fixed_0_5,Bald,0.7219251336898396,0.8350699531923772,423
rotation_s3,r50_seed0,fixed_0_5,Straight_Hair,0.5719989353207346,0.6421177313576196,4190
rotation_s3,r50_seed0,fixed_0_5,Wavy_Hair,0.7316324882932344,0.8791189086236365,7267
rotation_s3,r50_seed0,fixed_0_5,Sideburns,0.5870356882738529,0.8144109849921318,926
rotation_s3,m3_seed0,frozen_thresholds,Smiling,0.9101923368165985,0.9757495023924379,9987
rotation_s3,m3_seed0,frozen_thresholds,Mouth_Slightly_Open,0.9217832778042202,0.9837770840707327,9883
rotation_s3,m3_seed0,frozen_thresholds,Eyeglasses,0.9553784860557769,0.9865929782959338,1289
rotation_s3,m3_seed0,frozen_thresholds,Bangs,0.8496993987975952,0.9361750434921386,3109
rotation_s3,m3_seed0,frozen_thresholds,Wearing_Hat,0.8943283582089552,0.9534808442853878,839
rotation_s3,m3_seed0,frozen_thresholds,Mustache,0.5476190476190477,0.6191565289585143,772
rotation_s3,m3_seed0,frozen_thresholds,No_Beard,0.9694180862009832,0.9973082469893939,17041
rotation_s3,m3_seed0,frozen_thresholds,Black_Hair,0.8135683760683761,0.8941696999159964,5422
rotation_s3,m3_seed0,frozen_thresholds,Bushy_Eyebrows,0.6229200843684087,0.7424572300797283,2586
rotation_s3,m3_seed0,frozen_thresholds,Arched_Eyebrows,0.5866201786881674,0.7517576424977686,5678
rotation_s3,m3_seed0,frozen_thresholds,High_Cheekbones,0.8523368355675172,0.9407232003290631,9618
rotation_s3,m3_seed0,frozen_thresholds,Bags_Under_Eyes,0.5046173110032869,0.6386914307819243,4045
rotation_s3,m3_seed0,frozen_thresholds,Big_Lips,0.23595505617977527,0.5940899898211137,6528
rotation_s3,m3_seed0,frozen_thresholds,Big_Nose,0.5581588798003605,0.6569025142041738,4232
rotation_s3,m3_seed0,frozen_thresholds,Double_Chin,0.37695473251028805,0.5655605016836629,913
rotation_s3,m3_seed0,frozen_thresholds,Oval_Face,0.5484919322652375,0.5765060198440661,5901
rotation_s3,m3_seed0,frozen_thresholds,Receding_Hairline,0.6061167747914736,0.6397084591726163,1694
rotation_s3,m3_seed0,frozen_thresholds,Blond_Hair,0.8343898573692552,0.9163670914004273,2660
rotation_s3,m3_seed0,frozen_thresholds,Brown_Hair,0.6600798822787471,0.7525752376083337,3587
rotation_s3,m3_seed0,frozen_thresholds,Gray_Hair,0.7271228359439407,0.7880490137476166,636
rotation_s3,m3_seed0,frozen_thresholds,Bald,0.7547592385218365,0.8097617129902923,423
rotation_s3,m3_seed0,frozen_thresholds,Straight_Hair,0.6073372303970973,0.6280590658909679,4190
rotation_s3,m3_seed0,frozen_thresholds,Wavy_Hair,0.7223635617562577,0.8815163858114647,7267
rotation_s3,m3_seed0,frozen_thresholds,Sideburns,0.6966292134831461,0.8308159642539559,926
rotation_s3,m3_seed0,fixed_0_5,Smiling,0.9105452336353972,0.9757495023924379,9987
rotation_s3,m3_seed0,fixed_0_5,Mouth_Slightly_Open,0.9274092615769712,0.9837770840707327,9883
rotation_s3,m3_seed0,fixed_0_5,Eyeglasses,0.9549621363092866,0.9865929782959338,1289
rotation_s3,m3_seed0,fixed_0_5,Bangs,0.8446717817561807,0.9361750434921386,3109
rotation_s3,m3_seed0,fixed_0_5,Wearing_Hat,0.8945497630331753,0.9534808442853878,839
rotation_s3,m3_seed0,fixed_0_5,Mustache,0.28844114528101805,0.6191565289585143,772
rotation_s3,m3_seed0,fixed_0_5,No_Beard,0.9723013202174475,0.9973082469893939,17041
rotation_s3,m3_seed0,fixed_0_5,Black_Hair,0.8147537982793337,0.8941696999159964,5422
rotation_s3,m3_seed0,fixed_0_5,Bushy_Eyebrows,0.5194451998912156,0.7424572300797283,2586
rotation_s3,m3_seed0,fixed_0_5,Arched_Eyebrows,0.46878561479042674,0.7517576424977686,5678
rotation_s3,m3_seed0,fixed_0_5,High_Cheekbones,0.846262341325811,0.9407232003290631,9618
rotation_s3,m3_seed0,fixed_0_5,Bags_Under_Eyes,0.30193188607847044,0.6386914307819243,4045
rotation_s3,m3_seed0,fixed_0_5,Big_Lips,0.1458274796291093,0.5940899898211137,6528
rotation_s3,m3_seed0,fixed_0_5,Big_Nose,0.4587585745357203,0.6569025142041738,4232
rotation_s3,m3_seed0,fixed_0_5,Double_Chin,0.21215043394406943,0.5655605016836629,913
rotation_s3,m3_seed0,fixed_0_5,Oval_Face,0.5214940098661028,0.5765060198440661,5901
rotation_s3,m3_seed0,fixed_0_5,Receding_Hairline,0.5717241379310345,0.6397084591726163,1694
rotation_s3,m3_seed0,fixed_0_5,Blond_Hair,0.8276557145736747,0.9163670914004273,2660
rotation_s3,m3_seed0,fixed_0_5,Brown_Hair,0.676418958455237,0.7525752376083337,3587
rotation_s3,m3_seed0,fixed_0_5,Gray_Hair,0.7293754818812644,0.7880490137476166,636
rotation_s3,m3_seed0,fixed_0_5,Bald,0.7584650112866818,0.8097617129902923,423
rotation_s3,m3_seed0,fixed_0_5,Straight_Hair,0.535958664990923,0.6280590658909679,4190
rotation_s3,m3_seed0,fixed_0_5,Wavy_Hair,0.7032633442954718,0.8815163858114647,7267
rotation_s3,m3_seed0,fixed_0_5,Sideburns,0.6490872210953347,0.8308159642539559,926
rotation_s3,oracle_seed0,frozen_thresholds,Smiling,0.8997289972899729,0.972856459662619,9987
rotation_s3,oracle_seed0,frozen_thresholds,Mouth_Slightly_Open,0.9165250637213254,0.9815207017266291,9883
rotation_s3,oracle_seed0,frozen_thresholds,Eyeglasses,0.9516966067864271,0.9859623042207316,1289
rotation_s3,oracle_seed0,frozen_thresholds,Bangs,0.8377963499914719,0.9316396404607477,3109
rotation_s3,oracle_seed0,frozen_thresholds,Wearing_Hat,0.8989023685730791,0.9477489951521255,839
rotation_s3,oracle_seed0,frozen_thresholds,Mustache,0.3936269915651359,0.5884470599944066,772
rotation_s3,oracle_seed0,frozen_thresholds,No_Beard,0.9686793856010983,0.9970937147202408,17041
rotation_s3,oracle_seed0,frozen_thresholds,Black_Hair,0.8123700153720951,0.8915195412630529,5422
rotation_s3,oracle_seed0,frozen_thresholds,Bushy_Eyebrows,0.5971518223509534,0.7327690725733487,2586
rotation_s3,oracle_seed0,frozen_thresholds,Arched_Eyebrows,0.5262660842875694,0.7357846715676069,5678
rotation_s3,oracle_seed0,frozen_thresholds,High_Cheekbones,0.8330637334196053,0.9246354794360507,9618
rotation_s3,oracle_seed0,frozen_thresholds,Bags_Under_Eyes,0.4647794601711652,0.6224118409593095,4045
rotation_s3,oracle_seed0,frozen_thresholds,Big_Lips,0.191348874814715,0.5803400012916586,6528
rotation_s3,oracle_seed0,frozen_thresholds,Big_Nose,0.5325707909052867,0.6291320718475526,4232
rotation_s3,oracle_seed0,frozen_thresholds,Double_Chin,0.28390596745027125,0.5564243096641066,913
rotation_s3,oracle_seed0,frozen_thresholds,Oval_Face,0.5293071018250216,0.5390344119569829,5901
rotation_s3,oracle_seed0,frozen_thresholds,Receding_Hairline,0.5856613934702121,0.6467712291347986,1694
rotation_s3,oracle_seed0,frozen_thresholds,Blond_Hair,0.8341286505058217,0.9114986358800399,2660
rotation_s3,oracle_seed0,frozen_thresholds,Brown_Hair,0.6681798530047557,0.7503889943754036,3587
rotation_s3,oracle_seed0,frozen_thresholds,Gray_Hair,0.7132644956314536,0.7760190247523882,636
rotation_s3,oracle_seed0,frozen_thresholds,Bald,0.7292161520190024,0.8008285524596345,423
rotation_s3,oracle_seed0,frozen_thresholds,Straight_Hair,0.6101490132903745,0.6353163962033008,4190
rotation_s3,oracle_seed0,frozen_thresholds,Wavy_Hair,0.7069627650692937,0.8766235145776364,7267
rotation_s3,oracle_seed0,frozen_thresholds,Sideburns,0.6635761589403973,0.821167731768851,926
rotation_s3,oracle_seed0,fixed_0_5,Smiling,0.9045087414374808,0.972856459662619,9987
rotation_s3,oracle_seed0,fixed_0_5,Mouth_Slightly_Open,0.9276271796718276,0.9815207017266291,9883
rotation_s3,oracle_seed0,fixed_0_5,Eyeglasses,0.9417004048582996,0.9859623042207316,1289
rotation_s3,oracle_seed0,fixed_0_5,Bangs,0.7988220136204676,0.9316396404607477,3109
rotation_s3,oracle_seed0,fixed_0_5,Wearing_Hat,0.8970059880239521,0.9477489951521255,839
rotation_s3,oracle_seed0,fixed_0_5,Mustache,0.2135706340378198,0.5884470599944066,772
rotation_s3,oracle_seed0,fixed_0_5,No_Beard,0.9702606499023998,0.9970937147202408,17041
rotation_s3,oracle_seed0,fixed_0_5,Black_Hair,0.8102329830973047,0.8915195412630529,5422
rotation_s3,oracle_seed0,fixed_0_5,Bushy_Eyebrows,0.5420267085624509,0.7327690725733487,2586
rotation_s3,oracle_seed0,fixed_0_5,Arched_Eyebrows,0.3264196824488628,0.7357846715676069,5678
rotation_s3,oracle_seed0,fixed_0_5,High_Cheekbones,0.835588919433284,0.9246354794360507,9618
rotation_s3,oracle_seed0,fixed_0_5,Bags_Under_Eyes,0.2317741255794353,0.6224118409593095,4045
rotation_s3,oracle_seed0,fixed_0_5,Big_Lips,0.2218725413060582,0.5803400012916586,6528
rotation_s3,oracle_seed0,fixed_0_5,Big_Nose,0.39461088459493,0.6291320718475526,4232
rotation_s3,oracle_seed0,fixed_0_5,Double_Chin,0.15415415415415415,0.5564243096641066,913
rotation_s3,oracle_seed0,fixed_0_5,Oval_Face,0.45336866782183266,0.5390344119569829,5901
rotation_s3,oracle_seed0,fixed_0_5,Receding_Hairline,0.525679758308157,0.6467712291347986,1694
rotation_s3,oracle_seed0,fixed_0_5,Blond_Hair,0.8130479102956167,0.9114986358800399,2660
rotation_s3,oracle_seed0,fixed_0_5,Brown_Hair,0.6869482547874508,0.7503889943754036,3587
rotation_s3,oracle_seed0,fixed_0_5,Gray_Hair,0.6876687668766877,0.7760190247523882,636
rotation_s3,oracle_seed0,fixed_0_5,Bald,0.7171717171717171,0.8008285524596345,423
rotation_s3,oracle_seed0,fixed_0_5,Straight_Hair,0.5068596411879994,0.6353163962033008,4190
rotation_s3,oracle_seed0,fixed_0_5,Wavy_Hair,0.7593445593898663,0.8766235145776364,7267
rotation_s3,oracle_seed0,fixed_0_5,Sideburns,0.6509115462525321,0.821167731768851,926
rotation_s4,r18_seed0,frozen_thresholds,Smiling,0.8836691410392364,0.9663037031707769,9987
rotation_s4,r18_seed0,frozen_thresholds,Mouth_Slightly_Open,0.9151655119322556,0.9760642552490113,9883
rotation_s4,r18_seed0,frozen_thresholds,Eyeglasses,0.9095477386934674,0.980353156362724,1289
rotation_s4,r18_seed0,frozen_thresholds,Bangs,0.8174575684101143,0.9165986075497676,3109
rotation_s4,r18_seed0,frozen_thresholds,Wearing_Hat,0.8788059701492538,0.9367058176636422,839
rotation_s4,r18_seed0,frozen_thresholds,Mustache,0.32517140058765914,0.5251125895480686,772
rotation_s4,r18_seed0,frozen_thresholds,No_Beard,0.9605050819625719,0.9954188124186623,17041
rotation_s4,r18_seed0,frozen_thresholds,Black_Hair,0.8051924139200883,0.8891937065739616,5422
rotation_s4,r18_seed0,frozen_thresholds,Bushy_Eyebrows,0.5233012236396771,0.6932697401789896,2586
rotation_s4,r18_seed0,frozen_thresholds,Arched_Eyebrows,0.3964991380453521,0.7008152771857485,5678
rotation_s4,r18_seed0,frozen_thresholds,High_Cheekbones,0.8114597544338336,0.9141586490487399,9618
rotation_s4,r18_seed0,frozen_thresholds,Bags_Under_Eyes,0.45714285714285713,0.6164871753790783,4045
rotation_s4,r18_seed0,frozen_thresholds,Big_Lips,0.1188034188034188,0.5682189035039543,6528
rotation_s4,r18_seed0,frozen_thresholds,Big_Nose,0.502799712849964,0.6057060746120886,4232
rotation_s4,r18_seed0,frozen_thresholds,Double_Chin,0.25316455696202533,0.48821652650186137,913
rotation_s4,r18_seed0,frozen_thresholds,Oval_Face,0.5272356167878556,0.5026645388320012,5901
rotation_s4,r18_seed0,frozen_thresholds,Receding_Hairline,0.5349587665830047,0.6204246395423099,1694
rotation_s4,r18_seed0,frozen_thresholds,Blond_Hair,0.8299160320249951,0.909135093853616,2660
rotation_s4,r18_seed0,frozen_thresholds,Brown_Hair,0.6530234471410942,0.7445093452220789,3587
rotation_s4,r18_seed0,frozen_thresholds,Gray_Hair,0.6856158484065461,0.766823091255609,636
rotation_s4,r18_seed0,frozen_thresholds,Bald,0.732934131736527,0.8020058994479607,423
rotation_s4,r18_seed0,frozen_thresholds,Straight_Hair,0.5857662094032126,0.6138704441052147,4190
rotation_s4,r18_seed0,frozen_thresholds,Wavy_Hair,0.7270986275135652,0.8640757214307822,7267
rotation_s4,r18_seed0,frozen_thresholds,Sideburns,0.5695461200585652,0.8035447830305559,926
rotation_s4,r18_seed0,fixed_0_5,Smiling,0.8950067207646737,0.9663037031707769,9987
rotation_s4,r18_seed0,fixed_0_5,Mouth_Slightly_Open,0.91359309160901,0.9760642552490113,9883
rotation_s4,r18_seed0,fixed_0_5,Eyeglasses,0.8418708240534521,0.980353156362724,1289
rotation_s4,r18_seed0,fixed_0_5,Bangs,0.7600767754318618,0.9165986075497676,3109
rotation_s4,r18_seed0,fixed_0_5,Wearing_Hat,0.8634639696586599,0.9367058176636422,839
rotation_s4,r18_seed0,fixed_0_5,Mustache,0.052763819095477386,0.5251125895480686,772
rotation_s4,r18_seed0,fixed_0_5,No_Beard,0.9547854414738262,0.9954188124186623,17041
rotation_s4,r18_seed0,fixed_0_5,Black_Hair,0.7912368602023775,0.8891937065739616,5422
rotation_s4,r18_seed0,fixed_0_5,Bushy_Eyebrows,0.32562559391827683,0.6932697401789896,2586
rotation_s4,r18_seed0,fixed_0_5,Arched_Eyebrows,0.21204147964711345,0.7008152771857485,5678
rotation_s4,r18_seed0,fixed_0_5,High_Cheekbones,0.8202160095085526,0.9141586490487399,9618
rotation_s4,r18_seed0,fixed_0_5,Bags_Under_Eyes,0.13626075147125397,0.6164871753790783,4045
rotation_s4,r18_seed0,fixed_0_5,Big_Lips,0.03429602888086643,0.5682189035039543,6528
rotation_s4,r18_seed0,fixed_0_5,Big_Nose,0.1944853715007367,0.6057060746120886,4232
rotation_s4,r18_seed0,fixed_0_5,Double_Chin,0.059447983014861996,0.48821652650186137,913
rotation_s4,r18_seed0,fixed_0_5,Oval_Face,0.4975981447738943,0.5026645388320012,5901
rotation_s4,r18_seed0,fixed_0_5,Receding_Hairline,0.41527241527241526,0.6204246395423099,1694
rotation_s4,r18_seed0,fixed_0_5,Blond_Hair,0.8304071001350569,0.909135093853616,2660
rotation_s4,r18_seed0,fixed_0_5,Brown_Hair,0.6897805479807817,0.7445093452220789,3587
rotation_s4,r18_seed0,fixed_0_5,Gray_Hair,0.6917808219178082,0.766823091255609,636
rotation_s4,r18_seed0,fixed_0_5,Bald,0.6570605187319885,0.8020058994479607,423
rotation_s4,r18_seed0,fixed_0_5,Straight_Hair,0.532051282051282,0.6138704441052147,4190
rotation_s4,r18_seed0,fixed_0_5,Wavy_Hair,0.7426003409267008,0.8640757214307822,7267
rotation_s4,r18_seed0,fixed_0_5,Sideburns,0.5185758513931888,0.8035447830305559,926
rotation_s4,r50_seed0,frozen_thresholds,Smiling,0.8526604290709763,0.939746028429775,9987
rotation_s4,r50_seed0,frozen_thresholds,Mouth_Slightly_Open,0.9050569658205077,0.9708777982340872,9883
rotation_s4,r50_seed0,frozen_thresholds,Eyeglasses,0.9044210526315789,0.9847556584508981,1289
rotation_s4,r50_seed0,frozen_thresholds,Bangs,0.8070113314447592,0.915431706171456,3109
rotation_s4,r50_seed0,frozen_thresholds,Wearing_Hat,0.8755113968439509,0.9308525666621038,839
rotation_s4,r50_seed0,frozen_thresholds,Mustache,0.2672413793103448,0.5667277322080917,772
rotation_s4,r50_seed0,frozen_thresholds,No_Beard,0.9595777112854965,0.9946590507145101,17041
rotation_s4,r50_seed0,frozen_thresholds,Black_Hair,0.8033771106941838,0.8901300778176335,5422
rotation_s4,r50_seed0,frozen_thresholds,Bushy_Eyebrows,0.5038127793846963,0.6724033383211472,2586
rotation_s4,r50_seed0,frozen_thresholds,Arched_Eyebrows,0.4359464627151052,0.7101404408435246,5678
rotation_s4,r50_seed0,frozen_thresholds,High_Cheekbones,0.7866385452887191,0.900658765201391,9618
rotation_s4,r50_seed0,frozen_thresholds,Bags_Under_Eyes,0.45544554455445546,0.6009871607526627,4045
rotation_s4,r50_seed0,frozen_thresholds,Big_Lips,0.18789640591966172,0.5318526869014073,6528
rotation_s4,r50_seed0,frozen_thresholds,Big_Nose,0.5425950196592398,0.6192581177153674,4232
rotation_s4,r50_seed0,frozen_thresholds,Double_Chin,0.33056478405315615,0.48347456270143824,913
rotation_s4,r50_seed0,frozen_thresholds,Oval_Face,0.5326907861612602,0.5164751315005499,5901
rotation_s4,r50_seed0,frozen_thresholds,Receding_Hairline,0.469558296856347,0.6106596343476912,1694
rotation_s4,r50_seed0,frozen_thresholds,Blond_Hair,0.8326026305300916,0.912038066635772,2660
rotation_s4,r50_seed0,frozen_thresholds,Brown_Hair,0.670625067472741,0.7486201057573952,3587
rotation_s4,r50_seed0,frozen_thresholds,Gray_Hair,0.6959297685554668,0.771212132759313,636
rotation_s4,r50_seed0,frozen_thresholds,Bald,0.7481840193704601,0.8265955367704482,423
rotation_s4,r50_seed0,frozen_thresholds,Straight_Hair,0.6064227035100822,0.6195663292557845,4190
rotation_s4,r50_seed0,frozen_thresholds,Wavy_Hair,0.677825711820535,0.8728137140267492,7267
rotation_s4,r50_seed0,frozen_thresholds,Sideburns,0.5476190476190477,0.7909366466708209,926
rotation_s4,r50_seed0,fixed_0_5,Smiling,0.8407400689279884,0.939746028429775,9987
rotation_s4,r50_seed0,fixed_0_5,Mouth_Slightly_Open,0.9058644405943194,0.9708777982340872,9883
rotation_s4,r50_seed0,fixed_0_5,Eyeglasses,0.9168744804655029,0.9847556584508981,1289
rotation_s4,r50_seed0,fixed_0_5,Bangs,0.7554274735830931,0.915431706171456,3109
rotation_s4,r50_seed0,fixed_0_5,Wearing_Hat,0.8755924170616114,0.9308525666621038,839
rotation_s4,r50_seed0,fixed_0_5,Mustache,0.0794044665012407,0.5667277322080917,772
rotation_s4,r50_seed0,fixed_0_5,No_Beard,0.9540790580319596,0.9946590507145101,17041
rotation_s4,r50_seed0,fixed_0_5,Black_Hair,0.7885241052942916,0.8901300778176335,5422
rotation_s4,r50_seed0,fixed_0_5,Bushy_Eyebrows,0.28227642276422765,0.6724033383211472,2586
rotation_s4,r50_seed0,fixed_0_5,Arched_Eyebrows,0.3566790993231109,0.7101404408435246,5678
rotation_s4,r50_seed0,fixed_0_5,High_Cheekbones,0.7947598253275109,0.900658765201391,9618
rotation_s4,r50_seed0,fixed_0_5,Bags_Under_Eyes,0.15408594967713204,0.6009871607526627,4045
rotation_s4,r50_seed0,fixed_0_5,Big_Lips,0.032495862795245974,0.5318526869014073,6528
rotation_s4,r50_seed0,fixed_0_5,Big_Nose,0.2585964206716268,0.6192581177153674,4232
rotation_s4,r50_seed0,fixed_0_5,Double_Chin,0.15060240963855423,0.48347456270143824,913
rotation_s4,r50_seed0,fixed_0_5,Oval_Face,0.34811876427455224,0.5164751315005499,5901
rotation_s4,r50_seed0,fixed_0_5,Receding_Hairline,0.238716148445336,0.6106596343476912,1694
rotation_s4,r50_seed0,fixed_0_5,Blond_Hair,0.8372734436564224,0.912038066635772,2660
rotation_s4,r50_seed0,fixed_0_5,Brown_Hair,0.6903041047320333,0.7486201057573952,3587
rotation_s4,r50_seed0,fixed_0_5,Gray_Hair,0.6915887850467289,0.771212132759313,636
rotation_s4,r50_seed0,fixed_0_5,Bald,0.6799431009957326,0.8265955367704482,423
rotation_s4,r50_seed0,fixed_0_5,Straight_Hair,0.5350635008282717,0.6195663292557845,4190
rotation_s4,r50_seed0,fixed_0_5,Wavy_Hair,0.7141803883017941,0.8728137140267492,7267
rotation_s4,r50_seed0,fixed_0_5,Sideburns,0.48412698412698413,0.7909366466708209,926
rotation_s4,m3_seed0,frozen_thresholds,Smiling,0.8859368331199318,0.9694054237420959,9987
rotation_s4,m3_seed0,frozen_thresholds,Mouth_Slightly_Open,0.9057943724108247,0.9798952628813927,9883
rotation_s4,m3_seed0,frozen_thresholds,Eyeglasses,0.9307660794756247,0.982498941387866,1289
rotation_s4,m3_seed0,frozen_thresholds,Bangs,0.8295357204043173,0.9216625296716516,3109
rotation_s4,m3_seed0,frozen_thresholds,Wearing_Hat,0.8862418106015485,0.9451738743517415,839
rotation_s4,m3_seed0,frozen_thresholds,Mustache,0.46166666666666667,0.5731109853659693,772
rotation_s4,m3_seed0,frozen_thresholds,No_Beard,0.9640970289155257,0.996607478411516,17041
rotation_s4,m3_seed0,frozen_thresholds,Black_Hair,0.8098170459616243,0.8874836430877956,5422
rotation_s4,m3_seed0,frozen_thresholds,Bushy_Eyebrows,0.5095302013422819,0.7081885326642915,2586
rotation_s4,m3_seed0,frozen_thresholds,Arched_Eyebrows,0.5068961452316397,0.7162885823268427,5678
rotation_s4,m3_seed0,frozen_thresholds,High_Cheekbones,0.8245547143090582,0.9229147797437126,9618
rotation_s4,m3_seed0,frozen_thresholds,Bags_Under_Eyes,0.4713000817661488,0.6256711138968665,4045
rotation_s4,m3_seed0,frozen_thresholds,Big_Lips,0.17254685777287762,0.5909803659182593,6528
rotation_s4,m3_seed0,frozen_thresholds,Big_Nose,0.5148929800928005,0.6430748980285301,4232
rotation_s4,m3_seed0,frozen_thresholds,Double_Chin,0.3125,0.5349269326239305,913
rotation_s4,m3_seed0,frozen_thresholds,Oval_Face,0.5451998981410746,0.5517718149810358,5901
rotation_s4,m3_seed0,frozen_thresholds,Receding_Hairline,0.5770725388601037,0.6208945466081108,1694
rotation_s4,m3_seed0,frozen_thresholds,Blond_Hair,0.8173450603395377,0.9126691040167683,2660
rotation_s4,m3_seed0,frozen_thresholds,Brown_Hair,0.6536371237458194,0.7453822605951571,3587
rotation_s4,m3_seed0,frozen_thresholds,Gray_Hair,0.7025683512841756,0.7686446697150091,636
rotation_s4,m3_seed0,frozen_thresholds,Bald,0.736,0.793359604129527,423
rotation_s4,m3_seed0,frozen_thresholds,Straight_Hair,0.5927592554714666,0.6005798964605569,4190
rotation_s4,m3_seed0,frozen_thresholds,Wavy_Hair,0.7083852738303,0.8738990634154412,7267
rotation_s4,m3_seed0,frozen_thresholds,Sideburns,0.6609836065573771,0.8191757279556554,926
rotation_s4,m3_seed0,fixed_0_5,Smiling,0.8830556597203622,0.9694054237420959,9987
rotation_s4,m3_seed0,fixed_0_5,Mouth_Slightly_Open,0.9163153456998314,0.9798952628813927,9883
rotation_s4,m3_seed0,fixed_0_5,Eyeglasses,0.9285714285714286,0.982498941387866,1289
rotation_s4,m3_seed0,fixed_0_5,Bangs,0.8210968985456457,0.9216625296716516,3109
rotation_s4,m3_seed0,fixed_0_5,Wearing_Hat,0.8873156342182891,0.9451738743517415,839
rotation_s4,m3_seed0,fixed_0_5,Mustache,0.1774193548387097,0.5731109853659693,772
rotation_s4,m3_seed0,fixed_0_5,No_Beard,0.9685505794820433,0.996607478411516,17041
rotation_s4,m3_seed0,fixed_0_5,Black_Hair,0.8077346041055719,0.8874836430877956,5422
rotation_s4,m3_seed0,fixed_0_5,Bushy_Eyebrows,0.3650940487203207,0.7081885326642915,2586
rotation_s4,m3_seed0,fixed_0_5,Arched_Eyebrows,0.35694521306032095,0.7162885823268427,5678
rotation_s4,m3_seed0,fixed_0_5,High_Cheekbones,0.7963006049325267,0.9229147797437126,9618
rotation_s4,m3_seed0,fixed_0_5,Bags_Under_Eyes,0.2527881040892193,0.6256711138968665,4045
rotation_s4,m3_seed0,fixed_0_5,Big_Lips,0.10517191563132043,0.5909803659182593,6528
rotation_s4,m3_seed0,fixed_0_5,Big_Nose,0.3896570299874304,0.6430748980285301,4232
rotation_s4,m3_seed0,fixed_0_5,Double_Chin,0.1464393179538616,0.5349269326239305,913
rotation_s4,m3_seed0,fixed_0_5,Oval_Face,0.42550379914106373,0.5517718149810358,5901
rotation_s4,m3_seed0,fixed_0_5,Receding_Hairline,0.5272331154684096,0.6208945466081108,1694
rotation_s4,m3_seed0,fixed_0_5,Blond_Hair,0.8046073298429319,0.9126691040167683,2660
rotation_s4,m3_seed0,fixed_0_5,Brown_Hair,0.6725586786438713,0.7453822605951571,3587
rotation_s4,m3_seed0,fixed_0_5,Gray_Hair,0.7111801242236024,0.7686446697150091,636
rotation_s4,m3_seed0,fixed_0_5,Bald,0.7339449541284404,0.793359604129527,423
rotation_s4,m3_seed0,fixed_0_5,Straight_Hair,0.5013062409288824,0.6005798964605569,4190
rotation_s4,m3_seed0,fixed_0_5,Wavy_Hair,0.6871312526720821,0.8738990634154412,7267
rotation_s4,m3_seed0,fixed_0_5,Sideburns,0.599713055954089,0.8191757279556554,926
rotation_s4,oracle_seed0,frozen_thresholds,Smiling,0.8515611955251294,0.962943970961683,9987
rotation_s4,oracle_seed0,frozen_thresholds,Mouth_Slightly_Open,0.9055975956636075,0.9780310086724906,9883
rotation_s4,oracle_seed0,frozen_thresholds,Eyeglasses,0.9227608874281019,0.9790178380567144,1289
rotation_s4,oracle_seed0,frozen_thresholds,Bangs,0.8100999473961074,0.9153223037461347,3109
rotation_s4,oracle_seed0,frozen_thresholds,Wearing_Hat,0.8841985168282943,0.9384588012549567,839
rotation_s4,oracle_seed0,frozen_thresholds,Mustache,0.25366876310272535,0.5164976999016673,772
rotation_s4,oracle_seed0,frozen_thresholds,No_Beard,0.9631018321261184,0.9961634102023538,17041
rotation_s4,oracle_seed0,frozen_thresholds,Black_Hair,0.8057174071376547,0.8830138448466249,5422
rotation_s4,oracle_seed0,frozen_thresholds,Bushy_Eyebrows,0.4641350210970464,0.7003408687363718,2586
rotation_s4,oracle_seed0,frozen_thresholds,Arched_Eyebrows,0.3903944191038369,0.7041548457010853,5678
rotation_s4,oracle_seed0,frozen_thresholds,High_Cheekbones,0.766516208453016,0.8996303719081121,9618
rotation_s4,oracle_seed0,frozen_thresholds,Bags_Under_Eyes,0.4194834460045068,0.6078041504030975,4045
rotation_s4,oracle_seed0,frozen_thresholds,Big_Lips,0.12073640645069217,0.5783962361705464,6528
rotation_s4,oracle_seed0,frozen_thresholds,Big_Nose,0.47513812154696133,0.6070278686867681,4232
rotation_s4,oracle_seed0,frozen_thresholds,Double_Chin,0.20781696854146806,0.5266374272000756,913
rotation_s4,oracle_seed0,frozen_thresholds,Oval_Face,0.5266617194953885,0.5091339513837194,5901
rotation_s4,oracle_seed0,frozen_thresholds,Receding_Hairline,0.5506015569709837,0.6271718460257869,1694
rotation_s4,oracle_seed0,frozen_thresholds,Blond_Hair,0.833593141075604,0.907844897111767,2660
rotation_s4,oracle_seed0,frozen_thresholds,Brown_Hair,0.6652883569096845,0.7397449178967692,3587
rotation_s4,oracle_seed0,frozen_thresholds,Gray_Hair,0.7009803921568627,0.7608915328310321,636
rotation_s4,oracle_seed0,frozen_thresholds,Bald,0.6954314720812182,0.7784081381061116,423
rotation_s4,oracle_seed0,frozen_thresholds,Straight_Hair,0.5998213044773156,0.6104964710960338,4190
rotation_s4,oracle_seed0,frozen_thresholds,Wavy_Hair,0.685098005649234,0.8682536618714257,7267
rotation_s4,oracle_seed0,frozen_thresholds,Sideburns,0.5924339757316203,0.8058378275449365,926
rotation_s4,oracle_seed0,fixed_0_5,Smiling,0.8659132891448441,0.962943970961683,9987
rotation_s4,oracle_seed0,fixed_0_5,Mouth_Slightly_Open,0.9193980622552052,0.9780310086724906,9883
rotation_s4,oracle_seed0,fixed_0_5,Eyeglasses,0.9008857022353437,0.9790178380567144,1289
rotation_s4,oracle_seed0,fixed_0_5,Bangs,0.7543691184943345,0.9153223037461347,3109
rotation_s4,oracle_seed0,fixed_0_5,Wearing_Hat,0.8874251497005988,0.9384588012549567,839
rotation_s4,oracle_seed0,fixed_0_5,Mustache,0.11666666666666667,0.5164976999016673,772
rotation_s4,oracle_seed0,fixed_0_5,No_Beard,0.9655113393239195,0.9961634102023538,17041
rotation_s4,oracle_seed0,fixed_0_5,Black_Hair,0.8044456691466887,0.8830138448466249,5422
rotation_s4,oracle_seed0,fixed_0_5,Bushy_Eyebrows,0.38412602241744925,0.7003408687363718,2586
rotation_s4,oracle_seed0,fixed_0_5,Arched_Eyebrows,0.17000955109837632,0.7041548457010853,5678
rotation_s4,oracle_seed0,fixed_0_5,High_Cheekbones,0.7791881074899942,0.8996303719081121,9618
rotation_s4,oracle_seed0,fixed_0_5,Bags_Under_Eyes,0.18323925314806774,0.6078041504030975,4045
rotation_s4,oracle_seed0,fixed_0_5,Big_Lips,0.14064697609001406,0.5783962361705464,6528
rotation_s4,oracle_seed0,fixed_0_5,Big_Nose,0.31004784688995213,0.6070278686867681,4232
rotation_s4,oracle_seed0,fixed_0_5,Double_Chin,0.0954356846473029,0.5266374272000756,913
rotation_s4,oracle_seed0,fixed_0_5,Oval_Face,0.3452107742480976,0.5091339513837194,5901
rotation_s4,oracle_seed0,fixed_0_5,Receding_Hairline,0.4829500396510706,0.6271718460257869,1694
rotation_s4,oracle_seed0,fixed_0_5,Blond_Hair,0.8043252235391973,0.907844897111767,2660
rotation_s4,oracle_seed0,fixed_0_5,Brown_Hair,0.6759055982436882,0.7397449178967692,3587
rotation_s4,oracle_seed0,fixed_0_5,Gray_Hair,0.6654411764705882,0.7608915328310321,636
rotation_s4,oracle_seed0,fixed_0_5,Bald,0.6648648648648648,0.7784081381061116,423
rotation_s4,oracle_seed0,fixed_0_5,Straight_Hair,0.4902464841977922,0.6104964710960338,4190
rotation_s4,oracle_seed0,fixed_0_5,Wavy_Hair,0.7471079445338237,0.8682536618714257,7267
rotation_s4,oracle_seed0,fixed_0_5,Sideburns,0.5782608695652174,0.8058378275449365,926
occlusion_s1,r18_seed0,frozen_thresholds,Smiling,0.8672047766475011,0.9725238347379571,9987
occlusion_s1,r18_seed0,frozen_thresholds,Mouth_Slightly_Open,0.7663212187783561,0.8507284522396613,9883
occlusion_s1,r18_seed0,frozen_thresholds,Eyeglasses,0.9722547870261821,0.991977907445586,1289
occlusion_s1,r18_seed0,frozen_thresholds,Bangs,0.8708718626155878,0.9501107130649311,3109
occlusion_s1,r18_seed0,frozen_thresholds,Wearing_Hat,0.8930017351069983,0.9564233000538342,839
occlusion_s1,r18_seed0,frozen_thresholds,Mustache,0.5192878338278932,0.5965168175892084,772
occlusion_s1,r18_seed0,frozen_thresholds,No_Beard,0.9687571395933288,0.9965505972313227,17041
occlusion_s1,r18_seed0,frozen_thresholds,Black_Hair,0.8078723607528423,0.8984726820325237,5422
occlusion_s1,r18_seed0,frozen_thresholds,Bushy_Eyebrows,0.7061083365347676,0.7873188964860363,2586
occlusion_s1,r18_seed0,frozen_thresholds,Arched_Eyebrows,0.7379458388375165,0.8058570945617969,5678
occlusion_s1,r18_seed0,frozen_thresholds,High_Cheekbones,0.8266883645240033,0.944715564173471,9618
occlusion_s1,r18_seed0,frozen_thresholds,Bags_Under_Eyes,0.6488534396809571,0.6812024949456822,4045
occlusion_s1,r18_seed0,frozen_thresholds,Big_Lips,0.3152538452642535,0.5610154176562532,6528
occlusion_s1,r18_seed0,frozen_thresholds,Big_Nose,0.6008289781942693,0.6834787936579279,4232
occlusion_s1,r18_seed0,frozen_thresholds,Double_Chin,0.5715865118850193,0.6077916596142315,913
occlusion_s1,r18_seed0,frozen_thresholds,Oval_Face,0.5508949557042127,0.607670843573269,5901
occlusion_s1,r18_seed0,frozen_thresholds,Receding_Hairline,0.612144420131291,0.6322126630065374,1694
occlusion_s1,r18_seed0,frozen_thresholds,Blond_Hair,0.8461961503208066,0.9194108373721467,2660
occlusion_s1,r18_seed0,frozen_thresholds,Brown_Hair,0.6861135758651287,0.7661710770157915,3587
occlusion_s1,r18_seed0,frozen_thresholds,Gray_Hair,0.7108262108262108,0.7949811280672535,636
occlusion_s1,r18_seed0,frozen_thresholds,Bald,0.7690700104493208,0.845465243487374,423
occlusion_s1,r18_seed0,frozen_thresholds,Straight_Hair,0.6377655559150222,0.6783596015995886,4190
occlusion_s1,r18_seed0,frozen_thresholds,Wavy_Hair,0.7637917637917638,0.8941301294359871,7267
occlusion_s1,r18_seed0,frozen_thresholds,Sideburns,0.7190332326283988,0.8350799667992982,926
occlusion_s1,r18_seed0,fixed_0_5,Smiling,0.8934930055108097,0.9725238347379571,9987
occlusion_s1,r18_seed0,fixed_0_5,Mouth_Slightly_Open,0.764861683343143,0.8507284522396613,9883
occlusion_s1,r18_seed0,fixed_0_5,Eyeglasses,0.9667721518987342,0.991977907445586,1289
occlusion_s1,r18_seed0,fixed_0_5,Bangs,0.8450654403961797,0.9501107130649311,3109
occlusion_s1,r18_seed0,fixed_0_5,Wearing_Hat,0.8982540638169777,0.9564233000538342,839
occlusion_s1,r18_seed0,fixed_0_5,Mustache,0.2144469525959368,0.5965168175892084,772
occlusion_s1,r18_seed0,fixed_0_5,No_Beard,0.9635487528344672,0.9965505972313227,17041
occlusion_s1,r18_seed0,fixed_0_5,Black_Hair,0.7903274559193955,0.8984726820325237,5422
occlusion_s1,r18_seed0,fixed_0_5,Bushy_Eyebrows,0.6533018867924528,0.7873188964860363,2586
occlusion_s1,r18_seed0,fixed_0_5,Arched_Eyebrows,0.7086539374940629,0.8058570945617969,5678
occlusion_s1,r18_seed0,fixed_0_5,High_Cheekbones,0.842063804647499,0.944715564173471,9618
occlusion_s1,r18_seed0,fixed_0_5,Bags_Under_Eyes,0.6005294691375226,0.6812024949456822,4045
occlusion_s1,r18_seed0,fixed_0_5,Big_Lips,0.09556806698426447,0.5610154176562532,6528
occlusion_s1,r18_seed0,fixed_0_5,Big_Nose,0.5519253208868145,0.6834787936579279,4232
occlusion_s1,r18_seed0,fixed_0_5,Double_Chin,0.3921246923707957,0.6077916596142315,913
occlusion_s1,r18_seed0,fixed_0_5,Oval_Face,0.4758299989185682,0.607670843573269,5901
occlusion_s1,r18_seed0,fixed_0_5,Receding_Hairline,0.5897945659377071,0.6322126630065374,1694
occlusion_s1,r18_seed0,fixed_0_5,Blond_Hair,0.8486603910209993,0.9194108373721467,2660
occlusion_s1,r18_seed0,fixed_0_5,Brown_Hair,0.7080391091797936,0.7661710770157915,3587
occlusion_s1,r18_seed0,fixed_0_5,Gray_Hair,0.7101346562721474,0.7949811280672535,636
occlusion_s1,r18_seed0,fixed_0_5,Bald,0.7796208530805687,0.845465243487374,423
occlusion_s1,r18_seed0,fixed_0_5,Straight_Hair,0.6199161942321912,0.6783596015995886,4190
occlusion_s1,r18_seed0,fixed_0_5,Wavy_Hair,0.7750323120200715,0.8941301294359871,7267
occlusion_s1,r18_seed0,fixed_0_5,Sideburns,0.6999368288060644,0.8350799667992982,926
occlusion_s1,r50_seed0,frozen_thresholds,Smiling,0.8438674410659378,0.9743642704823315,9987
occlusion_s1,r50_seed0,frozen_thresholds,Mouth_Slightly_Open,0.7045235803657363,0.862158874056138,9883
occlusion_s1,r50_seed0,frozen_thresholds,Eyeglasses,0.9746192893401016,0.9906181873352098,1289
occlusion_s1,r50_seed0,frozen_thresholds,Bangs,0.8675636245744853,0.9447911713613935,3109
occlusion_s1,r50_seed0,frozen_thresholds,Wearing_Hat,0.8933092224231465,0.9518883301612586,839
occlusion_s1,r50_seed0,frozen_thresholds,Mustache,0.543301258327165,0.616590451115423,772
occlusion_s1,r50_seed0,frozen_thresholds,No_Beard,0.9644064426327301,0.9962440057708817,17041
occlusion_s1,r50_seed0,frozen_thresholds,Black_Hair,0.8075734157650696,0.9009838969291246,5422
occlusion_s1,r50_seed0,frozen_thresholds,Bushy_Eyebrows,0.7064696485623003,0.79383261197252,2586
occlusion_s1,r50_seed0,frozen_thresholds,Arched_Eyebrows,0.7372796807449284,0.8063800928966157,5678
occlusion_s1,r50_seed0,frozen_thresholds,High_Cheekbones,0.8120247148288974,0.9459277920967502,9618
occlusion_s1,r50_seed0,frozen_thresholds,Bags_Under_Eyes,0.6520613423620792,0.6817969970352763,4045
occlusion_s1,r50_seed0,frozen_thresholds,Big_Lips,0.35678011885467315,0.5525966450967627,6528
occlusion_s1,r50_seed0,frozen_thresholds,Big_Nose,0.6130588017065479,0.6915296440993882,4232
occlusion_s1,r50_seed0,frozen_thresholds,Double_Chin,0.5499425947187141,0.6009672127726411,913
occlusion_s1,r50_seed0,frozen_thresholds,Oval_Face,0.5388689237752979,0.6163106280625547,5901
occlusion_s1,r50_seed0,frozen_thresholds,Receding_Hairline,0.6110547667342799,0.6338251237593098,1694
occlusion_s1,r50_seed0,frozen_thresholds,Blond_Hair,0.8453413806110902,0.9190606747710348,2660
occlusion_s1,r50_seed0,frozen_thresholds,Brown_Hair,0.6862852750631383,0.7671229065710767,3587
occlusion_s1,r50_seed0,frozen_thresholds,Gray_Hair,0.6850192061459667,0.7979254877476869,636
occlusion_s1,r50_seed0,frozen_thresholds,Bald,0.7788359788359789,0.8435329393161688,423
occlusion_s1,r50_seed0,frozen_thresholds,Straight_Hair,0.6439622262407072,0.6728600877186178,4190
occlusion_s1,r50_seed0,frozen_thresholds,Wavy_Hair,0.7410345665020642,0.8935450668947045,7267
occlusion_s1,r50_seed0,frozen_thresholds,Sideburns,0.7163431433938635,0.8382640978050574,926
occlusion_s1,r50_seed0,fixed_0_5,Smiling,0.8639777468706537,0.9743642704823315,9987
occlusion_s1,r50_seed0,fixed_0_5,Mouth_Slightly_Open,0.6229442970822281,0.862158874056138,9883
occlusion_s1,r50_seed0,fixed_0_5,Eyeglasses,0.9766355140186916,0.9906181873352098,1289
occlusion_s1,r50_seed0,fixed_0_5,Bangs,0.8487452732897903,0.9447911713613935,3109
occlusion_s1,r50_seed0,fixed_0_5,Wearing_Hat,0.8933333333333333,0.9518883301612586,839
occlusion_s1,r50_seed0,fixed_0_5,Mustache,0.36774827925270404,0.616590451115423,772
occlusion_s1,r50_seed0,fixed_0_5,No_Beard,0.9608679682423078,0.9962440057708817,17041
occlusion_s1,r50_seed0,fixed_0_5,Black_Hair,0.7884985319428977,0.9009838969291246,5422
occlusion_s1,r50_seed0,fixed_0_5,Bushy_Eyebrows,0.6452694610778443,0.79383261197252,2586
occlusion_s1,r50_seed0,fixed_0_5,Arched_Eyebrows,0.7273850498632072,0.8063800928966157,5678
occlusion_s1,r50_seed0,fixed_0_5,High_Cheekbones,0.8197414806110458,0.9459277920967502,9618
occlusion_s1,r50_seed0,fixed_0_5,Bags_Under_Eyes,0.6066363761531047,0.6817969970352763,4045
occlusion_s1,r50_seed0,fixed_0_5,Big_Lips,0.09777138749101366,0.5525966450967627,6528
occlusion_s1,r50_seed0,fixed_0_5,Big_Nose,0.5473965287049399,0.6915296440993882,4232
occlusion_s1,r50_seed0,fixed_0_5,Double_Chin,0.40520748576078114,0.6009672127726411,913
occlusion_s1,r50_seed0,fixed_0_5,Oval_Face,0.3611290114705503,0.6163106280625547,5901
occlusion_s1,r50_seed0,fixed_0_5,Receding_Hairline,0.5839172505839173,0.6338251237593098,1694
occlusion_s1,r50_seed0,fixed_0_5,Blond_Hair,0.8464559566111839,0.9190606747710348,2660
occlusion_s1,r50_seed0,fixed_0_5,Brown_Hair,0.7019077901430842,0.7671229065710767,3587
occlusion_s1,r50_seed0,fixed_0_5,Gray_Hair,0.7032213845099383,0.7979254877476869,636
occlusion_s1,r50_seed0,fixed_0_5,Bald,0.7749699157641395,0.8435329393161688,423
occlusion_s1,r50_seed0,fixed_0_5,Straight_Hair,0.6196805267650286,0.6728600877186178,4190
occlusion_s1,r50_seed0,fixed_0_5,Wavy_Hair,0.7687659772251917,0.8935450668947045,7267
occlusion_s1,r50_seed0,fixed_0_5,Sideburns,0.6916010498687664,0.8382640978050574,926
occlusion_s1,m3_seed0,frozen_thresholds,Smiling,0.8623087621696801,0.973725200800792,9987
occlusion_s1,m3_seed0,frozen_thresholds,Mouth_Slightly_Open,0.7040656989185126,0.837929793751951,9883
occlusion_s1,m3_seed0,frozen_thresholds,Eyeglasses,0.9734996102883866,0.9921241217493457,1289
occlusion_s1,m3_seed0,frozen_thresholds,Bangs,0.8672206206545702,0.9507267791410394,3109
occlusion_s1,m3_seed0,frozen_thresholds,Wearing_Hat,0.896388395500296,0.9612370022122525,839
occlusion_s1,m3_seed0,frozen_thresholds,Mustache,0.4966139954853273,0.5702186203090449,772
occlusion_s1,m3_seed0,frozen_thresholds,No_Beard,0.9606174549772413,0.9964660386575475,17041
occlusion_s1,m3_seed0,frozen_thresholds,Black_Hair,0.7940794079407941,0.8968694072115557,5422
occlusion_s1,m3_seed0,frozen_thresholds,Bushy_Eyebrows,0.7003154574132492,0.7880217619832055,2586
occlusion_s1,m3_seed0,frozen_thresholds,Arched_Eyebrows,0.7329886591060707,0.8065333796819361,5678
occlusion_s1,m3_seed0,frozen_thresholds,High_Cheekbones,0.833467974610502,0.946523212518364,9618
occlusion_s1,m3_seed0,frozen_thresholds,Bags_Under_Eyes,0.6588813767670559,0.6845496996477708,4045
occlusion_s1,m3_seed0,frozen_thresholds,Big_Lips,0.14453125,0.5644723402978613,6528
occlusion_s1,m3_seed0,frozen_thresholds,Big_Nose,0.6176373444897061,0.6877279221206436,4232
occlusion_s1,m3_seed0,frozen_thresholds,Double_Chin,0.5227882037533512,0.6033580295580879,913
occlusion_s1,m3_seed0,frozen_thresholds,Oval_Face,0.567330546676502,0.616659876410797,5901
occlusion_s1,m3_seed0,frozen_thresholds,Receding_Hairline,0.6185417672621922,0.6556789021746852,1694
occlusion_s1,m3_seed0,frozen_thresholds,Blond_Hair,0.8478061318156783,0.9212414376303883,2660
occlusion_s1,m3_seed0,frozen_thresholds,Brown_Hair,0.6813582190240611,0.7615647563301908,3587
occlusion_s1,m3_seed0,frozen_thresholds,Gray_Hair,0.6958762886597938,0.7897000833853023,636
occlusion_s1,m3_seed0,frozen_thresholds,Bald,0.7660455486542443,0.8358362743907042,423
occlusion_s1,m3_seed0,frozen_thresholds,Straight_Hair,0.6290639319223216,0.6689342870830407,4190
occlusion_s1,m3_seed0,frozen_thresholds,Wavy_Hair,0.7698571209095099,0.8927035343982991,7267
occlusion_s1,m3_seed0,frozen_thresholds,Sideburns,0.6804925469863902,0.8326498442091941,926
occlusion_s1,m3_seed0,fixed_0_5,Smiling,0.8596784996651038,0.973725200800792,9987
occlusion_s1,m3_seed0,fixed_0_5,Mouth_Slightly_Open,0.7348101946445854,0.837929793751951,9883
occlusion_s1,m3_seed0,fixed_0_5,Eyeglasses,0.9730994152046784,0.9921241217493457,1289
occlusion_s1,m3_seed0,fixed_0_5,Bangs,0.8631578947368421,0.9507267791410394,3109
occlusion_s1,m3_seed0,fixed_0_5,Wearing_Hat,0.8981264637002342,0.9612370022122525,839
occlusion_s1,m3_seed0,fixed_0_5,Mustache,0.3204868154158215,0.5702186203090449,772
occlusion_s1,m3_seed0,fixed_0_5,No_Beard,0.9648484159035322,0.9964660386575475,17041
occlusion_s1,m3_seed0,fixed_0_5,Black_Hair,0.779319560078117,0.8968694072115557,5422
occlusion_s1,m3_seed0,fixed_0_5,Bushy_Eyebrows,0.665136561854487,0.7880217619832055,2586
occlusion_s1,m3_seed0,fixed_0_5,Arched_Eyebrows,0.7095642540620384,0.8065333796819361,5678
occlusion_s1,m3_seed0,fixed_0_5,High_Cheekbones,0.8082323292931717,0.946523212518364,9618
occlusion_s1,m3_seed0,fixed_0_5,Bags_Under_Eyes,0.6395759717314488,0.6845496996477708,4045
occlusion_s1,m3_seed0,fixed_0_5,Big_Lips,0.07411764705882352,0.5644723402978613,6528
occlusion_s1,m3_seed0,fixed_0_5,Big_Nose,0.5886762146968277,0.6877279221206436,4232
occlusion_s1,m3_seed0,fixed_0_5,Double_Chin,0.3815126050420168,0.6033580295580879,913
occlusion_s1,m3_seed0,fixed_0_5,Oval_Face,0.4515980154609438,0.616659876410797,5901
occlusion_s1,m3_seed0,fixed_0_5,Receding_Hairline,0.6238236084969078,0.6556789021746852,1694
occlusion_s1,m3_seed0,fixed_0_5,Blond_Hair,0.847457627118644,0.9212414376303883,2660
occlusion_s1,m3_seed0,fixed_0_5,Brown_Hair,0.6818731117824773,0.7615647563301908,3587
occlusion_s1,m3_seed0,fixed_0_5,Gray_Hair,0.6702767749699158,0.7897000833853023,636
occlusion_s1,m3_seed0,fixed_0_5,Bald,0.7692307692307693,0.8358362743907042,423
occlusion_s1,m3_seed0,fixed_0_5,Straight_Hair,0.5565591397849462,0.6689342870830407,4190
occlusion_s1,m3_seed0,fixed_0_5,Wavy_Hair,0.7612244897959184,0.8927035343982991,7267
occlusion_s1,m3_seed0,fixed_0_5,Sideburns,0.6312106368089573,0.8326498442091941,926
occlusion_s1,oracle_seed0,frozen_thresholds,Smiling,0.8417106832509798,0.9684247794456062,9987
occlusion_s1,oracle_seed0,frozen_thresholds,Mouth_Slightly_Open,0.7512288950630477,0.8472793516475527,9883
occlusion_s1,oracle_seed0,frozen_thresholds,Eyeglasses,0.973561430793157,0.9917600598402675,1289
occlusion_s1,oracle_seed0,frozen_thresholds,Bangs,0.8616949152542372,0.9475760476954697,3109
occlusion_s1,oracle_seed0,frozen_thresholds,Wearing_Hat,0.8982658959537573,0.9627454747148859,839
occlusion_s1,oracle_seed0,frozen_thresholds,Mustache,0.4261414503133393,0.5674953323951019,772
occlusion_s1,oracle_seed0,frozen_thresholds,No_Beard,0.9629881732323662,0.9965958522252809,17041
occlusion_s1,oracle_seed0,frozen_thresholds,Black_Hair,0.8056557776694295,0.8995515128985987,5422
occlusion_s1,oracle_seed0,frozen_thresholds,Bushy_Eyebrows,0.7026402004239738,0.7886125259849441,2586
occlusion_s1,oracle_seed0,frozen_thresholds,Arched_Eyebrows,0.73124124866156,0.800869336628738,5678
occlusion_s1,oracle_seed0,frozen_thresholds,High_Cheekbones,0.8287071481714645,0.940205200570877,9618
occlusion_s1,oracle_seed0,frozen_thresholds,Bags_Under_Eyes,0.6518619084561675,0.685229993161388,4045
occlusion_s1,oracle_seed0,frozen_thresholds,Big_Lips,0.1974879743452699,0.5789419269162952,6528
occlusion_s1,oracle_seed0,frozen_thresholds,Big_Nose,0.6151309408341417,0.68658249340077,4232
occlusion_s1,oracle_seed0,frozen_thresholds,Double_Chin,0.5460750853242321,0.5887401415484175,913
occlusion_s1,oracle_seed0,frozen_thresholds,Oval_Face,0.5668310827201423,0.5946874281550172,5901
occlusion_s1,oracle_seed0,frozen_thresholds,Receding_Hairline,0.6246547828270148,0.6587096480323337,1694
occlusion_s1,oracle_seed0,frozen_thresholds,Blond_Hair,0.84722473332128,0.9195353399266581,2660
occlusion_s1,oracle_seed0,frozen_thresholds,Brown_Hair,0.6866138215920509,0.7674208019410964,3587
occlusion_s1,oracle_seed0,frozen_thresholds,Gray_Hair,0.6978557504873294,0.7885407646397878,636
occlusion_s1,oracle_seed0,frozen_thresholds,Bald,0.7526205450733753,0.8403905724129326,423
occlusion_s1,oracle_seed0,frozen_thresholds,Straight_Hair,0.6359709198187757,0.6836752279914111,4190
occlusion_s1,oracle_seed0,frozen_thresholds,Wavy_Hair,0.7488446215139443,0.8918058874096041,7267
occlusion_s1,oracle_seed0,frozen_thresholds,Sideburns,0.6953175112251443,0.8408257895299749,926
occlusion_s1,oracle_seed0,fixed_0_5,Smiling,0.8572064799866392,0.9684247794456062,9987
occlusion_s1,oracle_seed0,fixed_0_5,Mouth_Slightly_Open,0.7699226305609285,0.8472793516475527,9883
occlusion_s1,oracle_seed0,fixed_0_5,Eyeglasses,0.9722330856472429,0.9917600598402675,1289
occlusion_s1,oracle_seed0,fixed_0_5,Bangs,0.8311127115592366,0.9475760476954697,3109
occlusion_s1,oracle_seed0,fixed_0_5,Wearing_Hat,0.8982248520710059,0.9627454747148859,839
occlusion_s1,oracle_seed0,fixed_0_5,Mustache,0.2920168067226891,0.5674953323951019,772
occlusion_s1,oracle_seed0,fixed_0_5,No_Beard,0.9651599681202323,0.9965958522252809,17041
occlusion_s1,oracle_seed0,fixed_0_5,Black_Hair,0.8025226645644462,0.8995515128985987,5422
occlusion_s1,oracle_seed0,fixed_0_5,Bushy_Eyebrows,0.6940563086548488,0.7886125259849441,2586
occlusion_s1,oracle_seed0,fixed_0_5,Arched_Eyebrows,0.6951800342922462,0.800869336628738,5678
occlusion_s1,oracle_seed0,fixed_0_5,High_Cheekbones,0.8340391891128804,0.940205200570877,9618
occlusion_s1,oracle_seed0,fixed_0_5,Bags_Under_Eyes,0.6388923851478917,0.685229993161388,4045
occlusion_s1,oracle_seed0,fixed_0_5,Big_Lips,0.24493436982286224,0.5789419269162952,6528
occlusion_s1,oracle_seed0,fixed_0_5,Big_Nose,0.5989873417721518,0.68658249340077,4232
occlusion_s1,oracle_seed0,fixed_0_5,Double_Chin,0.4936530324400564,0.5887401415484175,913
occlusion_s1,oracle_seed0,fixed_0_5,Oval_Face,0.2586182636836921,0.5946874281550172,5901
occlusion_s1,oracle_seed0,fixed_0_5,Receding_Hairline,0.6309655937846836,0.6587096480323337,1694
occlusion_s1,oracle_seed0,fixed_0_5,Blond_Hair,0.8465669351745301,0.9195353399266581,2660
occlusion_s1,oracle_seed0,fixed_0_5,Brown_Hair,0.7062200956937799,0.7674208019410964,3587
occlusion_s1,oracle_seed0,fixed_0_5,Gray_Hair,0.7236255572065379,0.7885407646397878,636
occlusion_s1,oracle_seed0,fixed_0_5,Bald,0.7687224669603524,0.8403905724129326,423
occlusion_s1,oracle_seed0,fixed_0_5,Straight_Hair,0.5573007562536358,0.6836752279914111,4190
occlusion_s1,oracle_seed0,fixed_0_5,Wavy_Hair,0.7830049985298442,0.8918058874096041,7267
occlusion_s1,oracle_seed0,fixed_0_5,Sideburns,0.6883539362394274,0.8408257895299749,926
occlusion_s2,r18_seed0,frozen_thresholds,Smiling,0.30521680216802166,0.9024026421901457,9987
occlusion_s2,r18_seed0,frozen_thresholds,Mouth_Slightly_Open,0.21882819915437052,0.6460998035627611,9883
occlusion_s2,r18_seed0,frozen_thresholds,Eyeglasses,0.9676145339652449,0.9901937225430634,1289
occlusion_s2,r18_seed0,frozen_thresholds,Bangs,0.8652575957727873,0.9443056468561398,3109
occlusion_s2,r18_seed0,frozen_thresholds,Wearing_Hat,0.8905529953917051,0.9531910257169408,839
occlusion_s2,r18_seed0,frozen_thresholds,Mustache,0.024783147459727387,0.18975518324914825,772
occlusion_s2,r18_seed0,frozen_thresholds,No_Beard,0.9311179577464789,0.9806884546837366,17041
occlusion_s2,r18_seed0,frozen_thresholds,Black_Hair,0.8166591217745586,0.894611963214217,5422
occlusion_s2,r18_seed0,frozen_thresholds,Bushy_Eyebrows,0.6941313641663428,0.7760463895468387,2586
occlusion_s2,r18_seed0,frozen_thresholds,Arched_Eyebrows,0.731048286214661,0.8032725865083883,5678
occlusion_s2,r18_seed0,frozen_thresholds,High_Cheekbones,0.3516408774018024,0.861163581027375,9618
occlusion_s2,r18_seed0,frozen_thresholds,Bags_Under_Eyes,0.6289957211175434,0.6697393756147239,4045
occlusion_s2,r18_seed0,frozen_thresholds,Big_Lips,0.1767750497677505,0.5319529064980267,6528
occlusion_s2,r18_seed0,frozen_thresholds,Big_Nose,0.5721925133689839,0.6307115045583833,4232
occlusion_s2,r18_seed0,frozen_thresholds,Double_Chin,0.2776255707762557,0.518385729864164,913
occlusion_s2,r18_seed0,frozen_thresholds,Oval_Face,0.5280749845255991,0.5759339327163738,5901
occlusion_s2,r18_seed0,frozen_thresholds,Receding_Hairline,0.5972123789274746,0.6225724566500893,1694
occlusion_s2,r18_seed0,frozen_thresholds,Blond_Hair,0.8405745062836625,0.9170256816806688,2660
occlusion_s2,r18_seed0,frozen_thresholds,Brown_Hair,0.6880162951227792,0.7590889535983792,3587
occlusion_s2,r18_seed0,frozen_thresholds,Gray_Hair,0.7060728744939271,0.7750836964760757,636
occlusion_s2,r18_seed0,frozen_thresholds,Bald,0.776595744680851,0.85486323335958,423
occlusion_s2,r18_seed0,frozen_thresholds,Straight_Hair,0.6275237367674342,0.6662085619958554,4190
occlusion_s2,r18_seed0,frozen_thresholds,Wavy_Hair,0.7646285846796012,0.8917495413083376,7267
occlusion_s2,r18_seed0,frozen_thresholds,Sideburns,0.038135593220338986,0.5759291641435866,926
occlusion_s2,r18_seed0,fixed_0_5,Smiling,0.4407358534502833,0.9024026421901457,9987
occlusion_s2,r18_seed0,fixed_0_5,Mouth_Slightly_Open,0.18710649995566198,0.6460998035627611,9883
occlusion_s2,r18_seed0,fixed_0_5,Eyeglasses,0.9537223340040242,0.9901937225430634,1289
occlusion_s2,r18_seed0,fixed_0_5,Bangs,0.8341941228851291,0.9443056468561398,3109
occlusion_s2,r18_seed0,fixed_0_5,Wearing_Hat,0.8929219600725953,0.9531910257169408,839
occlusion_s2,r18_seed0,fixed_0_5,Mustache,0.0,0.18975518324914825,772
occlusion_s2,r18_seed0,fixed_0_5,No_Beard,0.9275709847948117,0.9806884546837366,17041
occlusion_s2,r18_seed0,fixed_0_5,Black_Hair,0.8098089535215284,0.894611963214217,5422
occlusion_s2,r18_seed0,fixed_0_5,Bushy_Eyebrows,0.6472675656493967,0.7760463895468387,2586
occlusion_s2,r18_seed0,fixed_0_5,Arched_Eyebrows,0.697629601079206,0.8032725865083883,5678
occlusion_s2,r18_seed0,fixed_0_5,High_Cheekbones,0.4281103759883815,0.861163581027375,9618
occlusion_s2,r18_seed0,fixed_0_5,Bags_Under_Eyes,0.43764372899345483,0.6697393756147239,4045
occlusion_s2,r18_seed0,fixed_0_5,Big_Lips,0.018504474442590627,0.5319529064980267,6528
occlusion_s2,r18_seed0,fixed_0_5,Big_Nose,0.4405198267244252,0.6307115045583833,4232
occlusion_s2,r18_seed0,fixed_0_5,Double_Chin,0.08394543546694648,0.518385729864164,913
occlusion_s2,r18_seed0,fixed_0_5,Oval_Face,0.45304347826086955,0.5759339327163738,5901
occlusion_s2,r18_seed0,fixed_0_5,Receding_Hairline,0.6076388888888888,0.6225724566500893,1694
occlusion_s2,r18_seed0,fixed_0_5,Blond_Hair,0.8389605798126215,0.9170256816806688,2660
occlusion_s2,r18_seed0,fixed_0_5,Brown_Hair,0.694952856350527,0.7590889535983792,3587
occlusion_s2,r18_seed0,fixed_0_5,Gray_Hair,0.7037933817594835,0.7750836964760757,636
occlusion_s2,r18_seed0,fixed_0_5,Bald,0.7733990147783252,0.85486323335958,423
occlusion_s2,r18_seed0,fixed_0_5,Straight_Hair,0.6103703703703703,0.6662085619958554,4190
occlusion_s2,r18_seed0,fixed_0_5,Wavy_Hair,0.7771298750473306,0.8917495413083376,7267
occlusion_s2,r18_seed0,fixed_0_5,Sideburns,0.021367521367521368,0.5759291641435866,926
occlusion_s2,r50_seed0,frozen_thresholds,Smiling,0.27927385356620493,0.9173052904000117,9987
occlusion_s2,r50_seed0,frozen_thresholds,Mouth_Slightly_Open,0.027805362462760674,0.5888374246211416,9883
occlusion_s2,r50_seed0,frozen_thresholds,Eyeglasses,0.9592651757188498,0.9899427856852461,1289
occlusion_s2,r50_seed0,frozen_thresholds,Bangs,0.8571428571428571,0.9408604612754147,3109
occlusion_s2,r50_seed0,frozen_thresholds,Wearing_Hat,0.8894259818731118,0.9507503314055468,839
occlusion_s2,r50_seed0,frozen_thresholds,Mustache,0.12514484356894554,0.270309043153189,772
occlusion_s2,r50_seed0,frozen_thresholds,No_Beard,0.9363206895599083,0.9830493342311711,17041
occlusion_s2,r50_seed0,frozen_thresholds,Black_Hair,0.8122254416300588,0.8977683301818782,5422
occlusion_s2,r50_seed0,frozen_thresholds,Bushy_Eyebrows,0.7036893203883495,0.7882622229698949,2586
occlusion_s2,r50_seed0,frozen_thresholds,Arched_Eyebrows,0.7322112981169805,0.8022192887801586,5678
occlusion_s2,r50_seed0,frozen_thresholds,High_Cheekbones,0.5943104069139359,0.9009688024532834,9618
occlusion_s2,r50_seed0,frozen_thresholds,Bags_Under_Eyes,0.643749375437194,0.6721391434861981,4045
occlusion_s2,r50_seed0,frozen_thresholds,Big_Lips,0.2684105101920584,0.5097843116534309,6528
occlusion_s2,r50_seed0,frozen_thresholds,Big_Nose,0.5315130508594469,0.643752334640962,4232
occlusion_s2,r50_seed0,frozen_thresholds,Double_Chin,0.37458745874587457,0.5428332989521327,913
occlusion_s2,r50_seed0,frozen_thresholds,Oval_Face,0.4101953311100524,0.5918716768460968,5901
occlusion_s2,r50_seed0,frozen_thresholds,Receding_Hairline,0.5810276679841897,0.6248871442218294,1694
occlusion_s2,r50_seed0,frozen_thresholds,Blond_Hair,0.8362302047122441,0.9179911429434666,2660
occlusion_s2,r50_seed0,frozen_thresholds,Brown_Hair,0.6870603996873953,0.763043891251745,3587
occlusion_s2,r50_seed0,frozen_thresholds,Gray_Hair,0.6726114649681528,0.7742326771454642,636
occlusion_s2,r50_seed0,frozen_thresholds,Bald,0.7788359788359789,0.8462572838364452,423
occlusion_s2,r50_seed0,frozen_thresholds,Straight_Hair,0.6382636655948553,0.6685311944454108,4190
occlusion_s2,r50_seed0,frozen_thresholds,Wavy_Hair,0.7503196930946292,0.8926062888456106,7267
occlusion_s2,r50_seed0,frozen_thresholds,Sideburns,0.07276507276507277,0.6567098955458088,926
occlusion_s2,r50_seed0,fixed_0_5,Smiling,0.376438178577216,0.9173052904000117,9987
occlusion_s2,r50_seed0,fixed_0_5,Mouth_Slightly_Open,0.008857574232511324,0.5888374246211416,9883
occlusion_s2,r50_seed0,fixed_0_5,Eyeglasses,0.9634049323786794,0.9899427856852461,1289
occlusion_s2,r50_seed0,fixed_0_5,Bangs,0.8373239436619718,0.9408604612754147,3109
occlusion_s2,r50_seed0,fixed_0_5,Wearing_Hat,0.8895631067961165,0.9507503314055468,839
occlusion_s2,r50_seed0,fixed_0_5,Mustache,0.00258732212160414,0.270309043153189,772
occlusion_s2,r50_seed0,fixed_0_5,No_Beard,0.9322706981075234,0.9830493342311711,17041
occlusion_s2,r50_seed0,fixed_0_5,Black_Hair,0.8033587190001953,0.8977683301818782,5422
occlusion_s2,r50_seed0,fixed_0_5,Bushy_Eyebrows,0.6539458186101296,0.7882622229698949,2586
occlusion_s2,r50_seed0,fixed_0_5,Arched_Eyebrows,0.7235434532755725,0.8022192887801586,5678
occlusion_s2,r50_seed0,fixed_0_5,High_Cheekbones,0.6120799659719268,0.9009688024532834,9618
occlusion_s2,r50_seed0,fixed_0_5,Bags_Under_Eyes,0.5774462483545415,0.6721391434861981,4045
occlusion_s2,r50_seed0,fixed_0_5,Big_Lips,0.028003613369467027,0.5097843116534309,6528
occlusion_s2,r50_seed0,fixed_0_5,Big_Nose,0.5597826086956522,0.643752334640962,4232
occlusion_s2,r50_seed0,fixed_0_5,Double_Chin,0.13211382113821138,0.5428332989521327,913
occlusion_s2,r50_seed0,fixed_0_5,Oval_Face,0.16831231961111956,0.5918716768460968,5901
occlusion_s2,r50_seed0,fixed_0_5,Receding_Hairline,0.604982206405694,0.6248871442218294,1694
occlusion_s2,r50_seed0,fixed_0_5,Blond_Hair,0.8395108903324418,0.9179911429434666,2660
occlusion_s2,r50_seed0,fixed_0_5,Brown_Hair,0.6972994760177348,0.763043891251745,3587
occlusion_s2,r50_seed0,fixed_0_5,Gray_Hair,0.6779891304347826,0.7742326771454642,636
occlusion_s2,r50_seed0,fixed_0_5,Bald,0.7818831942789034,0.8462572838364452,423
occlusion_s2,r50_seed0,fixed_0_5,Straight_Hair,0.6215197568389058,0.6685311944454108,4190
occlusion_s2,r50_seed0,fixed_0_5,Wavy_Hair,0.7725981107441825,0.8926062888456106,7267
occlusion_s2,r50_seed0,fixed_0_5,Sideburns,0.04021164021164021,0.6567098955458088,926
occlusion_s2,m3_seed0,frozen_thresholds,Smiling,0.291107884171863,0.9037845689595179,9987
occlusion_s2,m3_seed0,frozen_thresholds,Mouth_Slightly_Open,0.025862926489605094,0.5968449395538862,9883
occlusion_s2,m3_seed0,frozen_thresholds,Eyeglasses,0.971183800623053,0.9911975878882258,1289
occlusion_s2,m3_seed0,frozen_thresholds,Bangs,0.8689014271490209,0.9465355197100971,3109
occlusion_s2,m3_seed0,frozen_thresholds,Wearing_Hat,0.8948598130841121,0.9604818408807357,839
occlusion_s2,m3_seed0,frozen_thresholds,Mustache,0.015306122448979591,0.20623823574423467,772
occlusion_s2,m3_seed0,frozen_thresholds,No_Beard,0.9244668728634218,0.9850269034676872,17041
occlusion_s2,m3_seed0,frozen_thresholds,Black_Hair,0.8022533022533023,0.8927294444080085,5422
occlusion_s2,m3_seed0,frozen_thresholds,Bushy_Eyebrows,0.6971766008488651,0.7792037179259892,2586
occlusion_s2,m3_seed0,frozen_thresholds,Arched_Eyebrows,0.7216171473381545,0.8011247460183551,5678
occlusion_s2,m3_seed0,frozen_thresholds,High_Cheekbones,0.3018136995949991,0.8716504611534401,9618
occlusion_s2,m3_seed0,frozen_thresholds,Bags_Under_Eyes,0.6388177798464044,0.6644837584364742,4045
occlusion_s2,m3_seed0,frozen_thresholds,Big_Lips,0.029509183980728697,0.5179876954276127,6528
occlusion_s2,m3_seed0,frozen_thresholds,Big_Nose,0.5799355627152538,0.6396906764594654,4232
occlusion_s2,m3_seed0,frozen_thresholds,Double_Chin,0.18622696411251213,0.5078601370847424,913
occlusion_s2,m3_seed0,frozen_thresholds,Oval_Face,0.5486909185172384,0.5933315638489248,5901
occlusion_s2,m3_seed0,frozen_thresholds,Receding_Hairline,0.5950672645739911,0.6381208500035532,1694
occlusion_s2,m3_seed0,frozen_thresholds,Blond_Hair,0.8433734939759037,0.9189424792347641,2660
occlusion_s2,m3_seed0,frozen_thresholds,Brown_Hair,0.6822910712244198,0.7578380741141053,3587
occlusion_s2,m3_seed0,frozen_thresholds,Gray_Hair,0.6894770819883796,0.7768045022215229,636
occlusion_s2,m3_seed0,frozen_thresholds,Bald,0.7634854771784232,0.8417783666252063,423
occlusion_s2,m3_seed0,frozen_thresholds,Straight_Hair,0.6245019920318725,0.6582380662788399,4190
occlusion_s2,m3_seed0,frozen_thresholds,Wavy_Hair,0.7621404268481287,0.8890714425459105,7267
occlusion_s2,m3_seed0,frozen_thresholds,Sideburns,0.029787234042553193,0.6052331622321997,926
occlusion_s2,m3_seed0,fixed_0_5,Smiling,0.27734711455641686,0.9037845689595179,9987
occlusion_s2,m3_seed0,fixed_0_5,Mouth_Slightly_Open,0.04522317932654659,0.5968449395538862,9883
occlusion_s2,m3_seed0,fixed_0_5,Eyeglasses,0.9711613406079501,0.9911975878882258,1289
occlusion_s2,m3_seed0,fixed_0_5,Bangs,0.8624472573839662,0.9465355197100971,3109
occlusion_s2,m3_seed0,fixed_0_5,Wearing_Hat,0.8942807625649913,0.9604818408807357,839
occlusion_s2,m3_seed0,fixed_0_5,Mustache,0.0,0.20623823574423467,772
occlusion_s2,m3_seed0,fixed_0_5,No_Beard,0.9278395465445826,0.9850269034676872,17041
occlusion_s2,m3_seed0,fixed_0_5,Black_Hair,0.7937425269031486,0.8927294444080085,5422
occlusion_s2,m3_seed0,fixed_0_5,Bushy_Eyebrows,0.684131415074082,0.7792037179259892,2586
occlusion_s2,m3_seed0,fixed_0_5,Arched_Eyebrows,0.6882176975779215,0.8011247460183551,5678
occlusion_s2,m3_seed0,fixed_0_5,High_Cheekbones,0.2221606648199446,0.8716504611534401,9618
occlusion_s2,m3_seed0,fixed_0_5,Bags_Under_Eyes,0.5658394160583942,0.6644837584364742,4045
occlusion_s2,m3_seed0,fixed_0_5,Big_Lips,0.007020757020757021,0.5179876954276127,6528
occlusion_s2,m3_seed0,fixed_0_5,Big_Nose,0.5212781200745092,0.6396906764594654,4232
occlusion_s2,m3_seed0,fixed_0_5,Double_Chin,0.07756813417190776,0.5078601370847424,913
occlusion_s2,m3_seed0,fixed_0_5,Oval_Face,0.4014093062811323,0.5933315638489248,5901
occlusion_s2,m3_seed0,fixed_0_5,Receding_Hairline,0.6131025957972805,0.6381208500035532,1694
occlusion_s2,m3_seed0,fixed_0_5,Blond_Hair,0.8431372549019608,0.9189424792347641,2660
occlusion_s2,m3_seed0,fixed_0_5,Brown_Hair,0.6754187415119963,0.7578380741141053,3587
occlusion_s2,m3_seed0,fixed_0_5,Gray_Hair,0.6662665066026411,0.7768045022215229,636
occlusion_s2,m3_seed0,fixed_0_5,Bald,0.7682672233820459,0.8417783666252063,423
occlusion_s2,m3_seed0,fixed_0_5,Straight_Hair,0.5892857142857143,0.6582380662788399,4190
occlusion_s2,m3_seed0,fixed_0_5,Wavy_Hair,0.7547050948893613,0.8890714425459105,7267
occlusion_s2,m3_seed0,fixed_0_5,Sideburns,0.012875536480686695,0.6052331622321997,926
occlusion_s2,oracle_seed0,frozen_thresholds,Smiling,0.2997205994411989,0.8773646601028251,9987
occlusion_s2,oracle_seed0,frozen_thresholds,Mouth_Slightly_Open,0.1228656273199703,0.6399817568434268,9883
occlusion_s2,oracle_seed0,frozen_thresholds,Eyeglasses,0.9716284492809949,0.992179686889631,1289
occlusion_s2,oracle_seed0,frozen_thresholds,Bangs,0.8439765274421815,0.9412480349362495,3109
occlusion_s2,oracle_seed0,frozen_thresholds,Wearing_Hat,0.8994830557151062,0.9615622616940473,839
occlusion_s2,oracle_seed0,frozen_thresholds,Mustache,0.0076726342710997444,0.15868662668657213,772
occlusion_s2,oracle_seed0,frozen_thresholds,No_Beard,0.926846571529919,0.980179884923077,17041
occlusion_s2,oracle_seed0,frozen_thresholds,Black_Hair,0.8087379566917867,0.8958450769107957,5422
occlusion_s2,oracle_seed0,frozen_thresholds,Bushy_Eyebrows,0.6911094224924013,0.7743136217659411,2586
occlusion_s2,oracle_seed0,frozen_thresholds,Arched_Eyebrows,0.719446845289542,0.7918089834159745,5678
occlusion_s2,oracle_seed0,frozen_thresholds,High_Cheekbones,0.3224803523620347,0.8439297267683248,9618
occlusion_s2,oracle_seed0,frozen_thresholds,Bags_Under_Eyes,0.6511210762331838,0.6751962424727342,4045
occlusion_s2,oracle_seed0,frozen_thresholds,Big_Lips,0.04916567342073898,0.5428814419631605,6528
occlusion_s2,oracle_seed0,frozen_thresholds,Big_Nose,0.5732003235373416,0.6311044752267154,4232
occlusion_s2,oracle_seed0,frozen_thresholds,Double_Chin,0.24203821656050956,0.4991054326980247,913
occlusion_s2,oracle_seed0,frozen_thresholds,Oval_Face,0.5625688651031009,0.5898515483730797,5901
occlusion_s2,oracle_seed0,frozen_thresholds,Receding_Hairline,0.5917917034421889,0.6419259909558989,1694
occlusion_s2,oracle_seed0,frozen_thresholds,Blond_Hair,0.8472196563827822,0.9183572378232896,2660
occlusion_s2,oracle_seed0,frozen_thresholds,Brown_Hair,0.6877588587206627,0.7619028377197483,3587
occlusion_s2,oracle_seed0,frozen_thresholds,Gray_Hair,0.6886731391585761,0.7856881895493055,636
occlusion_s2,oracle_seed0,frozen_thresholds,Bald,0.7650727650727651,0.8539678651969836,423
occlusion_s2,oracle_seed0,frozen_thresholds,Straight_Hair,0.62882096069869,0.6712450026002277,4190
occlusion_s2,oracle_seed0,frozen_thresholds,Wavy_Hair,0.742668916204708,0.8885636377408938,7267
occlusion_s2,oracle_seed0,frozen_thresholds,Sideburns,0.036055143160127257,0.6115175663215525,926
occlusion_s2,oracle_seed0,fixed_0_5,Smiling,0.3565423230756673,0.8773646601028251,9987
occlusion_s2,oracle_seed0,fixed_0_5,Mouth_Slightly_Open,0.26539190637105414,0.6399817568434268,9883
occlusion_s2,oracle_seed0,fixed_0_5,Eyeglasses,0.9702892885066459,0.992179686889631,1289
occlusion_s2,oracle_seed0,fixed_0_5,Bangs,0.8070240295748614,0.9412480349362495,3109
occlusion_s2,oracle_seed0,fixed_0_5,Wearing_Hat,0.9013585351447135,0.9615622616940473,839
occlusion_s2,oracle_seed0,fixed_0_5,Mustache,0.0,0.15868662668657213,772
occlusion_s2,oracle_seed0,fixed_0_5,No_Beard,0.928078439964943,0.980179884923077,17041
occlusion_s2,oracle_seed0,fixed_0_5,Black_Hair,0.8071325301204819,0.8958450769107957,5422
occlusion_s2,oracle_seed0,fixed_0_5,Bushy_Eyebrows,0.6855733662145499,0.7743136217659411,2586
occlusion_s2,oracle_seed0,fixed_0_5,Arched_Eyebrows,0.6682018422106528,0.7918089834159745,5678
occlusion_s2,oracle_seed0,fixed_0_5,High_Cheekbones,0.3469405075108207,0.8439297267683248,9618
occlusion_s2,oracle_seed0,fixed_0_5,Bags_Under_Eyes,0.5783767946088485,0.6751962424727342,4045
occlusion_s2,oracle_seed0,fixed_0_5,Big_Lips,0.06846899794299148,0.5428814419631605,6528
occlusion_s2,oracle_seed0,fixed_0_5,Big_Nose,0.557352388115833,0.6311044752267154,4232
occlusion_s2,oracle_seed0,fixed_0_5,Double_Chin,0.12804878048780488,0.4991054326980247,913
occlusion_s2,oracle_seed0,fixed_0_5,Oval_Face,0.2569326542161856,0.5898515483730797,5901
occlusion_s2,oracle_seed0,fixed_0_5,Receding_Hairline,0.6132421206938676,0.6419259909558989,1694
occlusion_s2,oracle_seed0,fixed_0_5,Blond_Hair,0.8387222438644332,0.9183572378232896,2660
occlusion_s2,oracle_seed0,fixed_0_5,Brown_Hair,0.6906170752324599,0.7619028377197483,3587
occlusion_s2,oracle_seed0,fixed_0_5,Gray_Hair,0.7163958641063516,0.7856881895493055,636
occlusion_s2,oracle_seed0,fixed_0_5,Bald,0.7727771679473107,0.8539678651969836,423
occlusion_s2,oracle_seed0,fixed_0_5,Straight_Hair,0.5599886007409518,0.6712450026002277,4190
occlusion_s2,oracle_seed0,fixed_0_5,Wavy_Hair,0.7762727002083953,0.8885636377408938,7267
occlusion_s2,oracle_seed0,fixed_0_5,Sideburns,0.031880977683315624,0.6115175663215525,926
occlusion_s3,r18_seed0,frozen_thresholds,Smiling,0.00020024028834601522,0.7139874454977568,9987
occlusion_s3,r18_seed0,frozen_thresholds,Mouth_Slightly_Open,0.06864813039309683,0.576043845323563,9883
occlusion_s3,r18_seed0,frozen_thresholds,Eyeglasses,0.8824034334763948,0.9703198745303233,1289
occlusion_s3,r18_seed0,frozen_thresholds,Bangs,0.8508887425938118,0.9332512615317854,3109
occlusion_s3,r18_seed0,frozen_thresholds,Wearing_Hat,0.8732394366197183,0.945639278966848,839
occlusion_s3,r18_seed0,frozen_thresholds,Mustache,0.06281661600810537,0.12730429812428387,772
occlusion_s3,r18_seed0,frozen_thresholds,No_Beard,0.9149398065916716,0.9708369097591443,17041
occlusion_s3,r18_seed0,frozen_thresholds,Black_Hair,0.8093497662558437,0.8906812018083274,5422
occlusion_s3,r18_seed0,frozen_thresholds,Bushy_Eyebrows,0.6747967479674797,0.7509693835579134,2586
occlusion_s3,r18_seed0,frozen_thresholds,Arched_Eyebrows,0.6476482617586912,0.7774746927889908,5678
occlusion_s3,r18_seed0,frozen_thresholds,High_Cheekbones,0.0014545454545454545,0.7010472013785427,9618
occlusion_s3,r18_seed0,frozen_thresholds,Bags_Under_Eyes,0.4461590070446159,0.5971093236845907,4045
occlusion_s3,r18_seed0,frozen_thresholds,Big_Lips,0.32505643340857787,0.49126817447791105,6528
occlusion_s3,r18_seed0,frozen_thresholds,Big_Nose,0.5214710884353742,0.5509219651802644,4232
occlusion_s3,r18_seed0,frozen_thresholds,Double_Chin,0.0,0.30185584157762796,913
occlusion_s3,r18_seed0,frozen_thresholds,Oval_Face,0.38922497431800024,0.527783069675634,5901
occlusion_s3,r18_seed0,frozen_thresholds,Receding_Hairline,0.598259979529171,0.6048207742592895,1694
occlusion_s3,r18_seed0,frozen_thresholds,Blond_Hair,0.8270009643201542,0.909079561920207,2660
occlusion_s3,r18_seed0,frozen_thresholds,Brown_Hair,0.6955901580886723,0.7528286241033396,3587
occlusion_s3,r18_seed0,frozen_thresholds,Gray_Hair,0.687333923826395,0.753181133668731,636
occlusion_s3,r18_seed0,frozen_thresholds,Bald,0.7726269315673289,0.8434638532714813,423
occlusion_s3,r18_seed0,frozen_thresholds,Straight_Hair,0.6242640671749831,0.657292509653105,4190
occlusion_s3,r18_seed0,frozen_thresholds,Wavy_Hair,0.7282839849501064,0.8858406782614537,7267
occlusion_s3,r18_seed0,frozen_thresholds,Sideburns,0.0,0.1806045785788833,926
occlusion_s3,r18_seed0,fixed_0_5,Smiling,0.0037973418606975116,0.7139874454977568,9987
occlusion_s3,r18_seed0,fixed_0_5,Mouth_Slightly_Open,0.04512600117210393,0.576043845323563,9883
occlusion_s3,r18_seed0,fixed_0_5,Eyeglasses,0.7493964268469339,0.9703198745303233,1289
occlusion_s3,r18_seed0,fixed_0_5,Bangs,0.8165253472848638,0.9332512615317854,3109
occlusion_s3,r18_seed0,fixed_0_5,Wearing_Hat,0.8898007033997656,0.945639278966848,839
occlusion_s3,r18_seed0,fixed_0_5,Mustache,0.0,0.12730429812428387,772
occlusion_s3,r18_seed0,fixed_0_5,No_Beard,0.9213765935328555,0.9708369097591443,17041
occlusion_s3,r18_seed0,fixed_0_5,Black_Hair,0.8124499777678968,0.8906812018083274,5422
occlusion_s3,r18_seed0,fixed_0_5,Bushy_Eyebrows,0.5898848272408613,0.7509693835579134,2586
occlusion_s3,r18_seed0,fixed_0_5,Arched_Eyebrows,0.5459504328234318,0.7774746927889908,5678
occlusion_s3,r18_seed0,fixed_0_5,High_Cheekbones,0.004150238638721726,0.7010472013785427,9618
occlusion_s3,r18_seed0,fixed_0_5,Bags_Under_Eyes,0.11629510457366123,0.5971093236845907,4045
occlusion_s3,r18_seed0,fixed_0_5,Big_Lips,0.03793309438470729,0.49126817447791105,6528
occlusion_s3,r18_seed0,fixed_0_5,Big_Nose,0.15616261561626157,0.5509219651802644,4232
occlusion_s3,r18_seed0,fixed_0_5,Double_Chin,0.0,0.30185584157762796,913
occlusion_s3,r18_seed0,fixed_0_5,Oval_Face,0.27847418789594286,0.527783069675634,5901
occlusion_s3,r18_seed0,fixed_0_5,Receding_Hairline,0.5826820881525476,0.6048207742592895,1694
occlusion_s3,r18_seed0,fixed_0_5,Blond_Hair,0.8285280728376327,0.909079561920207,2660
occlusion_s3,r18_seed0,fixed_0_5,Brown_Hair,0.6823563384348831,0.7528286241033396,3587
occlusion_s3,r18_seed0,fixed_0_5,Gray_Hair,0.6861184792219275,0.753181133668731,636
occlusion_s3,r18_seed0,fixed_0_5,Bald,0.7591424968474149,0.8434638532714813,423
occlusion_s3,r18_seed0,fixed_0_5,Straight_Hair,0.6213382337044644,0.657292509653105,4190
occlusion_s3,r18_seed0,fixed_0_5,Wavy_Hair,0.7425226525539251,0.8858406782614537,7267
occlusion_s3,r18_seed0,fixed_0_5,Sideburns,0.0,0.1806045785788833,926
occlusion_s3,r50_seed0,frozen_thresholds,Smiling,0.003597481762766064,0.7108961287976021,9987
occlusion_s3,r50_seed0,frozen_thresholds,Mouth_Slightly_Open,0.0262242972087017,0.5545802574007339,9883
occlusion_s3,r50_seed0,frozen_thresholds,Eyeglasses,0.8709256844850065,0.9702757691246304,1289
occlusion_s3,r50_seed0,frozen_thresholds,Bangs,0.8458340262764011,0.9310005923853236,3109
occlusion_s3,r50_seed0,frozen_thresholds,Wearing_Hat,0.8866587957497049,0.9481979967966613,839
occlusion_s3,r50_seed0,frozen_thresholds,Mustache,0.06615214994487321,0.13389819142232434,772
occlusion_s3,r50_seed0,frozen_thresholds,No_Beard,0.9191856530566208,0.9757044175423719,17041
occlusion_s3,r50_seed0,frozen_thresholds,Black_Hair,0.8129293641007574,0.892312655576423,5422
occlusion_s3,r50_seed0,frozen_thresholds,Bushy_Eyebrows,0.685784014643075,0.7698939473167126,2586
occlusion_s3,r50_seed0,frozen_thresholds,Arched_Eyebrows,0.7171674185037025,0.7858947305442644,5678
occlusion_s3,r50_seed0,frozen_thresholds,High_Cheekbones,0.015673334708187256,0.6999608621288167,9618
occlusion_s3,r50_seed0,frozen_thresholds,Bags_Under_Eyes,0.4942493005906124,0.5895527166175174,4045
occlusion_s3,r50_seed0,frozen_thresholds,Big_Lips,0.4714993804213135,0.47513501586221835,6528
occlusion_s3,r50_seed0,frozen_thresholds,Big_Nose,0.5275783427654362,0.5630818328479588,4232
occlusion_s3,r50_seed0,frozen_thresholds,Double_Chin,0.0,0.2974507241152611,913
occlusion_s3,r50_seed0,frozen_thresholds,Oval_Face,0.19227366558537304,0.5437013178414671,5901
occlusion_s3,r50_seed0,frozen_thresholds,Receding_Hairline,0.5880496054114994,0.6124023312528306,1694
occlusion_s3,r50_seed0,frozen_thresholds,Blond_Hair,0.836329233680227,0.913537196230818,2660
occlusion_s3,r50_seed0,frozen_thresholds,Brown_Hair,0.6794483686511941,0.751893792267635,3587
occlusion_s3,r50_seed0,frozen_thresholds,Gray_Hair,0.6763848396501457,0.7384690936220041,636
occlusion_s3,r50_seed0,frozen_thresholds,Bald,0.7714581178903827,0.8362127094124285,423
occlusion_s3,r50_seed0,frozen_thresholds,Straight_Hair,0.6182206786000535,0.656280182194299,4190
occlusion_s3,r50_seed0,frozen_thresholds,Wavy_Hair,0.7174238642036944,0.8870047048885712,7267
occlusion_s3,r50_seed0,frozen_thresholds,Sideburns,0.0,0.18618860981702903,926
occlusion_s3,r50_seed0,fixed_0_5,Smiling,0.012726188108967985,0.7108961287976021,9987
occlusion_s3,r50_seed0,fixed_0_5,Mouth_Slightly_Open,0.004438615958841925,0.5545802574007339,9883
occlusion_s3,r50_seed0,fixed_0_5,Eyeglasses,0.8963182395260262,0.9702757691246304,1289
occlusion_s3,r50_seed0,fixed_0_5,Bangs,0.8217522658610272,0.9310005923853236,3109
occlusion_s3,r50_seed0,fixed_0_5,Wearing_Hat,0.8887566924449732,0.9481979967966613,839
occlusion_s3,r50_seed0,fixed_0_5,Mustache,0.0,0.13389819142232434,772
occlusion_s3,r50_seed0,fixed_0_5,No_Beard,0.9227026731536654,0.9757044175423719,17041
occlusion_s3,r50_seed0,fixed_0_5,Black_Hair,0.8104934874334985,0.892312655576423,5422
occlusion_s3,r50_seed0,fixed_0_5,Bushy_Eyebrows,0.615233896644624,0.7698939473167126,2586
occlusion_s3,r50_seed0,fixed_0_5,Arched_Eyebrows,0.7047101449275363,0.7858947305442644,5678
occlusion_s3,r50_seed0,fixed_0_5,High_Cheekbones,0.021584952204748688,0.6999608621288167,9618
occlusion_s3,r50_seed0,fixed_0_5,Bags_Under_Eyes,0.12323140118667275,0.5895527166175174,4045
occlusion_s3,r50_seed0,fixed_0_5,Big_Lips,0.07586206896551724,0.47513501586221835,6528
occlusion_s3,r50_seed0,fixed_0_5,Big_Nose,0.28251207729468597,0.5630818328479588,4232
occlusion_s3,r50_seed0,fixed_0_5,Double_Chin,0.0,0.2974507241152611,913
occlusion_s3,r50_seed0,fixed_0_5,Oval_Face,0.03321707357581797,0.5437013178414671,5901
occlusion_s3,r50_seed0,fixed_0_5,Receding_Hairline,0.5936754176610979,0.6124023312528306,1694
occlusion_s3,r50_seed0,fixed_0_5,Blond_Hair,0.8362408553742262,0.913537196230818,2660
occlusion_s3,r50_seed0,fixed_0_5,Brown_Hair,0.6899539669645275,0.751893792267635,3587
occlusion_s3,r50_seed0,fixed_0_5,Gray_Hair,0.6900311526479751,0.7384690936220041,636
occlusion_s3,r50_seed0,fixed_0_5,Bald,0.778698224852071,0.8362127094124285,423
occlusion_s3,r50_seed0,fixed_0_5,Straight_Hair,0.6277730375426621,0.656280182194299,4190
occlusion_s3,r50_seed0,fixed_0_5,Wavy_Hair,0.7461090270572273,0.8870047048885712,7267
occlusion_s3,r50_seed0,fixed_0_5,Sideburns,0.0,0.18618860981702903,926
occlusion_s3,m3_seed0,frozen_thresholds,Smiling,0.0024002400240024004,0.7082279165288027,9987
occlusion_s3,m3_seed0,frozen_thresholds,Mouth_Slightly_Open,0.0018187329493785996,0.5559285297816433,9883
occlusion_s3,m3_seed0,frozen_thresholds,Eyeglasses,0.9492608869356772,0.9847397661284667,1289
occlusion_s3,m3_seed0,frozen_thresholds,Bangs,0.8589849561911059,0.9352343108342803,3109
occlusion_s3,m3_seed0,frozen_thresholds,Wearing_Hat,0.8874928612221588,0.9564504937526143,839
occlusion_s3,m3_seed0,frozen_thresholds,Mustache,0.012738853503184714,0.1295303154429914,772
occlusion_s3,m3_seed0,frozen_thresholds,No_Beard,0.9212498309211417,0.9762067863829517,17041
occlusion_s3,m3_seed0,frozen_thresholds,Black_Hair,0.797677793904209,0.8888733044760301,5422
occlusion_s3,m3_seed0,frozen_thresholds,Bushy_Eyebrows,0.6854179134250947,0.7641704583942309,2586
occlusion_s3,m3_seed0,frozen_thresholds,Arched_Eyebrows,0.5563627841574877,0.7810117252776698,5678
occlusion_s3,m3_seed0,frozen_thresholds,High_Cheekbones,0.0039423176678078636,0.6525235669853999,9618
occlusion_s3,m3_seed0,frozen_thresholds,Bags_Under_Eyes,0.3786744568194267,0.5967057885462396,4045
occlusion_s3,m3_seed0,frozen_thresholds,Big_Lips,0.010053313023610053,0.4966956437136593,6528
occlusion_s3,m3_seed0,frozen_thresholds,Big_Nose,0.41570438799076215,0.5801329535702167,4232
occlusion_s3,m3_seed0,frozen_thresholds,Double_Chin,0.0,0.32276830219462127,913
occlusion_s3,m3_seed0,frozen_thresholds,Oval_Face,0.4194453800381722,0.5491144898684326,5901
occlusion_s3,m3_seed0,frozen_thresholds,Receding_Hairline,0.6007866273352999,0.6277719470880294,1694
occlusion_s3,m3_seed0,frozen_thresholds,Blond_Hair,0.824001605458559,0.9130540301583043,2660
occlusion_s3,m3_seed0,frozen_thresholds,Brown_Hair,0.6742581846052775,0.7472096132105922,3587
occlusion_s3,m3_seed0,frozen_thresholds,Gray_Hair,0.7038377986965967,0.7605104515490789,636
occlusion_s3,m3_seed0,frozen_thresholds,Bald,0.7725321888412017,0.8322756722777596,423
occlusion_s3,m3_seed0,frozen_thresholds,Straight_Hair,0.606627471940139,0.6418016622800574,4190
occlusion_s3,m3_seed0,frozen_thresholds,Wavy_Hair,0.7266644908616188,0.8832797173252156,7267
occlusion_s3,m3_seed0,frozen_thresholds,Sideburns,0.0,0.18404941169806402,926
occlusion_s3,m3_seed0,fixed_0_5,Smiling,0.001800720288115246,0.7082279165288027,9987
occlusion_s3,m3_seed0,fixed_0_5,Mouth_Slightly_Open,0.006039863096436481,0.5559285297816433,9883
occlusion_s3,m3_seed0,fixed_0_5,Eyeglasses,0.9504,0.9847397661284667,1289
occlusion_s3,m3_seed0,fixed_0_5,Bangs,0.8538189175518462,0.9352343108342803,3109
occlusion_s3,m3_seed0,fixed_0_5,Wearing_Hat,0.8848553601815088,0.9564504937526143,839
occlusion_s3,m3_seed0,fixed_0_5,Mustache,0.0,0.1295303154429914,772
occlusion_s3,m3_seed0,fixed_0_5,No_Beard,0.9221205787344934,0.9762067863829517,17041
occlusion_s3,m3_seed0,fixed_0_5,Black_Hair,0.7904440919904837,0.8888733044760301,5422
occlusion_s3,m3_seed0,fixed_0_5,Bushy_Eyebrows,0.6296121097445601,0.7641704583942309,2586
occlusion_s3,m3_seed0,fixed_0_5,Arched_Eyebrows,0.4700270723217739,0.7810117252776698,5678
occlusion_s3,m3_seed0,fixed_0_5,High_Cheekbones,0.0014545454545454545,0.6525235669853999,9618
occlusion_s3,m3_seed0,fixed_0_5,Bags_Under_Eyes,0.15377738042020564,0.5967057885462396,4045
occlusion_s3,m3_seed0,fixed_0_5,Big_Lips,0.00030632562413845916,0.4966956437136593,6528
occlusion_s3,m3_seed0,fixed_0_5,Big_Nose,0.22336275918702525,0.5801329535702167,4232
occlusion_s3,m3_seed0,fixed_0_5,Double_Chin,0.0,0.32276830219462127,913
occlusion_s3,m3_seed0,fixed_0_5,Oval_Face,0.16540899486869906,0.5491144898684326,5901
occlusion_s3,m3_seed0,fixed_0_5,Receding_Hairline,0.6021680216802168,0.6277719470880294,1694
occlusion_s3,m3_seed0,fixed_0_5,Blond_Hair,0.8139201637666326,0.9130540301583043,2660
occlusion_s3,m3_seed0,fixed_0_5,Brown_Hair,0.6887360275150473,0.7472096132105922,3587
occlusion_s3,m3_seed0,fixed_0_5,Gray_Hair,0.6918408631153068,0.7605104515490789,636
occlusion_s3,m3_seed0,fixed_0_5,Bald,0.7783783783783784,0.8322756722777596,423
occlusion_s3,m3_seed0,fixed_0_5,Straight_Hair,0.6014933946008041,0.6418016622800574,4190
occlusion_s3,m3_seed0,fixed_0_5,Wavy_Hair,0.713404468156052,0.8832797173252156,7267
occlusion_s3,m3_seed0,fixed_0_5,Sideburns,0.0,0.18404941169806402,926
occlusion_s3,oracle_seed0,frozen_thresholds,Smiling,0.01999801999802,0.6985527560192112,9987
occlusion_s3,oracle_seed0,frozen_thresholds,Mouth_Slightly_Open,0.04975609756097561,0.5791082872420322,9883
occlusion_s3,oracle_seed0,frozen_thresholds,Eyeglasses,0.9409001956947163,0.9789730363131123,1289
occlusion_s3,oracle_seed0,frozen_thresholds,Bangs,0.8306296877725449,0.9286869987051828,3109
occlusion_s3,oracle_seed0,frozen_thresholds,Wearing_Hat,0.8838782412626832,0.9557344398493256,839
occlusion_s3,oracle_seed0,frozen_thresholds,Mustache,0.0,0.10134886913713156,772
occlusion_s3,oracle_seed0,frozen_thresholds,No_Beard,0.9211233211233211,0.966755100085654,17041
occlusion_s3,oracle_seed0,frozen_thresholds,Black_Hair,0.8081187746664161,0.8918414479672427,5422
occlusion_s3,oracle_seed0,frozen_thresholds,Bushy_Eyebrows,0.6559044670499778,0.753190727299943,2586
occlusion_s3,oracle_seed0,frozen_thresholds,Arched_Eyebrows,0.6117901568415359,0.7740990204275204,5678
occlusion_s3,oracle_seed0,frozen_thresholds,High_Cheekbones,0.023399014778325122,0.6627360673772033,9618
occlusion_s3,oracle_seed0,frozen_thresholds,Bags_Under_Eyes,0.5068450528935905,0.6149537597930017,4045
occlusion_s3,oracle_seed0,frozen_thresholds,Big_Lips,0.028950542822677925,0.5226029758149923,6528
occlusion_s3,oracle_seed0,frozen_thresholds,Big_Nose,0.5128020194734945,0.55576658749795,4232
occlusion_s3,oracle_seed0,frozen_thresholds,Double_Chin,0.004371584699453552,0.3380161751410457,913
occlusion_s3,oracle_seed0,frozen_thresholds,Oval_Face,0.4944918095603027,0.5597445929435751,5901
occlusion_s3,oracle_seed0,frozen_thresholds,Receding_Hairline,0.6036732721121315,0.6229552224982531,1694
occlusion_s3,oracle_seed0,frozen_thresholds,Blond_Hair,0.8438724118634583,0.912504833661382,2660
occlusion_s3,oracle_seed0,frozen_thresholds,Brown_Hair,0.6791605880372573,0.7522628376184592,3587
occlusion_s3,oracle_seed0,frozen_thresholds,Gray_Hair,0.6943836615609045,0.7660743890682237,636
occlusion_s3,oracle_seed0,frozen_thresholds,Bald,0.7759197324414716,0.8439692528922489,423
occlusion_s3,oracle_seed0,frozen_thresholds,Straight_Hair,0.6191876493291675,0.6553677664447419,4190
occlusion_s3,oracle_seed0,frozen_thresholds,Wavy_Hair,0.709979906229069,0.8822210799919648,7267
occlusion_s3,oracle_seed0,frozen_thresholds,Sideburns,0.0,0.17189735063062023,926
occlusion_s3,oracle_seed0,fixed_0_5,Smiling,0.03206136900078678,0.6985527560192112,9987
occlusion_s3,oracle_seed0,fixed_0_5,Mouth_Slightly_Open,0.16182204891882312,0.5791082872420322,9883
occlusion_s3,oracle_seed0,fixed_0_5,Eyeglasses,0.9366479550922213,0.9789730363131123,1289
occlusion_s3,oracle_seed0,fixed_0_5,Bangs,0.7830985915492957,0.9286869987051828,3109
occlusion_s3,oracle_seed0,fixed_0_5,Wearing_Hat,0.8885037550548815,0.9557344398493256,839
occlusion_s3,oracle_seed0,fixed_0_5,Mustache,0.0,0.10134886913713156,772
occlusion_s3,oracle_seed0,fixed_0_5,No_Beard,0.9210031860142145,0.966755100085654,17041
occlusion_s3,oracle_seed0,fixed_0_5,Black_Hair,0.8053500284575982,0.8918414479672427,5422
occlusion_s3,oracle_seed0,fixed_0_5,Bushy_Eyebrows,0.621017593913457,0.753190727299943,2586
occlusion_s3,oracle_seed0,fixed_0_5,Arched_Eyebrows,0.4946828474915551,0.7740990204275204,5678
occlusion_s3,oracle_seed0,fixed_0_5,High_Cheekbones,0.029438822447102116,0.6627360673772033,9618
occlusion_s3,oracle_seed0,fixed_0_5,Bags_Under_Eyes,0.24155193992490614,0.6149537597930017,4045
occlusion_s3,oracle_seed0,fixed_0_5,Big_Lips,0.047058823529411764,0.5226029758149923,6528
occlusion_s3,oracle_seed0,fixed_0_5,Big_Nose,0.31444444444444447,0.55576658749795,4232
occlusion_s3,oracle_seed0,fixed_0_5,Double_Chin,0.0,0.3380161751410457,913
occlusion_s3,oracle_seed0,fixed_0_5,Oval_Face,0.12191673212882953,0.5597445929435751,5901
occlusion_s3,oracle_seed0,fixed_0_5,Receding_Hairline,0.6160427807486631,0.6229552224982531,1694
occlusion_s3,oracle_seed0,fixed_0_5,Blond_Hair,0.8291716210860087,0.912504833661382,2660
occlusion_s3,oracle_seed0,fixed_0_5,Brown_Hair,0.6926418680423567,0.7522628376184592,3587
occlusion_s3,oracle_seed0,fixed_0_5,Gray_Hair,0.7108927108927109,0.7660743890682237,636
occlusion_s3,oracle_seed0,fixed_0_5,Bald,0.7785547785547785,0.8439692528922489,423
occlusion_s3,oracle_seed0,fixed_0_5,Straight_Hair,0.5943785134291069,0.6553677664447419,4190
occlusion_s3,oracle_seed0,fixed_0_5,Wavy_Hair,0.7549720323182101,0.8822210799919648,7267
occlusion_s3,oracle_seed0,fixed_0_5,Sideburns,0.0,0.17189735063062023,926
occlusion_s4,r18_seed0,frozen_thresholds,Smiling,0.0008005603922745922,0.6243633637466339,9987
occlusion_s4,r18_seed0,frozen_thresholds,Mouth_Slightly_Open,0.1246236657239303,0.5666427381492357,9883
occlusion_s4,r18_seed0,frozen_thresholds,Eyeglasses,0.5410468319559228,0.756222680860232,1289
occlusion_s4,r18_seed0,frozen_thresholds,Bangs,0.835000847888757,0.9202995151382083,3109
occlusion_s4,r18_seed0,frozen_thresholds,Wearing_Hat,0.8606194690265486,0.936453564038149,839
occlusion_s4,r18_seed0,frozen_thresholds,Mustache,0.010165184243964422,0.11482996138769358,772
occlusion_s4,r18_seed0,frozen_thresholds,No_Beard,0.9198480583718197,0.9607717226265313,17041
occlusion_s4,r18_seed0,frozen_thresholds,Black_Hair,0.8028120713305898,0.8797869000885554,5422
occlusion_s4,r18_seed0,frozen_thresholds,Bushy_Eyebrows,0.4893964110929853,0.6883095096764268,2586
occlusion_s4,r18_seed0,frozen_thresholds,Arched_Eyebrows,0.3976083707025411,0.7468451517551709,5678
occlusion_s4,r18_seed0,frozen_thresholds,High_Cheekbones,0.00020792182139515541,0.6287074424643729,9618
occlusion_s4,r18_seed0,frozen_thresholds,Bags_Under_Eyes,0.027151515151515152,0.39555476333507705,4045
occlusion_s4,r18_seed0,frozen_thresholds,Big_Lips,0.086684666761404,0.4665504557703081,6528
occlusion_s4,r18_seed0,frozen_thresholds,Big_Nose,0.3655293929200705,0.4769316939881766,4232
occlusion_s4,r18_seed0,frozen_thresholds,Double_Chin,0.0,0.17493631289148664,913
occlusion_s4,r18_seed0,frozen_thresholds,Oval_Face,0.4164394627890538,0.48014561337473094,5901
occlusion_s4,r18_seed0,frozen_thresholds,Receding_Hairline,0.5775669642857143,0.586843128136214,1694
occlusion_s4,r18_seed0,frozen_thresholds,Blond_Hair,0.8151309408341416,0.8969337693198334,2660
occlusion_s4,r18_seed0,frozen_thresholds,Brown_Hair,0.6810721454717203,0.7345356386973902,3587
occlusion_s4,r18_seed0,frozen_thresholds,Gray_Hair,0.6567992599444958,0.7176776805084631,636
occlusion_s4,r18_seed0,frozen_thresholds,Bald,0.7612293144208038,0.8307304411201734,423
occlusion_s4,r18_seed0,frozen_thresholds,Straight_Hair,0.6074714758925285,0.6262805819213887,4190
occlusion_s4,r18_seed0,frozen_thresholds,Wavy_Hair,0.6151454179623194,0.8614348236810653,7267
occlusion_s4,r18_seed0,frozen_thresholds,Sideburns,0.0,0.09169637588406546,926
occlusion_s4,r18_seed0,fixed_0_5,Smiling,0.007374190333831589,0.6243633637466339,9987
occlusion_s4,r18_seed0,fixed_0_5,Mouth_Slightly_Open,0.08556048729813957,0.5666427381492357,9883
occlusion_s4,r18_seed0,fixed_0_5,Eyeglasses,0.20665742024965325,0.756222680860232,1289
occlusion_s4,r18_seed0,fixed_0_5,Bangs,0.7711254262978401,0.9202995151382083,3109
occlusion_s4,r18_seed0,fixed_0_5,Wearing_Hat,0.8732558139534884,0.936453564038149,839
occlusion_s4,r18_seed0,fixed_0_5,Mustache,0.0,0.11482996138769358,772
occlusion_s4,r18_seed0,fixed_0_5,No_Beard,0.9212990527740189,0.9607717226265313,17041
occlusion_s4,r18_seed0,fixed_0_5,Black_Hair,0.8042423152975013,0.8797869000885554,5422
occlusion_s4,r18_seed0,fixed_0_5,Bushy_Eyebrows,0.32772308669418865,0.6883095096764268,2586
occlusion_s4,r18_seed0,fixed_0_5,Arched_Eyebrows,0.2594496522527971,0.7468451517551709,5678
occlusion_s4,r18_seed0,fixed_0_5,High_Cheekbones,0.0012468827930174563,0.6287074424643729,9618
occlusion_s4,r18_seed0,fixed_0_5,Bags_Under_Eyes,0.0,0.39555476333507705,4045
occlusion_s4,r18_seed0,fixed_0_5,Big_Lips,0.00823045267489712,0.4665504557703081,6528
occlusion_s4,r18_seed0,fixed_0_5,Big_Nose,0.016853932584269662,0.4769316939881766,4232
occlusion_s4,r18_seed0,fixed_0_5,Double_Chin,0.0,0.17493631289148664,913
occlusion_s4,r18_seed0,fixed_0_5,Oval_Face,0.28728575083141467,0.48014561337473094,5901
occlusion_s4,r18_seed0,fixed_0_5,Receding_Hairline,0.5400410677618069,0.586843128136214,1694
occlusion_s4,r18_seed0,fixed_0_5,Blond_Hair,0.8184250764525994,0.8969337693198334,2660
occlusion_s4,r18_seed0,fixed_0_5,Brown_Hair,0.6690606147658719,0.7345356386973902,3587
occlusion_s4,r18_seed0,fixed_0_5,Gray_Hair,0.6581118240146654,0.7176776805084631,636
occlusion_s4,r18_seed0,fixed_0_5,Bald,0.7304116865869854,0.8307304411201734,423
occlusion_s4,r18_seed0,fixed_0_5,Straight_Hair,0.6081602838359595,0.6262805819213887,4190
occlusion_s4,r18_seed0,fixed_0_5,Wavy_Hair,0.6391420911528151,0.8614348236810653,7267
occlusion_s4,r18_seed0,fixed_0_5,Sideburns,0.0,0.09169637588406546,926
occlusion_s4,r50_seed0,frozen_thresholds,Smiling,0.001600640256102441,0.6557743662448048,9987
occlusion_s4,r50_seed0,frozen_thresholds,Mouth_Slightly_Open,0.01735833998403831,0.5345597770662097,9883
occlusion_s4,r50_seed0,frozen_thresholds,Eyeglasses,0.15965787598004277,0.7255107603802122,1289
occlusion_s4,r50_seed0,frozen_thresholds,Bangs,0.7911683532658693,0.9202258083457,3109
occlusion_s4,r50_seed0,frozen_thresholds,Wearing_Hat,0.8816180844735276,0.9450641558212503,839
occlusion_s4,r50_seed0,frozen_thresholds,Mustache,0.007633587786259542,0.11418894567473284,772
occlusion_s4,r50_seed0,frozen_thresholds,No_Beard,0.9206176302388279,0.9648446646839575,17041
occlusion_s4,r50_seed0,frozen_thresholds,Black_Hair,0.804252009333679,0.8839238927039685,5422
occlusion_s4,r50_seed0,frozen_thresholds,Bushy_Eyebrows,0.5686274509803921,0.7222342102369959,2586
occlusion_s4,r50_seed0,frozen_thresholds,Arched_Eyebrows,0.4939251177783288,0.7479080777629646,5678
occlusion_s4,r50_seed0,frozen_thresholds,High_Cheekbones,0.0037359900373599006,0.6600677536173636,9618
occlusion_s4,r50_seed0,frozen_thresholds,Bags_Under_Eyes,0.040229885057471264,0.3993980817451762,4045
occlusion_s4,r50_seed0,frozen_thresholds,Big_Lips,0.15131840466410496,0.4487890782858807,6528
occlusion_s4,r50_seed0,frozen_thresholds,Big_Nose,0.4817383263985206,0.49687360768397104,4232
occlusion_s4,r50_seed0,frozen_thresholds,Double_Chin,0.0,0.2042871095795909,913
occlusion_s4,r50_seed0,frozen_thresholds,Oval_Face,0.14763273332324914,0.49941879415452806,5901
occlusion_s4,r50_seed0,frozen_thresholds,Receding_Hairline,0.5771495877502945,0.5889660345488837,1694
occlusion_s4,r50_seed0,frozen_thresholds,Blond_Hair,0.8098380323935213,0.9004588262998857,2660
occlusion_s4,r50_seed0,frozen_thresholds,Brown_Hair,0.6734088160932176,0.735481410590147,3587
occlusion_s4,r50_seed0,frozen_thresholds,Gray_Hair,0.662771285475793,0.6898855504768546,636
occlusion_s4,r50_seed0,frozen_thresholds,Bald,0.7667386609071274,0.8309131852812994,423
occlusion_s4,r50_seed0,frozen_thresholds,Straight_Hair,0.5867101508357113,0.6220443877492161,4190
occlusion_s4,r50_seed0,frozen_thresholds,Wavy_Hair,0.5911394781302797,0.8607589480414422,7267
occlusion_s4,r50_seed0,frozen_thresholds,Sideburns,0.0,0.10284904664552579,926
occlusion_s4,r50_seed0,fixed_0_5,Smiling,0.008967716221602232,0.6557743662448048,9987
occlusion_s4,r50_seed0,fixed_0_5,Mouth_Slightly_Open,0.00302999697000303,0.5345597770662097,9883
occlusion_s4,r50_seed0,fixed_0_5,Eyeglasses,0.23994546693933197,0.7255107603802122,1289
occlusion_s4,r50_seed0,fixed_0_5,Bangs,0.698937908496732,0.9202258083457,3109
occlusion_s4,r50_seed0,fixed_0_5,Wearing_Hat,0.8764988009592326,0.9450641558212503,839
occlusion_s4,r50_seed0,fixed_0_5,Mustache,0.0,0.11418894567473284,772
occlusion_s4,r50_seed0,fixed_0_5,No_Beard,0.9211337696759885,0.9648446646839575,17041
occlusion_s4,r50_seed0,fixed_0_5,Black_Hair,0.8044181034482759,0.8839238927039685,5422
occlusion_s4,r50_seed0,fixed_0_5,Bushy_Eyebrows,0.4111310592459605,0.7222342102369959,2586
occlusion_s4,r50_seed0,fixed_0_5,Arched_Eyebrows,0.4272151898734177,0.7479080777629646,5678
occlusion_s4,r50_seed0,fixed_0_5,High_Cheekbones,0.006012231781901109,0.6600677536173636,9618
occlusion_s4,r50_seed0,fixed_0_5,Bags_Under_Eyes,0.0004943153732081067,0.3993980817451762,4045
occlusion_s4,r50_seed0,fixed_0_5,Big_Lips,0.003973712364358857,0.4487890782858807,6528
occlusion_s4,r50_seed0,fixed_0_5,Big_Nose,0.065,0.49687360768397104,4232
occlusion_s4,r50_seed0,fixed_0_5,Double_Chin,0.0,0.2042871095795909,913
occlusion_s4,r50_seed0,fixed_0_5,Oval_Face,0.011780545270952542,0.49941879415452806,5901
occlusion_s4,r50_seed0,fixed_0_5,Receding_Hairline,0.5606881172347882,0.5889660345488837,1694
occlusion_s4,r50_seed0,fixed_0_5,Blond_Hair,0.8118811881188119,0.9004588262998857,2660
occlusion_s4,r50_seed0,fixed_0_5,Brown_Hair,0.6830440587449933,0.735481410590147,3587
occlusion_s4,r50_seed0,fixed_0_5,Gray_Hair,0.6402877697841727,0.6898855504768546,636
occlusion_s4,r50_seed0,fixed_0_5,Bald,0.773955773955774,0.8309131852812994,423
occlusion_s4,r50_seed0,fixed_0_5,Straight_Hair,0.6096921433427211,0.6220443877492161,4190
occlusion_s4,r50_seed0,fixed_0_5,Wavy_Hair,0.6334833483348334,0.8607589480414422,7267
occlusion_s4,r50_seed0,fixed_0_5,Sideburns,0.0,0.10284904664552579,926
occlusion_s4,m3_seed0,frozen_thresholds,Smiling,0.00020024028834601522,0.6110585263947381,9987
occlusion_s4,m3_seed0,frozen_thresholds,Mouth_Slightly_Open,0.0010109179134654266,0.5300114259582812,9883
occlusion_s4,m3_seed0,frozen_thresholds,Eyeglasses,0.7372962607861937,0.8868012691101573,1289
occlusion_s4,m3_seed0,frozen_thresholds,Bangs,0.819243013795543,0.9223826589183606,3109
occlusion_s4,m3_seed0,frozen_thresholds,Wearing_Hat,0.8823866896156053,0.952060944680537,839
occlusion_s4,m3_seed0,frozen_thresholds,Mustache,0.0,0.09882829182744007,772
occlusion_s4,m3_seed0,frozen_thresholds,No_Beard,0.9208255565473775,0.9643059821489935,17041
occlusion_s4,m3_seed0,frozen_thresholds,Black_Hair,0.7869425823375109,0.8795945554025135,5422
occlusion_s4,m3_seed0,frozen_thresholds,Bushy_Eyebrows,0.44368013757523644,0.6902691494605377,2586
occlusion_s4,m3_seed0,frozen_thresholds,Arched_Eyebrows,0.11177446102819237,0.7428128273065353,5678
occlusion_s4,m3_seed0,frozen_thresholds,High_Cheekbones,0.0,0.5499238678443278,9618
occlusion_s4,m3_seed0,frozen_thresholds,Bags_Under_Eyes,0.02991556091676719,0.3819376298312986,4045
occlusion_s4,m3_seed0,frozen_thresholds,Big_Lips,0.0009186954524575103,0.46287776583009843,6528
occlusion_s4,m3_seed0,frozen_thresholds,Big_Nose,0.12875163114397564,0.5028391787478387,4232
occlusion_s4,m3_seed0,frozen_thresholds,Double_Chin,0.0,0.21400714265775894,913
occlusion_s4,m3_seed0,frozen_thresholds,Oval_Face,0.3428768540876164,0.4732223737114368,5901
occlusion_s4,m3_seed0,frozen_thresholds,Receding_Hairline,0.58578856152513,0.6071267763911299,1694
occlusion_s4,m3_seed0,frozen_thresholds,Blond_Hair,0.768100280959585,0.899575961864755,2660
occlusion_s4,m3_seed0,frozen_thresholds,Brown_Hair,0.6590177996997642,0.7267874232415524,3587
occlusion_s4,m3_seed0,frozen_thresholds,Gray_Hair,0.6795302013422819,0.7286623048890076,636
occlusion_s4,m3_seed0,frozen_thresholds,Bald,0.7754137115839244,0.8317342330773682,423
occlusion_s4,m3_seed0,frozen_thresholds,Straight_Hair,0.5665311329028143,0.599124722138112,4190
occlusion_s4,m3_seed0,frozen_thresholds,Wavy_Hair,0.5824310328594294,0.8532693550018151,7267
occlusion_s4,m3_seed0,frozen_thresholds,Sideburns,0.0,0.09990431046860236,926
occlusion_s4,m3_seed0,fixed_0_5,Smiling,0.00020024028834601522,0.6110585263947381,9987
occlusion_s4,m3_seed0,fixed_0_5,Mouth_Slightly_Open,0.006843111603099527,0.5300114259582812,9883
occlusion_s4,m3_seed0,fixed_0_5,Eyeglasses,0.7295597484276729,0.8868012691101573,1289
occlusion_s4,m3_seed0,fixed_0_5,Bangs,0.8006547835576573,0.9223826589183606,3109
occlusion_s4,m3_seed0,fixed_0_5,Wearing_Hat,0.8808172531214529,0.952060944680537,839
occlusion_s4,m3_seed0,fixed_0_5,Mustache,0.0,0.09882829182744007,772
occlusion_s4,m3_seed0,fixed_0_5,No_Beard,0.9197210993244527,0.9643059821489935,17041
occlusion_s4,m3_seed0,fixed_0_5,Black_Hair,0.7788,0.8795945554025135,5422
occlusion_s4,m3_seed0,fixed_0_5,Bushy_Eyebrows,0.31473718155433733,0.6902691494605377,2586
occlusion_s4,m3_seed0,fixed_0_5,Arched_Eyebrows,0.06142296536427231,0.7428128273065353,5678
occlusion_s4,m3_seed0,fixed_0_5,High_Cheekbones,0.0,0.5499238678443278,9618
occlusion_s4,m3_seed0,fixed_0_5,Bags_Under_Eyes,0.0004941932295527551,0.3819376298312986,4045
occlusion_s4,m3_seed0,fixed_0_5,Big_Lips,0.0,0.46287776583009843,6528
occlusion_s4,m3_seed0,fixed_0_5,Big_Nose,0.02703962703962704,0.5028391787478387,4232
occlusion_s4,m3_seed0,fixed_0_5,Double_Chin,0.0,0.21400714265775894,913
occlusion_s4,m3_seed0,fixed_0_5,Oval_Face,0.0914249684741488,0.4732223737114368,5901
occlusion_s4,m3_seed0,fixed_0_5,Receding_Hairline,0.5641677255400254,0.6071267763911299,1694
occlusion_s4,m3_seed0,fixed_0_5,Blond_Hair,0.7516036275160363,0.899575961864755,2660
occlusion_s4,m3_seed0,fixed_0_5,Brown_Hair,0.6753464930701386,0.7267874232415524,3587
occlusion_s4,m3_seed0,fixed_0_5,Gray_Hair,0.6764934057408845,0.7286623048890076,636
occlusion_s4,m3_seed0,fixed_0_5,Bald,0.7728894173602854,0.8317342330773682,423
occlusion_s4,m3_seed0,fixed_0_5,Straight_Hair,0.5871444942181477,0.599124722138112,4190
occlusion_s4,m3_seed0,fixed_0_5,Wavy_Hair,0.5610084680523479,0.8532693550018151,7267
occlusion_s4,m3_seed0,fixed_0_5,Sideburns,0.0,0.09990431046860236,926
occlusion_s4,oracle_seed0,frozen_thresholds,Smiling,0.003996403237086622,0.5885025767282577,9987
occlusion_s4,oracle_seed0,frozen_thresholds,Mouth_Slightly_Open,0.04215686274509804,0.5457791976317244,9883
occlusion_s4,oracle_seed0,frozen_thresholds,Eyeglasses,0.6077348066298343,0.7277023455734845,1289
occlusion_s4,oracle_seed0,frozen_thresholds,Bangs,0.7735178604825136,0.9118749972525204,3109
occlusion_s4,oracle_seed0,frozen_thresholds,Wearing_Hat,0.8681742967457253,0.945157522555592,839
occlusion_s4,oracle_seed0,frozen_thresholds,Mustache,0.0,0.08566919039013367,772
occlusion_s4,oracle_seed0,frozen_thresholds,No_Beard,0.9185314399411267,0.9571674933733498,17041
occlusion_s4,oracle_seed0,frozen_thresholds,Black_Hair,0.7804442681475605,0.8798675925717889,5422
occlusion_s4,oracle_seed0,frozen_thresholds,Bushy_Eyebrows,0.224642614023145,0.6654634599640946,2586
occlusion_s4,oracle_seed0,frozen_thresholds,Arched_Eyebrows,0.15617941271377864,0.7342493777625138,5678
occlusion_s4,oracle_seed0,frozen_thresholds,High_Cheekbones,0.0012468827930174563,0.5668724548299996,9618
occlusion_s4,oracle_seed0,frozen_thresholds,Bags_Under_Eyes,0.040786948176583494,0.39234530012039837,4045
occlusion_s4,oracle_seed0,frozen_thresholds,Big_Lips,0.0009185548071034905,0.4745014179564456,6528
occlusion_s4,oracle_seed0,frozen_thresholds,Big_Nose,0.31400137268359646,0.46094011084614195,4232
occlusion_s4,oracle_seed0,frozen_thresholds,Double_Chin,0.0,0.18727473015087123,913
occlusion_s4,oracle_seed0,frozen_thresholds,Oval_Face,0.43467956946775943,0.4882704459933429,5901
occlusion_s4,oracle_seed0,frozen_thresholds,Receding_Hairline,0.5847953216374269,0.5893513168552926,1694
occlusion_s4,oracle_seed0,frozen_thresholds,Blond_Hair,0.8222095455409774,0.8973648753380037,2660
occlusion_s4,oracle_seed0,frozen_thresholds,Brown_Hair,0.6762656758012077,0.7257796228039877,3587
occlusion_s4,oracle_seed0,frozen_thresholds,Gray_Hair,0.6717428087986463,0.7156142536773369,636
occlusion_s4,oracle_seed0,frozen_thresholds,Bald,0.742483660130719,0.8295032290835769,423
occlusion_s4,oracle_seed0,frozen_thresholds,Straight_Hair,0.5857451403887689,0.6015970600465816,4190
occlusion_s4,oracle_seed0,frozen_thresholds,Wavy_Hair,0.5567885747370452,0.85135760953637,7267
occlusion_s4,oracle_seed0,frozen_thresholds,Sideburns,0.0,0.08295298139541826,926
occlusion_s4,oracle_seed0,fixed_0_5,Smiling,0.007770472205618649,0.5885025767282577,9987
occlusion_s4,oracle_seed0,fixed_0_5,Mouth_Slightly_Open,0.16715796774752906,0.5457791976317244,9883
occlusion_s4,oracle_seed0,fixed_0_5,Eyeglasses,0.4988584474885845,0.7277023455734845,1289
occlusion_s4,oracle_seed0,fixed_0_5,Bangs,0.6645702306079665,0.9118749972525204,3109
occlusion_s4,oracle_seed0,fixed_0_5,Wearing_Hat,0.877632327831531,0.945157522555592,839
occlusion_s4,oracle_seed0,fixed_0_5,Mustache,0.0,0.08566919039013367,772
occlusion_s4,oracle_seed0,fixed_0_5,No_Beard,0.9156010230179028,0.9571674933733498,17041
occlusion_s4,oracle_seed0,fixed_0_5,Black_Hair,0.7755102040816326,0.8798675925717889,5422
occlusion_s4,oracle_seed0,fixed_0_5,Bushy_Eyebrows,0.17593244194229415,0.6654634599640946,2586
occlusion_s4,oracle_seed0,fixed_0_5,Arched_Eyebrows,0.0670182003742133,0.7342493777625138,5678
occlusion_s4,oracle_seed0,fixed_0_5,High_Cheekbones,0.0014545454545454545,0.5668724548299996,9618
occlusion_s4,oracle_seed0,fixed_0_5,Bags_Under_Eyes,0.0004943153732081067,0.39234530012039837,4045
occlusion_s4,oracle_seed0,fixed_0_5,Big_Lips,0.0024476059354443937,0.4745014179564456,6528
occlusion_s4,oracle_seed0,fixed_0_5,Big_Nose,0.06060606060606061,0.46094011084614195,4232
occlusion_s4,oracle_seed0,fixed_0_5,Double_Chin,0.0,0.18727473015087123,913
occlusion_s4,oracle_seed0,fixed_0_5,Oval_Face,0.036044973544973546,0.4882704459933429,5901
occlusion_s4,oracle_seed0,fixed_0_5,Receding_Hairline,0.5476740349719564,0.5893513168552926,1694
occlusion_s4,oracle_seed0,fixed_0_5,Blond_Hair,0.800978792822186,0.8973648753380037,2660
occlusion_s4,oracle_seed0,fixed_0_5,Brown_Hair,0.6663804207814513,0.7257796228039877,3587
occlusion_s4,oracle_seed0,fixed_0_5,Gray_Hair,0.6192794547224927,0.7156142536773369,636
occlusion_s4,oracle_seed0,fixed_0_5,Bald,0.7297668038408779,0.8295032290835769,423
occlusion_s4,oracle_seed0,fixed_0_5,Straight_Hair,0.5694760820045558,0.6015970600465816,4190
occlusion_s4,oracle_seed0,fixed_0_5,Wavy_Hair,0.638671875,0.85135760953637,7267
occlusion_s4,oracle_seed0,fixed_0_5,Sideburns,0.0,0.08295298139541826,926
jpeg_s1,r18_seed0,frozen_thresholds,Smiling,0.9285568691398288,0.9844660291512366,9987
jpeg_s1,r18_seed0,frozen_thresholds,Mouth_Slightly_Open,0.9370135190495699,0.9864928508192484,9883
jpeg_s1,r18_seed0,frozen_thresholds,Eyeglasses,0.975800156128025,0.9919378269985011,1289
jpeg_s1,r18_seed0,frozen_thresholds,Bangs,0.8760890609874153,0.9510890089224225,3109
jpeg_s1,r18_seed0,frozen_thresholds,Wearing_Hat,0.893841642228739,0.9574313687859406,839
jpeg_s1,r18_seed0,frozen_thresholds,Mustache,0.6110144927536232,0.6626873021042915,772
jpeg_s1,r18_seed0,frozen_thresholds,No_Beard,0.9781878704704061,0.997898156527762,17041
jpeg_s1,r18_seed0,frozen_thresholds,Black_Hair,0.8169274932864155,0.9005901225348749,5422
jpeg_s1,r18_seed0,frozen_thresholds,Bushy_Eyebrows,0.7031446540880503,0.7887677277575534,2586
jpeg_s1,r18_seed0,frozen_thresholds,Arched_Eyebrows,0.7308700431216707,0.8033655498960266,5678
jpeg_s1,r18_seed0,frozen_thresholds,High_Cheekbones,0.8706159110350727,0.9544926600969085,9618
jpeg_s1,r18_seed0,frozen_thresholds,Bags_Under_Eyes,0.6542014958205016,0.679217277990515,4045
jpeg_s1,r18_seed0,frozen_thresholds,Big_Lips,0.5311727078891259,0.6165782637062163,6528
jpeg_s1,r18_seed0,frozen_thresholds,Big_Nose,0.6178113059664936,0.6920358190754529,4232
jpeg_s1,r18_seed0,frozen_thresholds,Double_Chin,0.5747830525778458,0.6137850087425073,913
jpeg_s1,r18_seed0,frozen_thresholds,Oval_Face,0.5775341595170003,0.6259823409108971,5901
jpeg_s1,r18_seed0,frozen_thresholds,Receding_Hairline,0.6096543504171633,0.6465556483020583,1694
jpeg_s1,r18_seed0,frozen_thresholds,Blond_Hair,0.8461965574680733,0.9177952792398437,2660
jpeg_s1,r18_seed0,frozen_thresholds,Brown_Hair,0.6885467011352141,0.7670566600966982,3587
jpeg_s1,r18_seed0,frozen_thresholds,Gray_Hair,0.7304747320061256,0.8017237277754824,636
jpeg_s1,r18_seed0,frozen_thresholds,Bald,0.7770562770562771,0.8416502687029027,423
jpeg_s1,r18_seed0,frozen_thresholds,Straight_Hair,0.6391010255291294,0.6805390767918085,4190
jpeg_s1,r18_seed0,frozen_thresholds,Wavy_Hair,0.7639625585023401,0.893718853149845,7267
jpeg_s1,r18_seed0,frozen_thresholds,Sideburns,0.7677185721676151,0.8557017272616885,926
jpeg_s1,r18_seed0,fixed_0_5,Smiling,0.9298001392065228,0.9844660291512366,9987
jpeg_s1,r18_seed0,fixed_0_5,Mouth_Slightly_Open,0.9350877192982456,0.9864928508192484,9883
jpeg_s1,r18_seed0,fixed_0_5,Eyeglasses,0.9716981132075472,0.9919378269985011,1289
jpeg_s1,r18_seed0,fixed_0_5,Bangs,0.8595641646489104,0.9510890089224225,3109
jpeg_s1,r18_seed0,fixed_0_5,Wearing_Hat,0.8901098901098901,0.9574313687859406,839
jpeg_s1,r18_seed0,fixed_0_5,Mustache,0.395690499510284,0.6626873021042915,772
jpeg_s1,r18_seed0,fixed_0_5,No_Beard,0.9774723841002001,0.997898156527762,17041
jpeg_s1,r18_seed0,fixed_0_5,Black_Hair,0.8040533956932671,0.9005901225348749,5422
jpeg_s1,r18_seed0,fixed_0_5,Bushy_Eyebrows,0.6126352881953184,0.7887677277575534,2586
jpeg_s1,r18_seed0,fixed_0_5,Arched_Eyebrows,0.694067468010857,0.8033655498960266,5678
jpeg_s1,r18_seed0,fixed_0_5,High_Cheekbones,0.8730291322961261,0.9544926600969085,9618
jpeg_s1,r18_seed0,fixed_0_5,Bags_Under_Eyes,0.5427601111454152,0.679217277990515,4045
jpeg_s1,r18_seed0,fixed_0_5,Big_Lips,0.32474964234620884,0.6165782637062163,6528
jpeg_s1,r18_seed0,fixed_0_5,Big_Nose,0.5223346303501946,0.6920358190754529,4232
jpeg_s1,r18_seed0,fixed_0_5,Double_Chin,0.4732142857142857,0.6137850087425073,913
jpeg_s1,r18_seed0,fixed_0_5,Oval_Face,0.5456610201570928,0.6259823409108971,5901
jpeg_s1,r18_seed0,fixed_0_5,Receding_Hairline,0.5476363636363636,0.6465556483020583,1694
jpeg_s1,r18_seed0,fixed_0_5,Blond_Hair,0.8469555677454745,0.9177952792398437,2660
jpeg_s1,r18_seed0,fixed_0_5,Brown_Hair,0.7032661570535094,0.7670566600966982,3587
jpeg_s1,r18_seed0,fixed_0_5,Gray_Hair,0.730593607305936,0.8017237277754824,636
jpeg_s1,r18_seed0,fixed_0_5,Bald,0.773955773955774,0.8416502687029027,423
jpeg_s1,r18_seed0,fixed_0_5,Straight_Hair,0.6204826810053771,0.6805390767918085,4190
jpeg_s1,r18_seed0,fixed_0_5,Wavy_Hair,0.7760989010989011,0.893718853149845,7267
jpeg_s1,r18_seed0,fixed_0_5,Sideburns,0.7642626480086114,0.8557017272616885,926
jpeg_s1,r50_seed0,frozen_thresholds,Smiling,0.92847435445714,0.9847178481489496,9987
jpeg_s1,r50_seed0,frozen_thresholds,Mouth_Slightly_Open,0.9390823998772442,0.9870628249230995,9883
jpeg_s1,r50_seed0,frozen_thresholds,Eyeglasses,0.9750584567420109,0.9909731665569259,1289
jpeg_s1,r50_seed0,frozen_thresholds,Bangs,0.8656338918748024,0.9464454225614073,3109
jpeg_s1,r50_seed0,frozen_thresholds,Wearing_Hat,0.8926622195269861,0.9506234396849144,839
jpeg_s1,r50_seed0,frozen_thresholds,Mustache,0.6165960024227741,0.6766887253968846,772
jpeg_s1,r50_seed0,frozen_thresholds,No_Beard,0.9781209031318281,0.9976107685783899,17041
jpeg_s1,r50_seed0,frozen_thresholds,Black_Hair,0.8187569780424265,0.9020920441263374,5422
jpeg_s1,r50_seed0,frozen_thresholds,Bushy_Eyebrows,0.6989648033126294,0.7919701496047161,2586
jpeg_s1,r50_seed0,frozen_thresholds,Arched_Eyebrows,0.7320800068675423,0.8051931130100769,5678
jpeg_s1,r50_seed0,frozen_thresholds,High_Cheekbones,0.8681830345196682,0.9539613485389085,9618
jpeg_s1,r50_seed0,frozen_thresholds,Bags_Under_Eyes,0.647531326978687,0.669606110637235,4045
jpeg_s1,r50_seed0,frozen_thresholds,Big_Lips,0.5356782228205991,0.613052381604398,6528
jpeg_s1,r50_seed0,frozen_thresholds,Big_Nose,0.6197784327675577,0.6925688109038897,4232
jpeg_s1,r50_seed0,frozen_thresholds,Double_Chin,0.5617860851505712,0.603392928819715,913
jpeg_s1,r50_seed0,frozen_thresholds,Oval_Face,0.5875679875679876,0.6225550051039306,5901
jpeg_s1,r50_seed0,frozen_thresholds,Receding_Hairline,0.6186321418519561,0.6423898530955884,1694
jpeg_s1,r50_seed0,frozen_thresholds,Blond_Hair,0.8445269016697589,0.9197858582365814,2660
jpeg_s1,r50_seed0,frozen_thresholds,Brown_Hair,0.6872217275155833,0.7667597867846908,3587
jpeg_s1,r50_seed0,frozen_thresholds,Gray_Hair,0.72831541218638,0.8058278646303078,636
jpeg_s1,r50_seed0,frozen_thresholds,Bald,0.7814854682454252,0.8443359142470973,423
jpeg_s1,r50_seed0,frozen_thresholds,Straight_Hair,0.6419028340080971,0.6751832274582514,4190
jpeg_s1,r50_seed0,frozen_thresholds,Wavy_Hair,0.7385589094449854,0.8933984927674421,7267
jpeg_s1,r50_seed0,frozen_thresholds,Sideburns,0.7592592592592593,0.8530986792525279,926
jpeg_s1,r50_seed0,fixed_0_5,Smiling,0.9281383560282278,0.9847178481489496,9987
jpeg_s1,r50_seed0,fixed_0_5,Mouth_Slightly_Open,0.9347984584939069,0.9870628249230995,9883
jpeg_s1,r50_seed0,fixed_0_5,Eyeglasses,0.9762738234150136,0.9909731665569259,1289
jpeg_s1,r50_seed0,fixed_0_5,Bangs,0.861492137838742,0.9464454225614073,3109
jpeg_s1,r50_seed0,fixed_0_5,Wearing_Hat,0.8902439024390244,0.9506234396849144,839
jpeg_s1,r50_seed0,fixed_0_5,Mustache,0.4804270462633452,0.6766887253968846,772
jpeg_s1,r50_seed0,fixed_0_5,No_Beard,0.9764896635589785,0.9976107685783899,17041
jpeg_s1,r50_seed0,fixed_0_5,Black_Hair,0.808634772462077,0.9020920441263374,5422
jpeg_s1,r50_seed0,fixed_0_5,Bushy_Eyebrows,0.622975330176925,0.7919701496047161,2586
jpeg_s1,r50_seed0,fixed_0_5,Arched_Eyebrows,0.7210276967930029,0.8051931130100769,5678
jpeg_s1,r50_seed0,fixed_0_5,High_Cheekbones,0.8688124070533249,0.9539613485389085,9618
jpeg_s1,r50_seed0,fixed_0_5,Bags_Under_Eyes,0.5642086596719373,0.669606110637235,4045
jpeg_s1,r50_seed0,fixed_0_5,Big_Lips,0.32126588348117957,0.613052381604398,6528
jpeg_s1,r50_seed0,fixed_0_5,Big_Nose,0.5109163346613546,0.6925688109038897,4232
jpeg_s1,r50_seed0,fixed_0_5,Double_Chin,0.4745269286754003,0.603392928819715,913
jpeg_s1,r50_seed0,fixed_0_5,Oval_Face,0.48644545651702453,0.6225550051039306,5901
jpeg_s1,r50_seed0,fixed_0_5,Receding_Hairline,0.5315515961395694,0.6423898530955884,1694
jpeg_s1,r50_seed0,fixed_0_5,Blond_Hair,0.8455164794697109,0.9197858582365814,2660
jpeg_s1,r50_seed0,fixed_0_5,Brown_Hair,0.7015692640692641,0.7667597867846908,3587
jpeg_s1,r50_seed0,fixed_0_5,Gray_Hair,0.7264506405425772,0.8058278646303078,636
jpeg_s1,r50_seed0,fixed_0_5,Bald,0.7701711491442543,0.8443359142470973,423
jpeg_s1,r50_seed0,fixed_0_5,Straight_Hair,0.6148715415019763,0.6751832274582514,4190
jpeg_s1,r50_seed0,fixed_0_5,Wavy_Hair,0.767665786612828,0.8933984927674421,7267
jpeg_s1,r50_seed0,fixed_0_5,Sideburns,0.7664473684210527,0.8530986792525279,926
jpeg_s1,m3_seed0,frozen_thresholds,Smiling,0.9298956539357714,0.984821320550924,9987
jpeg_s1,m3_seed0,frozen_thresholds,Mouth_Slightly_Open,0.9384963488635195,0.9872449969965942,9883
jpeg_s1,m3_seed0,frozen_thresholds,Eyeglasses,0.972276454509957,0.9921153364507566,1289
jpeg_s1,m3_seed0,frozen_thresholds,Bangs,0.8754741876958602,0.9520143721341887,3109
jpeg_s1,m3_seed0,frozen_thresholds,Wearing_Hat,0.898175397292525,0.9600118585002944,839
jpeg_s1,m3_seed0,frozen_thresholds,Mustache,0.6047591410330818,0.6486580592969673,772
jpeg_s1,m3_seed0,frozen_thresholds,No_Beard,0.9770974594767627,0.9978148535914066,17041
jpeg_s1,m3_seed0,frozen_thresholds,Black_Hair,0.815895278167368,0.8990621532391703,5422
jpeg_s1,m3_seed0,frozen_thresholds,Bushy_Eyebrows,0.6894268570246224,0.7847552593527996,2586
jpeg_s1,m3_seed0,frozen_thresholds,Arched_Eyebrows,0.7289511924096077,0.8066860146600845,5678
jpeg_s1,m3_seed0,frozen_thresholds,High_Cheekbones,0.8676077424874346,0.9539429587308637,9618
jpeg_s1,m3_seed0,frozen_thresholds,Bags_Under_Eyes,0.6567296996662959,0.6826065092676716,4045
jpeg_s1,m3_seed0,frozen_thresholds,Big_Lips,0.5137940211123925,0.6146441688821067,6528
jpeg_s1,m3_seed0,frozen_thresholds,Big_Nose,0.6245453600748208,0.6957888376741894,4232
jpeg_s1,m3_seed0,frozen_thresholds,Double_Chin,0.5781609195402299,0.6206791764859292,913
jpeg_s1,m3_seed0,frozen_thresholds,Oval_Face,0.5856588295612686,0.6313401346892231,5901
jpeg_s1,m3_seed0,frozen_thresholds,Receding_Hairline,0.6310335424052359,0.6682573461131167,1694
jpeg_s1,m3_seed0,frozen_thresholds,Blond_Hair,0.8469462840323767,0.9208840546513185,2660
jpeg_s1,m3_seed0,frozen_thresholds,Brown_Hair,0.6883700044903458,0.765110378914879,3587
jpeg_s1,m3_seed0,frozen_thresholds,Gray_Hair,0.7433358720487433,0.791014148423345,636
jpeg_s1,m3_seed0,frozen_thresholds,Bald,0.7707006369426752,0.8368549489319169,423
jpeg_s1,m3_seed0,frozen_thresholds,Straight_Hair,0.6320207875274835,0.6718370472606607,4190
jpeg_s1,m3_seed0,frozen_thresholds,Wavy_Hair,0.7601065496709496,0.8932705152641618,7267
jpeg_s1,m3_seed0,frozen_thresholds,Sideburns,0.7775510204081633,0.8611671961950816,926
jpeg_s1,m3_seed0,fixed_0_5,Smiling,0.9299233774800832,0.984821320550924,9987
jpeg_s1,m3_seed0,fixed_0_5,Mouth_Slightly_Open,0.9388897369358368,0.9872449969965942,9883
jpeg_s1,m3_seed0,fixed_0_5,Eyeglasses,0.971875,0.9921153364507566,1289
jpeg_s1,m3_seed0,fixed_0_5,Bangs,0.8696821927022028,0.9520143721341887,3109
jpeg_s1,m3_seed0,fixed_0_5,Wearing_Hat,0.8947368421052632,0.9600118585002944,839
jpeg_s1,m3_seed0,fixed_0_5,Mustache,0.5044319097502015,0.6486580592969673,772
jpeg_s1,m3_seed0,fixed_0_5,No_Beard,0.9772807120271695,0.9978148535914066,17041
jpeg_s1,m3_seed0,fixed_0_5,Black_Hair,0.8095605242868157,0.8990621532391703,5422
jpeg_s1,m3_seed0,fixed_0_5,Bushy_Eyebrows,0.6424126376256583,0.7847552593527996,2586
jpeg_s1,m3_seed0,fixed_0_5,Arched_Eyebrows,0.7003328578221588,0.8066860146600845,5678
jpeg_s1,m3_seed0,fixed_0_5,High_Cheekbones,0.8645466549295775,0.9539429587308637,9618
jpeg_s1,m3_seed0,fixed_0_5,Bags_Under_Eyes,0.6070243362831859,0.6826065092676716,4045
jpeg_s1,m3_seed0,fixed_0_5,Big_Lips,0.37874050915587315,0.6146441688821067,6528
jpeg_s1,m3_seed0,fixed_0_5,Big_Nose,0.6097898578079779,0.6957888376741894,4232
jpeg_s1,m3_seed0,fixed_0_5,Double_Chin,0.4952240999265246,0.6206791764859292,913
jpeg_s1,m3_seed0,fixed_0_5,Oval_Face,0.5192406362237044,0.6313401346892231,5901
jpeg_s1,m3_seed0,fixed_0_5,Receding_Hairline,0.6288628862886289,0.6682573461131167,1694
jpeg_s1,m3_seed0,fixed_0_5,Blond_Hair,0.8478504672897196,0.9208840546513185,2660
jpeg_s1,m3_seed0,fixed_0_5,Brown_Hair,0.6805218446601942,0.765110378914879,3587
jpeg_s1,m3_seed0,fixed_0_5,Gray_Hair,0.72831541218638,0.791014148423345,636
jpeg_s1,m3_seed0,fixed_0_5,Bald,0.7748132337246532,0.8368549489319169,423
jpeg_s1,m3_seed0,fixed_0_5,Straight_Hair,0.5875481215983008,0.6718370472606607,4190
jpeg_s1,m3_seed0,fixed_0_5,Wavy_Hair,0.74714859437751,0.8932705152641618,7267
jpeg_s1,m3_seed0,fixed_0_5,Sideburns,0.7771679473106476,0.8611671961950816,926
jpeg_s1,oracle_seed0,frozen_thresholds,Smiling,0.9248016380854875,0.983860391045021,9987
jpeg_s1,oracle_seed0,frozen_thresholds,Mouth_Slightly_Open,0.9336905559276625,0.9858324432074059,9883
jpeg_s1,oracle_seed0,frozen_thresholds,Eyeglasses,0.9746192893401016,0.9920108236417919,1289
jpeg_s1,oracle_seed0,frozen_thresholds,Bangs,0.8743669335075968,0.9496430653070577,3109
jpeg_s1,oracle_seed0,frozen_thresholds,Wearing_Hat,0.893542757417103,0.9603552642441161,839
jpeg_s1,oracle_seed0,frozen_thresholds,Mustache,0.5960024227740763,0.6454573299255599,772
jpeg_s1,oracle_seed0,frozen_thresholds,No_Beard,0.977337027854747,0.9978905728717247,17041
jpeg_s1,oracle_seed0,frozen_thresholds,Black_Hair,0.8160298229263746,0.9021075071187399,5422
jpeg_s1,oracle_seed0,frozen_thresholds,Bushy_Eyebrows,0.7017471736896197,0.7920919552965455,2586
jpeg_s1,oracle_seed0,frozen_thresholds,Arched_Eyebrows,0.726802834514381,0.8000607014534212,5678
jpeg_s1,oracle_seed0,frozen_thresholds,High_Cheekbones,0.867109634551495,0.9523566500980468,9618
jpeg_s1,oracle_seed0,frozen_thresholds,Bags_Under_Eyes,0.6630142872488989,0.6809409664933628,4045
jpeg_s1,oracle_seed0,frozen_thresholds,Big_Lips,0.5025432349949135,0.6205803942253947,6528
jpeg_s1,oracle_seed0,frozen_thresholds,Big_Nose,0.6248278575644305,0.699453135364811,4232
jpeg_s1,oracle_seed0,frozen_thresholds,Double_Chin,0.5769020251778872,0.6163882394447711,913
jpeg_s1,oracle_seed0,frozen_thresholds,Oval_Face,0.5810879144694069,0.6128641453919155,5901
jpeg_s1,oracle_seed0,frozen_thresholds,Receding_Hairline,0.6408566721581549,0.6700259818727121,1694
jpeg_s1,oracle_seed0,frozen_thresholds,Blond_Hair,0.852760736196319,0.9216095756339793,2660
jpeg_s1,oracle_seed0,frozen_thresholds,Brown_Hair,0.6865270467017583,0.7691104455808798,3587
jpeg_s1,oracle_seed0,frozen_thresholds,Gray_Hair,0.7295141406816533,0.7968432177317317,636
jpeg_s1,oracle_seed0,frozen_thresholds,Bald,0.7515923566878981,0.8366370523077132,423
jpeg_s1,oracle_seed0,frozen_thresholds,Straight_Hair,0.6353193773483629,0.6835354190090939,4190
jpeg_s1,oracle_seed0,frozen_thresholds,Wavy_Hair,0.7636476426799007,0.8901297153072939,7267
jpeg_s1,oracle_seed0,frozen_thresholds,Sideburns,0.7729618163054696,0.8568266905155536,926
jpeg_s1,oracle_seed0,fixed_0_5,Smiling,0.9261867369167638,0.983860391045021,9987
jpeg_s1,oracle_seed0,fixed_0_5,Mouth_Slightly_Open,0.9362389023405973,0.9858324432074059,9883
jpeg_s1,oracle_seed0,fixed_0_5,Eyeglasses,0.9729517836142689,0.9920108236417919,1289
jpeg_s1,oracle_seed0,fixed_0_5,Bangs,0.8535739070090215,0.9496430653070577,3109
jpeg_s1,oracle_seed0,fixed_0_5,Wearing_Hat,0.8950800237107291,0.9603552642441161,839
jpeg_s1,oracle_seed0,fixed_0_5,Mustache,0.5268735806207419,0.6454573299255599,772
jpeg_s1,oracle_seed0,fixed_0_5,No_Beard,0.9770750988142293,0.9978905728717247,17041
jpeg_s1,oracle_seed0,fixed_0_5,Black_Hair,0.8143543373834417,0.9021075071187399,5422
jpeg_s1,oracle_seed0,fixed_0_5,Bushy_Eyebrows,0.6853362734288865,0.7920919552965455,2586
jpeg_s1,oracle_seed0,fixed_0_5,Arched_Eyebrows,0.6920328343795268,0.8000607014534212,5678
jpeg_s1,oracle_seed0,fixed_0_5,High_Cheekbones,0.8693528693528694,0.9523566500980468,9618
jpeg_s1,oracle_seed0,fixed_0_5,Bags_Under_Eyes,0.5932919954904171,0.6809409664933628,4045
jpeg_s1,oracle_seed0,fixed_0_5,Big_Lips,0.5312527091460771,0.6205803942253947,6528
jpeg_s1,oracle_seed0,fixed_0_5,Big_Nose,0.6047827204937002,0.699453135364811,4232
jpeg_s1,oracle_seed0,fixed_0_5,Double_Chin,0.5152542372881356,0.6163882394447711,913
jpeg_s1,oracle_seed0,fixed_0_5,Oval_Face,0.363915547024952,0.6128641453919155,5901
jpeg_s1,oracle_seed0,fixed_0_5,Receding_Hairline,0.6239316239316239,0.6700259818727121,1694
jpeg_s1,oracle_seed0,fixed_0_5,Blond_Hair,0.8508604206500956,0.9216095756339793,2660
jpeg_s1,oracle_seed0,fixed_0_5,Brown_Hair,0.7032997376777579,0.7691104455808798,3587
jpeg_s1,oracle_seed0,fixed_0_5,Gray_Hair,0.7417004048582996,0.7968432177317317,636
jpeg_s1,oracle_seed0,fixed_0_5,Bald,0.7659574468085106,0.8366370523077132,423
jpeg_s1,oracle_seed0,fixed_0_5,Straight_Hair,0.5456985239302221,0.6835354190090939,4190
jpeg_s1,oracle_seed0,fixed_0_5,Wavy_Hair,0.7905115747356387,0.8901297153072939,7267
jpeg_s1,oracle_seed0,fixed_0_5,Sideburns,0.7723704866562009,0.8568266905155536,926
jpeg_s2,r18_seed0,frozen_thresholds,Smiling,0.9245614035087719,0.9842555616414238,9987
jpeg_s2,r18_seed0,frozen_thresholds,Mouth_Slightly_Open,0.9354872006606111,0.9857122210136198,9883
jpeg_s2,r18_seed0,frozen_thresholds,Eyeglasses,0.9731203739774056,0.9911842823328658,1289
jpeg_s2,r18_seed0,frozen_thresholds,Bangs,0.871222076215506,0.9490352519200991,3109
jpeg_s2,r18_seed0,frozen_thresholds,Wearing_Hat,0.8904510837727007,0.9558625498308319,839
jpeg_s2,r18_seed0,frozen_thresholds,Mustache,0.6192837465564738,0.6575641076197959,772
jpeg_s2,r18_seed0,frozen_thresholds,No_Beard,0.9772267651455201,0.9976474966858866,17041
jpeg_s2,r18_seed0,frozen_thresholds,Black_Hair,0.815828677839851,0.8988134351655248,5422
jpeg_s2,r18_seed0,frozen_thresholds,Bushy_Eyebrows,0.6867599569429494,0.7839280996511968,2586
jpeg_s2,r18_seed0,frozen_thresholds,Arched_Eyebrows,0.7274738364672849,0.7989039514759699,5678
jpeg_s2,r18_seed0,frozen_thresholds,High_Cheekbones,0.863558808960317,0.9528625462311024,9618
jpeg_s2,r18_seed0,frozen_thresholds,Bags_Under_Eyes,0.6451259583789705,0.6685992307752543,4045
jpeg_s2,r18_seed0,frozen_thresholds,Big_Lips,0.550063371356147,0.6091453486677723,6528
jpeg_s2,r18_seed0,frozen_thresholds,Big_Nose,0.6120312202550924,0.6849660794198311,4232
jpeg_s2,r18_seed0,frozen_thresholds,Double_Chin,0.5755755755755756,0.6127008971590657,913
jpeg_s2,r18_seed0,frozen_thresholds,Oval_Face,0.5369598180439727,0.6133682648265775,5901
jpeg_s2,r18_seed0,frozen_thresholds,Receding_Hairline,0.615819209039548,0.6438762683466102,1694
jpeg_s2,r18_seed0,frozen_thresholds,Blond_Hair,0.8479792361883575,0.9179616351161851,2660
jpeg_s2,r18_seed0,frozen_thresholds,Brown_Hair,0.6976079971438772,0.7633581252801462,3587
jpeg_s2,r18_seed0,frozen_thresholds,Gray_Hair,0.7268623024830699,0.7958589451966002,636
jpeg_s2,r18_seed0,frozen_thresholds,Bald,0.7610993657505285,0.8359021504373639,423
jpeg_s2,r18_seed0,frozen_thresholds,Straight_Hair,0.6219106463878327,0.6722848293516663,4190
jpeg_s2,r18_seed0,frozen_thresholds,Wavy_Hair,0.7574401256380054,0.8927751064811236,7267
jpeg_s2,r18_seed0,frozen_thresholds,Sideburns,0.7591921284308648,0.8475594515011007,926
jpeg_s2,r18_seed0,fixed_0_5,Smiling,0.9294170990981914,0.9842555616414238,9987
jpeg_s2,r18_seed0,fixed_0_5,Mouth_Slightly_Open,0.9337624584717608,0.9857122210136198,9883
jpeg_s2,r18_seed0,fixed_0_5,Eyeglasses,0.9712937475422729,0.9911842823328658,1289
jpeg_s2,r18_seed0,fixed_0_5,Bangs,0.8437940761636107,0.9490352519200991,3109
jpeg_s2,r18_seed0,fixed_0_5,Wearing_Hat,0.8887537993920973,0.9558625498308319,839
jpeg_s2,r18_seed0,fixed_0_5,Mustache,0.38915779283639884,0.6575641076197959,772
jpeg_s2,r18_seed0,fixed_0_5,No_Beard,0.9771458478715981,0.9976474966858866,17041
jpeg_s2,r18_seed0,fixed_0_5,Black_Hair,0.7990147783251231,0.8988134351655248,5422
jpeg_s2,r18_seed0,fixed_0_5,Bushy_Eyebrows,0.5856553147574819,0.7839280996511968,2586
jpeg_s2,r18_seed0,fixed_0_5,Arched_Eyebrows,0.6882410106899903,0.7989039514759699,5678
jpeg_s2,r18_seed0,fixed_0_5,High_Cheekbones,0.8678071539657853,0.9528625462311024,9618
jpeg_s2,r18_seed0,fixed_0_5,Bags_Under_Eyes,0.5480916030534351,0.6685992307752543,4045
jpeg_s2,r18_seed0,fixed_0_5,Big_Lips,0.35750228728270816,0.6091453486677723,6528
jpeg_s2,r18_seed0,fixed_0_5,Big_Nose,0.5199814843388366,0.6849660794198311,4232
jpeg_s2,r18_seed0,fixed_0_5,Double_Chin,0.4861717612809316,0.6127008971590657,913
jpeg_s2,r18_seed0,fixed_0_5,Oval_Face,0.45945335441608315,0.6133682648265775,5901
jpeg_s2,r18_seed0,fixed_0_5,Receding_Hairline,0.5774404967230079,0.6438762683466102,1694
jpeg_s2,r18_seed0,fixed_0_5,Blond_Hair,0.8462525196994686,0.9179616351161851,2660
jpeg_s2,r18_seed0,fixed_0_5,Brown_Hair,0.6860134629768138,0.7633581252801462,3587
jpeg_s2,r18_seed0,fixed_0_5,Gray_Hair,0.7295880149812735,0.7958589451966002,636
jpeg_s2,r18_seed0,fixed_0_5,Bald,0.7724477244772447,0.8359021504373639,423
jpeg_s2,r18_seed0,fixed_0_5,Straight_Hair,0.5778143425202249,0.6722848293516663,4190
jpeg_s2,r18_seed0,fixed_0_5,Wavy_Hair,0.7728979842109297,0.8927751064811236,7267
jpeg_s2,r18_seed0,fixed_0_5,Sideburns,0.7635574837310195,0.8475594515011007,926
jpeg_s2,r50_seed0,frozen_thresholds,Smiling,0.926194365046958,0.9839748595604214,9987
jpeg_s2,r50_seed0,frozen_thresholds,Mouth_Slightly_Open,0.9370119194410194,0.9862611440709748,9883
jpeg_s2,r50_seed0,frozen_thresholds,Eyeglasses,0.9750778816199377,0.9906073105710383,1289
jpeg_s2,r50_seed0,frozen_thresholds,Bangs,0.8678456591639871,0.9447855710360638,3109
jpeg_s2,r50_seed0,frozen_thresholds,Wearing_Hat,0.8829593693147362,0.9499959243854684,839
jpeg_s2,r50_seed0,frozen_thresholds,Mustache,0.6153846153846154,0.6639005385959972,772
jpeg_s2,r50_seed0,frozen_thresholds,No_Beard,0.9764230971742819,0.9973048275762183,17041
jpeg_s2,r50_seed0,frozen_thresholds,Black_Hair,0.8159763859422563,0.9019366031653353,5422
jpeg_s2,r50_seed0,frozen_thresholds,Bushy_Eyebrows,0.6851450844521438,0.7864556511406983,2586
jpeg_s2,r50_seed0,frozen_thresholds,Arched_Eyebrows,0.7229712098808385,0.7969810751583586,5678
jpeg_s2,r50_seed0,frozen_thresholds,High_Cheekbones,0.8607136984048677,0.952032764219829,9618
jpeg_s2,r50_seed0,frozen_thresholds,Bags_Under_Eyes,0.6414067406321959,0.6551003528173571,4045
jpeg_s2,r50_seed0,frozen_thresholds,Big_Lips,0.5575416444816308,0.6026074873557987,6528
jpeg_s2,r50_seed0,frozen_thresholds,Big_Nose,0.6061082195816557,0.6824682381038166,4232
jpeg_s2,r50_seed0,frozen_thresholds,Double_Chin,0.5599173553719008,0.6011765155399015,913
jpeg_s2,r50_seed0,frozen_thresholds,Oval_Face,0.5313117996044825,0.6032582940911142,5901
jpeg_s2,r50_seed0,frozen_thresholds,Receding_Hairline,0.6177162268095113,0.6374858491314483,1694
jpeg_s2,r50_seed0,frozen_thresholds,Blond_Hair,0.8449337562978168,0.9192614601358381,2660
jpeg_s2,r50_seed0,frozen_thresholds,Brown_Hair,0.6995132375638133,0.7657937897204605,3587
jpeg_s2,r50_seed0,frozen_thresholds,Gray_Hair,0.718816067653277,0.7989777164502275,636
jpeg_s2,r50_seed0,frozen_thresholds,Bald,0.7679324894514767,0.8367640686334991,423
jpeg_s2,r50_seed0,frozen_thresholds,Straight_Hair,0.6379664683612764,0.6707539114313354,4190
jpeg_s2,r50_seed0,frozen_thresholds,Wavy_Hair,0.7246137321325291,0.8915420449801739,7267
jpeg_s2,r50_seed0,frozen_thresholds,Sideburns,0.7577766445690974,0.8425392672701437,926
jpeg_s2,r50_seed0,fixed_0_5,Smiling,0.927689594356261,0.9839748595604214,9987
jpeg_s2,r50_seed0,fixed_0_5,Mouth_Slightly_Open,0.9317017048425897,0.9862611440709748,9883
jpeg_s2,r50_seed0,fixed_0_5,Eyeglasses,0.9755339805825243,0.9906073105710383,1289
jpeg_s2,r50_seed0,fixed_0_5,Bangs,0.8537455410225921,0.9447855710360638,3109
jpeg_s2,r50_seed0,fixed_0_5,Wearing_Hat,0.8837209302325582,0.9499959243854684,839
jpeg_s2,r50_seed0,fixed_0_5,Mustache,0.4966216216216216,0.6639005385959972,772
jpeg_s2,r50_seed0,fixed_0_5,No_Beard,0.9763473314565981,0.9973048275762183,17041
jpeg_s2,r50_seed0,fixed_0_5,Black_Hair,0.8053704240316817,0.9019366031653353,5422
jpeg_s2,r50_seed0,fixed_0_5,Bushy_Eyebrows,0.5902902645774467,0.7864556511406983,2586
jpeg_s2,r50_seed0,fixed_0_5,Arched_Eyebrows,0.7095885378398237,0.7969810751583586,5678
jpeg_s2,r50_seed0,fixed_0_5,High_Cheekbones,0.8630868097157173,0.952032764219829,9618
jpeg_s2,r50_seed0,fixed_0_5,Bags_Under_Eyes,0.5722882934517839,0.6551003528173571,4045
jpeg_s2,r50_seed0,fixed_0_5,Big_Lips,0.36061871965676867,0.6026074873557987,6528
jpeg_s2,r50_seed0,fixed_0_5,Big_Nose,0.5144291091593476,0.6824682381038166,4232
jpeg_s2,r50_seed0,fixed_0_5,Double_Chin,0.47646632874728456,0.6011765155399015,913
jpeg_s2,r50_seed0,fixed_0_5,Oval_Face,0.34745210478300537,0.6032582940911142,5901
jpeg_s2,r50_seed0,fixed_0_5,Receding_Hairline,0.5577661431064572,0.6374858491314483,1694
jpeg_s2,r50_seed0,fixed_0_5,Blond_Hair,0.8430211032950758,0.9192614601358381,2660
jpeg_s2,r50_seed0,fixed_0_5,Brown_Hair,0.6817647058823529,0.7657937897204605,3587
jpeg_s2,r50_seed0,fixed_0_5,Gray_Hair,0.7257824143070045,0.7989777164502275,636
jpeg_s2,r50_seed0,fixed_0_5,Bald,0.7599517490952955,0.8367640686334991,423
jpeg_s2,r50_seed0,fixed_0_5,Straight_Hair,0.5863174772848744,0.6707539114313354,4190
jpeg_s2,r50_seed0,fixed_0_5,Wavy_Hair,0.7539870519501026,0.8915420449801739,7267
jpeg_s2,r50_seed0,fixed_0_5,Sideburns,0.7643865363735071,0.8425392672701437,926
jpeg_s2,m3_seed0,frozen_thresholds,Smiling,0.9269167691676917,0.9845364727048213,9987
jpeg_s2,m3_seed0,frozen_thresholds,Mouth_Slightly_Open,0.9345377147900119,0.9865250271449083,9883
jpeg_s2,m3_seed0,frozen_thresholds,Eyeglasses,0.972276454509957,0.9917258143354944,1289
jpeg_s2,m3_seed0,frozen_thresholds,Bangs,0.8656213117518126,0.9505057096223344,3109
jpeg_s2,m3_seed0,frozen_thresholds,Wearing_Hat,0.895906432748538,0.9589587686671694,839
jpeg_s2,m3_seed0,frozen_thresholds,Mustache,0.5957683741648107,0.6343787022894888,772
jpeg_s2,m3_seed0,frozen_thresholds,No_Beard,0.9762674354270405,0.9976630724779787,17041
jpeg_s2,m3_seed0,frozen_thresholds,Black_Hair,0.8144397562119081,0.8970732150129475,5422
jpeg_s2,m3_seed0,frozen_thresholds,Bushy_Eyebrows,0.6774332472006891,0.7800319402885983,2586
jpeg_s2,m3_seed0,frozen_thresholds,Arched_Eyebrows,0.7128071280712807,0.8003703648328574,5678
jpeg_s2,m3_seed0,frozen_thresholds,High_Cheekbones,0.8631463748290014,0.95250750762752,9618
jpeg_s2,m3_seed0,frozen_thresholds,Bags_Under_Eyes,0.6512459492680747,0.6708202938379817,4045
jpeg_s2,m3_seed0,frozen_thresholds,Big_Lips,0.5186142709410548,0.6075422356242822,6528
jpeg_s2,m3_seed0,frozen_thresholds,Big_Nose,0.6198651134273452,0.6864543768028849,4232
jpeg_s2,m3_seed0,frozen_thresholds,Double_Chin,0.5785219399538106,0.6206819312309281,913
jpeg_s2,m3_seed0,frozen_thresholds,Oval_Face,0.5704295704295704,0.6215341439138962,5901
jpeg_s2,m3_seed0,frozen_thresholds,Receding_Hairline,0.631524279407946,0.6677799470377073,1694
jpeg_s2,m3_seed0,frozen_thresholds,Blond_Hair,0.8459113665863156,0.9203908253829286,2660
jpeg_s2,m3_seed0,frozen_thresholds,Brown_Hair,0.6956623956741507,0.763055283806857,3587
jpeg_s2,m3_seed0,frozen_thresholds,Gray_Hair,0.7280966767371602,0.7877200526490092,636
jpeg_s2,m3_seed0,frozen_thresholds,Bald,0.7635983263598326,0.8322408182134484,423
jpeg_s2,m3_seed0,frozen_thresholds,Straight_Hair,0.6243147371815544,0.6631668074145907,4190
jpeg_s2,m3_seed0,frozen_thresholds,Wavy_Hair,0.7534691935611767,0.8925902157643262,7267
jpeg_s2,m3_seed0,frozen_thresholds,Sideburns,0.7655601659751037,0.8526572029687963,926
jpeg_s2,m3_seed0,fixed_0_5,Smiling,0.9263958087215574,0.9845364727048213,9987
jpeg_s2,m3_seed0,fixed_0_5,Mouth_Slightly_Open,0.937095282146161,0.9865250271449083,9883
jpeg_s2,m3_seed0,fixed_0_5,Eyeglasses,0.972276454509957,0.9917258143354944,1289
jpeg_s2,m3_seed0,fixed_0_5,Bangs,0.8626373626373627,0.9505057096223344,3109
jpeg_s2,m3_seed0,fixed_0_5,Wearing_Hat,0.896231884057971,0.9589587686671694,839
jpeg_s2,m3_seed0,fixed_0_5,Mustache,0.5050980392156863,0.6343787022894888,772
jpeg_s2,m3_seed0,fixed_0_5,No_Beard,0.975960550647216,0.9976630724779787,17041
jpeg_s2,m3_seed0,fixed_0_5,Black_Hair,0.8075885978428351,0.8970732150129475,5422
jpeg_s2,m3_seed0,fixed_0_5,Bushy_Eyebrows,0.6247544204322201,0.7800319402885983,2586
jpeg_s2,m3_seed0,fixed_0_5,Arched_Eyebrows,0.6708024814888933,0.8003703648328574,5678
jpeg_s2,m3_seed0,fixed_0_5,High_Cheekbones,0.8542934415145369,0.95250750762752,9618
jpeg_s2,m3_seed0,fixed_0_5,Bags_Under_Eyes,0.5899944102850755,0.6708202938379817,4045
jpeg_s2,m3_seed0,fixed_0_5,Big_Lips,0.38465753424657534,0.6075422356242822,6528
jpeg_s2,m3_seed0,fixed_0_5,Big_Nose,0.6027260222583469,0.6864543768028849,4232
jpeg_s2,m3_seed0,fixed_0_5,Double_Chin,0.4886280264123258,0.6206819312309281,913
jpeg_s2,m3_seed0,fixed_0_5,Oval_Face,0.44514546091833157,0.6215341439138962,5901
jpeg_s2,m3_seed0,fixed_0_5,Receding_Hairline,0.6282904252241828,0.6677799470377073,1694
jpeg_s2,m3_seed0,fixed_0_5,Blond_Hair,0.8468197214904027,0.9203908253829286,2660
jpeg_s2,m3_seed0,fixed_0_5,Brown_Hair,0.6483140576641147,0.763055283806857,3587
jpeg_s2,m3_seed0,fixed_0_5,Gray_Hair,0.7279151943462897,0.7877200526490092,636
jpeg_s2,m3_seed0,fixed_0_5,Bald,0.7637130801687764,0.8322408182134484,423
jpeg_s2,m3_seed0,fixed_0_5,Straight_Hair,0.5544271205836075,0.6631668074145907,4190
jpeg_s2,m3_seed0,fixed_0_5,Wavy_Hair,0.7387138681390062,0.8925902157643262,7267
jpeg_s2,m3_seed0,fixed_0_5,Sideburns,0.7667410714285714,0.8526572029687963,926
jpeg_s2,oracle_seed0,frozen_thresholds,Smiling,0.9214415348716619,0.9833489555225817,9987
jpeg_s2,oracle_seed0,frozen_thresholds,Mouth_Slightly_Open,0.9307260245475348,0.9849984744689534,9883
jpeg_s2,oracle_seed0,frozen_thresholds,Eyeglasses,0.9711163153786104,0.9914447259106962,1289
jpeg_s2,oracle_seed0,frozen_thresholds,Bangs,0.8690476190476191,0.9473902264017104,3109
jpeg_s2,oracle_seed0,frozen_thresholds,Wearing_Hat,0.8910776361529548,0.9596302140006998,839
jpeg_s2,oracle_seed0,frozen_thresholds,Mustache,0.5964099594672843,0.6346724722078042,772
jpeg_s2,oracle_seed0,frozen_thresholds,No_Beard,0.9761305797694962,0.9976586352838512,17041
jpeg_s2,oracle_seed0,frozen_thresholds,Black_Hair,0.8131722966597471,0.8996739972925166,5422
jpeg_s2,oracle_seed0,frozen_thresholds,Bushy_Eyebrows,0.6933390082996382,0.7886798155652559,2586
jpeg_s2,oracle_seed0,frozen_thresholds,Arched_Eyebrows,0.7205172413793104,0.7938153987401562,5678
jpeg_s2,oracle_seed0,frozen_thresholds,High_Cheekbones,0.854766261853269,0.9500401920297432,9618
jpeg_s2,oracle_seed0,frozen_thresholds,Bags_Under_Eyes,0.6530218602657523,0.672928580176287,4045
jpeg_s2,oracle_seed0,frozen_thresholds,Big_Lips,0.5116569897275569,0.6129366115546293,6528
jpeg_s2,oracle_seed0,frozen_thresholds,Big_Nose,0.6132976690867405,0.6908763532580215,4232
jpeg_s2,oracle_seed0,frozen_thresholds,Double_Chin,0.5773420479302832,0.6197368840019485,913
jpeg_s2,oracle_seed0,frozen_thresholds,Oval_Face,0.5474726775956285,0.5863941774427748,5901
jpeg_s2,oracle_seed0,frozen_thresholds,Receding_Hairline,0.6362913907284768,0.6653737658883804,1694
jpeg_s2,oracle_seed0,frozen_thresholds,Blond_Hair,0.8543022415039768,0.9216415143433127,2660
jpeg_s2,oracle_seed0,frozen_thresholds,Brown_Hair,0.6933614330874605,0.7639341865198658,3587
jpeg_s2,oracle_seed0,frozen_thresholds,Gray_Hair,0.7240398293029872,0.7929478624508177,636
jpeg_s2,oracle_seed0,frozen_thresholds,Bald,0.7626050420168067,0.8318320410648922,423
jpeg_s2,oracle_seed0,frozen_thresholds,Straight_Hair,0.6214081282198054,0.670841307172339,4190
jpeg_s2,oracle_seed0,frozen_thresholds,Wavy_Hair,0.7570647931303669,0.8881170225383308,7267
jpeg_s2,oracle_seed0,frozen_thresholds,Sideburns,0.761079979623026,0.8478936475776794,926
jpeg_s2,oracle_seed0,fixed_0_5,Smiling,0.9228874865322456,0.9833489555225817,9987
jpeg_s2,oracle_seed0,fixed_0_5,Mouth_Slightly_Open,0.9341817256299313,0.9849984744689534,9883
jpeg_s2,oracle_seed0,fixed_0_5,Eyeglasses,0.9717868338557993,0.9914447259106962,1289
jpeg_s2,oracle_seed0,fixed_0_5,Bangs,0.8450605369363046,0.9473902264017104,3109
jpeg_s2,oracle_seed0,fixed_0_5,Wearing_Hat,0.8870392390011891,0.9596302140006998,839
jpeg_s2,oracle_seed0,fixed_0_5,Mustache,0.5434938892882818,0.6346724722078042,772
jpeg_s2,oracle_seed0,fixed_0_5,No_Beard,0.975668527769615,0.9976586352838512,17041
jpeg_s2,oracle_seed0,fixed_0_5,Black_Hair,0.8094965675057209,0.8996739972925166,5422
jpeg_s2,oracle_seed0,fixed_0_5,Bushy_Eyebrows,0.6692589204025617,0.7886798155652559,2586
jpeg_s2,oracle_seed0,fixed_0_5,Arched_Eyebrows,0.6736464253664374,0.7938153987401562,5678
jpeg_s2,oracle_seed0,fixed_0_5,High_Cheekbones,0.8583497915295151,0.9500401920297432,9618
jpeg_s2,oracle_seed0,fixed_0_5,Bags_Under_Eyes,0.5874736101337087,0.672928580176287,4045
jpeg_s2,oracle_seed0,fixed_0_5,Big_Lips,0.5397169025811823,0.6129366115546293,6528
jpeg_s2,oracle_seed0,fixed_0_5,Big_Nose,0.5963047329789927,0.6908763532580215,4232
jpeg_s2,oracle_seed0,fixed_0_5,Double_Chin,0.5313553607552259,0.6197368840019485,913
jpeg_s2,oracle_seed0,fixed_0_5,Oval_Face,0.2236078886310905,0.5863941774427748,5901
jpeg_s2,oracle_seed0,fixed_0_5,Receding_Hairline,0.6341607565011821,0.6653737658883804,1694
jpeg_s2,oracle_seed0,fixed_0_5,Blond_Hair,0.8494562106468231,0.9216415143433127,2660
jpeg_s2,oracle_seed0,fixed_0_5,Brown_Hair,0.6846715328467153,0.7639341865198658,3587
jpeg_s2,oracle_seed0,fixed_0_5,Gray_Hair,0.7425821972734563,0.7929478624508177,636
jpeg_s2,oracle_seed0,fixed_0_5,Bald,0.7560975609756098,0.8318320410648922,423
jpeg_s2,oracle_seed0,fixed_0_5,Straight_Hair,0.5,0.670841307172339,4190
jpeg_s2,oracle_seed0,fixed_0_5,Wavy_Hair,0.7895113913168076,0.8881170225383308,7267
jpeg_s2,oracle_seed0,fixed_0_5,Sideburns,0.7599792638672888,0.8478936475776794,926
jpeg_s3,r18_seed0,frozen_thresholds,Smiling,0.9135489325723949,0.9829529317018824,9987
jpeg_s3,r18_seed0,frozen_thresholds,Mouth_Slightly_Open,0.9253653171319332,0.9833554727435708,9883
jpeg_s3,r18_seed0,frozen_thresholds,Eyeglasses,0.970783015192832,0.9906896147341014,1289
jpeg_s3,r18_seed0,frozen_thresholds,Bangs,0.8548524646085621,0.9467295027130311,3109
jpeg_s3,r18_seed0,frozen_thresholds,Wearing_Hat,0.884125144843569,0.9510937806663521,839
jpeg_s3,r18_seed0,frozen_thresholds,Mustache,0.58379466532461,0.6302745612621953,772
jpeg_s3,r18_seed0,frozen_thresholds,No_Beard,0.968382265541424,0.9968250406513677,17041
jpeg_s3,r18_seed0,frozen_thresholds,Black_Hair,0.8090995260663507,0.8922964662790763,5422
jpeg_s3,r18_seed0,frozen_thresholds,Bushy_Eyebrows,0.6621863799283154,0.7695648019513837,2586
jpeg_s3,r18_seed0,frozen_thresholds,Arched_Eyebrows,0.7067898466230155,0.7843430575634596,5678
jpeg_s3,r18_seed0,frozen_thresholds,High_Cheekbones,0.8327120223671948,0.9485870214609771,9618
jpeg_s3,r18_seed0,frozen_thresholds,Bags_Under_Eyes,0.6319118769767695,0.6455945049891809,4045
jpeg_s3,r18_seed0,frozen_thresholds,Big_Lips,0.5696818118660553,0.5934269643113883,6528
jpeg_s3,r18_seed0,frozen_thresholds,Big_Nose,0.5868935871567681,0.6617274599193219,4232
jpeg_s3,r18_seed0,frozen_thresholds,Double_Chin,0.5634765625,0.5936680651547461,913
jpeg_s3,r18_seed0,frozen_thresholds,Oval_Face,0.3174061433447099,0.5663065492364854,5901
jpeg_s3,r18_seed0,frozen_thresholds,Receding_Hairline,0.6081184580035741,0.6383739764377373,1694
jpeg_s3,r18_seed0,frozen_thresholds,Blond_Hair,0.840201379824725,0.9139170356309017,2660
jpeg_s3,r18_seed0,frozen_thresholds,Brown_Hair,0.6895637183397427,0.7428497805823739,3587
jpeg_s3,r18_seed0,frozen_thresholds,Gray_Hair,0.7099697885196374,0.7805445467035782,636
jpeg_s3,r18_seed0,frozen_thresholds,Bald,0.7568134171907757,0.8280177428337167,423
jpeg_s3,r18_seed0,frozen_thresholds,Straight_Hair,0.5482449907631093,0.651959951214783,4190
jpeg_s3,r18_seed0,frozen_thresholds,Wavy_Hair,0.7427704106087234,0.886146188577684,7267
jpeg_s3,r18_seed0,frozen_thresholds,Sideburns,0.7276464542651593,0.8084149374785774,926
jpeg_s3,r18_seed0,fixed_0_5,Smiling,0.9223546406644998,0.9829529317018824,9987
jpeg_s3,r18_seed0,fixed_0_5,Mouth_Slightly_Open,0.922671445891097,0.9833554727435708,9883
jpeg_s3,r18_seed0,fixed_0_5,Eyeglasses,0.9664694280078896,0.9906896147341014,1289
jpeg_s3,r18_seed0,fixed_0_5,Bangs,0.8127299484915379,0.9467295027130311,3109
jpeg_s3,r18_seed0,fixed_0_5,Wearing_Hat,0.8867353119321624,0.9510937806663521,839
jpeg_s3,r18_seed0,fixed_0_5,Mustache,0.4188191881918819,0.6302745612621953,772
jpeg_s3,r18_seed0,fixed_0_5,No_Beard,0.9724765258215963,0.9968250406513677,17041
jpeg_s3,r18_seed0,fixed_0_5,Black_Hair,0.7861005407570599,0.8922964662790763,5422
jpeg_s3,r18_seed0,fixed_0_5,Bushy_Eyebrows,0.5492283129324108,0.7695648019513837,2586
jpeg_s3,r18_seed0,fixed_0_5,Arched_Eyebrows,0.6499642090193272,0.7843430575634596,5678
jpeg_s3,r18_seed0,fixed_0_5,High_Cheekbones,0.8459574468085106,0.9485870214609771,9618
jpeg_s3,r18_seed0,fixed_0_5,Bags_Under_Eyes,0.5446960667461264,0.6455945049891809,4045
jpeg_s3,r18_seed0,fixed_0_5,Big_Lips,0.4143227815256876,0.5934269643113883,6528
jpeg_s3,r18_seed0,fixed_0_5,Big_Nose,0.5299823633156967,0.6617274599193219,4232
jpeg_s3,r18_seed0,fixed_0_5,Double_Chin,0.47238372093023256,0.5936680651547461,913
jpeg_s3,r18_seed0,fixed_0_5,Oval_Face,0.19179304192685104,0.5663065492364854,5901
jpeg_s3,r18_seed0,fixed_0_5,Receding_Hairline,0.6009538950715422,0.6383739764377373,1694
jpeg_s3,r18_seed0,fixed_0_5,Blond_Hair,0.8415421508946689,0.9139170356309017,2660
jpeg_s3,r18_seed0,fixed_0_5,Brown_Hair,0.6081011792855922,0.7428497805823739,3587
jpeg_s3,r18_seed0,fixed_0_5,Gray_Hair,0.7092411720510894,0.7805445467035782,636
jpeg_s3,r18_seed0,fixed_0_5,Bald,0.748730964467005,0.8280177428337167,423
jpeg_s3,r18_seed0,fixed_0_5,Straight_Hair,0.4627964022894522,0.651959951214783,4190
jpeg_s3,r18_seed0,fixed_0_5,Wavy_Hair,0.7621491330378665,0.886146188577684,7267
jpeg_s3,r18_seed0,fixed_0_5,Sideburns,0.7261904761904762,0.8084149374785774,926
jpeg_s3,r50_seed0,frozen_thresholds,Smiling,0.91789802289282,0.9827700303079372,9987
jpeg_s3,r50_seed0,frozen_thresholds,Mouth_Slightly_Open,0.9314004659590992,0.9843507286116795,9883
jpeg_s3,r50_seed0,frozen_thresholds,Eyeglasses,0.9704049844236761,0.9885154582904822,1289
jpeg_s3,r50_seed0,frozen_thresholds,Bangs,0.8551862368465007,0.9418713567420244,3109
jpeg_s3,r50_seed0,frozen_thresholds,Wearing_Hat,0.8802902055622733,0.9464644672987654,839
jpeg_s3,r50_seed0,frozen_thresholds,Mustache,0.6108970831040176,0.643642455660073,772
jpeg_s3,r50_seed0,frozen_thresholds,No_Beard,0.9679964407533739,0.9962118321144853,17041
jpeg_s3,r50_seed0,frozen_thresholds,Black_Hair,0.8096750093388121,0.8945334181177395,5422
jpeg_s3,r50_seed0,frozen_thresholds,Bushy_Eyebrows,0.6496267812712057,0.7664743306948288,2586
jpeg_s3,r50_seed0,frozen_thresholds,Arched_Eyebrows,0.6885744135245513,0.7842349609266324,5678
jpeg_s3,r50_seed0,frozen_thresholds,High_Cheekbones,0.8362903225806452,0.9479923165346579,9618
jpeg_s3,r50_seed0,frozen_thresholds,Bags_Under_Eyes,0.6234587417009169,0.6328753569053996,4045
jpeg_s3,r50_seed0,frozen_thresholds,Big_Lips,0.5738048549597674,0.5873041999525449,6528
jpeg_s3,r50_seed0,frozen_thresholds,Big_Nose,0.5936794582392777,0.6591186426778508,4232
jpeg_s3,r50_seed0,frozen_thresholds,Double_Chin,0.534957627118644,0.5933574026435513,913
jpeg_s3,r50_seed0,frozen_thresholds,Oval_Face,0.34532915360501565,0.5534630479671644,5901
jpeg_s3,r50_seed0,frozen_thresholds,Receding_Hairline,0.6,0.6252826133845197,1694
jpeg_s3,r50_seed0,frozen_thresholds,Blond_Hair,0.8416713509462245,0.916440771277307,2660
jpeg_s3,r50_seed0,frozen_thresholds,Brown_Hair,0.6864617396991498,0.7445106897611957,3587
jpeg_s3,r50_seed0,frozen_thresholds,Gray_Hair,0.704,0.7863088265473107,636
jpeg_s3,r50_seed0,frozen_thresholds,Bald,0.7617065556711758,0.8139307125879925,423
jpeg_s3,r50_seed0,frozen_thresholds,Straight_Hair,0.5918107833163785,0.650726215475183,4190
jpeg_s3,r50_seed0,frozen_thresholds,Wavy_Hair,0.6832653769410948,0.8848514629055418,7267
jpeg_s3,r50_seed0,frozen_thresholds,Sideburns,0.7290095525389643,0.8019010325263285,926
jpeg_s3,r50_seed0,fixed_0_5,Smiling,0.9220819217739452,0.9827700303079372,9987
jpeg_s3,r50_seed0,fixed_0_5,Mouth_Slightly_Open,0.9262204434146084,0.9843507286116795,9883
jpeg_s3,r50_seed0,fixed_0_5,Eyeglasses,0.9685681024447031,0.9885154582904822,1289
jpeg_s3,r50_seed0,fixed_0_5,Bangs,0.8372340425531914,0.9418713567420244,3109
jpeg_s3,r50_seed0,fixed_0_5,Wearing_Hat,0.8788800973828362,0.9464644672987654,839
jpeg_s3,r50_seed0,fixed_0_5,Mustache,0.5097402597402597,0.643642455660073,772
jpeg_s3,r50_seed0,fixed_0_5,No_Beard,0.9714403002580343,0.9962118321144853,17041
jpeg_s3,r50_seed0,fixed_0_5,Black_Hair,0.7968275727014589,0.8945334181177395,5422
jpeg_s3,r50_seed0,fixed_0_5,Bushy_Eyebrows,0.5441885377611141,0.7664743306948288,2586
jpeg_s3,r50_seed0,fixed_0_5,Arched_Eyebrows,0.6601844426623897,0.7842349609266324,5678
jpeg_s3,r50_seed0,fixed_0_5,High_Cheekbones,0.8393847561324261,0.9479923165346579,9618
jpeg_s3,r50_seed0,fixed_0_5,Bags_Under_Eyes,0.5618843683083512,0.6328753569053996,4045
jpeg_s3,r50_seed0,fixed_0_5,Big_Lips,0.4080489575770148,0.5873041999525449,6528
jpeg_s3,r50_seed0,fixed_0_5,Big_Nose,0.49844333748443337,0.6591186426778508,4232
jpeg_s3,r50_seed0,fixed_0_5,Double_Chin,0.45774121166791326,0.5933574026435513,913
jpeg_s3,r50_seed0,fixed_0_5,Oval_Face,0.12283169245194561,0.5534630479671644,5901
jpeg_s3,r50_seed0,fixed_0_5,Receding_Hairline,0.5799806887672997,0.6252826133845197,1694
jpeg_s3,r50_seed0,fixed_0_5,Blond_Hair,0.8421248142644874,0.916440771277307,2660
jpeg_s3,r50_seed0,fixed_0_5,Brown_Hair,0.6191356986715991,0.7445106897611957,3587
jpeg_s3,r50_seed0,fixed_0_5,Gray_Hair,0.7085271317829457,0.7863088265473107,636
jpeg_s3,r50_seed0,fixed_0_5,Bald,0.7556109725685786,0.8139307125879925,423
jpeg_s3,r50_seed0,fixed_0_5,Straight_Hair,0.4938813931597113,0.650726215475183,4190
jpeg_s3,r50_seed0,fixed_0_5,Wavy_Hair,0.7222084878450762,0.8848514629055418,7267
jpeg_s3,r50_seed0,fixed_0_5,Sideburns,0.7289617486338797,0.8019010325263285,926
jpeg_s3,m3_seed0,frozen_thresholds,Smiling,0.9176063355535743,0.9834420946838582,9987
jpeg_s3,m3_seed0,frozen_thresholds,Mouth_Slightly_Open,0.9211780908994597,0.9842070944720891,9883
jpeg_s3,m3_seed0,frozen_thresholds,Eyeglasses,0.9683222526398123,0.9907648824181989,1289
jpeg_s3,m3_seed0,frozen_thresholds,Bangs,0.8418448489132355,0.9474044230448304,3109
jpeg_s3,m3_seed0,frozen_thresholds,Wearing_Hat,0.8833718244803695,0.9507393207443756,839
jpeg_s3,m3_seed0,frozen_thresholds,Mustache,0.582909460834181,0.6071706539803682,772
jpeg_s3,m3_seed0,frozen_thresholds,No_Beard,0.9732119331323008,0.9969095096533107,17041
jpeg_s3,m3_seed0,frozen_thresholds,Black_Hair,0.8019773742751212,0.8880593769900652,5422
jpeg_s3,m3_seed0,frozen_thresholds,Bushy_Eyebrows,0.645466847090663,0.7609762507281523,2586
jpeg_s3,m3_seed0,frozen_thresholds,Arched_Eyebrows,0.6531275385865151,0.7854087482997629,5678
jpeg_s3,m3_seed0,frozen_thresholds,High_Cheekbones,0.842208165612421,0.9499157135562158,9618
jpeg_s3,m3_seed0,frozen_thresholds,Bags_Under_Eyes,0.6342831501009648,0.6480503782993261,4045
jpeg_s3,m3_seed0,frozen_thresholds,Big_Lips,0.5256891208611972,0.5934831167026784,6528
jpeg_s3,m3_seed0,frozen_thresholds,Big_Nose,0.6002086692592241,0.6620892029520824,4232
jpeg_s3,m3_seed0,frozen_thresholds,Double_Chin,0.5507900677200903,0.5969674312806629,913
jpeg_s3,m3_seed0,frozen_thresholds,Oval_Face,0.45927700348432055,0.5889969742224099,5901
jpeg_s3,m3_seed0,frozen_thresholds,Receding_Hairline,0.6168582375478927,0.6608953229808141,1694
jpeg_s3,m3_seed0,frozen_thresholds,Blond_Hair,0.8429003021148036,0.9171845098716562,2660
jpeg_s3,m3_seed0,frozen_thresholds,Brown_Hair,0.6984996738421396,0.7502389122441033,3587
jpeg_s3,m3_seed0,frozen_thresholds,Gray_Hair,0.7283763277693475,0.7700613226645102,636
jpeg_s3,m3_seed0,frozen_thresholds,Bald,0.7556008146639511,0.8233104132961407,423
jpeg_s3,m3_seed0,frozen_thresholds,Straight_Hair,0.5889462419740652,0.6429609320144529,4190
jpeg_s3,m3_seed0,frozen_thresholds,Wavy_Hair,0.7261543508570492,0.8853281751290416,7267
jpeg_s3,m3_seed0,frozen_thresholds,Sideburns,0.7373519913885899,0.8228968873755332,926
jpeg_s3,m3_seed0,fixed_0_5,Smiling,0.9174369747899159,0.9834420946838582,9987
jpeg_s3,m3_seed0,fixed_0_5,Mouth_Slightly_Open,0.9260789955532305,0.9842070944720891,9883
jpeg_s3,m3_seed0,fixed_0_5,Eyeglasses,0.9679186228482003,0.9907648824181989,1289
jpeg_s3,m3_seed0,fixed_0_5,Bangs,0.8337522441651706,0.9474044230448304,3109
jpeg_s3,m3_seed0,fixed_0_5,Wearing_Hat,0.881781838949172,0.9507393207443756,839
jpeg_s3,m3_seed0,fixed_0_5,Mustache,0.5170660856935366,0.6071706539803682,772
jpeg_s3,m3_seed0,fixed_0_5,No_Beard,0.9698064057782251,0.9969095096533107,17041
jpeg_s3,m3_seed0,fixed_0_5,Black_Hair,0.7947487018712648,0.8880593769900652,5422
jpeg_s3,m3_seed0,fixed_0_5,Bushy_Eyebrows,0.5748255363142931,0.7609762507281523,2586
jpeg_s3,m3_seed0,fixed_0_5,Arched_Eyebrows,0.5877044557247603,0.7854087482997629,5678
jpeg_s3,m3_seed0,fixed_0_5,High_Cheekbones,0.8219210651450309,0.9499157135562158,9618
jpeg_s3,m3_seed0,fixed_0_5,Bags_Under_Eyes,0.5704195507840091,0.6480503782993261,4045
jpeg_s3,m3_seed0,fixed_0_5,Big_Lips,0.4051163765988677,0.5934831167026784,6528
jpeg_s3,m3_seed0,fixed_0_5,Big_Nose,0.5971929824561404,0.6620892029520824,4232
jpeg_s3,m3_seed0,fixed_0_5,Double_Chin,0.46824224519940916,0.5969674312806629,913
jpeg_s3,m3_seed0,fixed_0_5,Oval_Face,0.22497811496936096,0.5889969742224099,5901
jpeg_s3,m3_seed0,fixed_0_5,Receding_Hairline,0.6292435177759957,0.6608953229808141,1694
jpeg_s3,m3_seed0,fixed_0_5,Blond_Hair,0.8417003269859589,0.9171845098716562,2660
jpeg_s3,m3_seed0,fixed_0_5,Brown_Hair,0.5417607223476298,0.7502389122441033,3587
jpeg_s3,m3_seed0,fixed_0_5,Gray_Hair,0.7184191954834157,0.7700613226645102,636
jpeg_s3,m3_seed0,fixed_0_5,Bald,0.7584789311408017,0.8233104132961407,423
jpeg_s3,m3_seed0,fixed_0_5,Straight_Hair,0.45764105938476723,0.6429609320144529,4190
jpeg_s3,m3_seed0,fixed_0_5,Wavy_Hair,0.7056839264631473,0.8853281751290416,7267
jpeg_s3,m3_seed0,fixed_0_5,Sideburns,0.732592159157402,0.8228968873755332,926
jpeg_s3,oracle_seed0,frozen_thresholds,Smiling,0.9094857263916106,0.9817732386602054,9987
jpeg_s3,oracle_seed0,frozen_thresholds,Mouth_Slightly_Open,0.91889035667107,0.9828873374844109,9883
jpeg_s3,oracle_seed0,frozen_thresholds,Eyeglasses,0.9683470105509965,0.9898132386044661,1289
jpeg_s3,oracle_seed0,frozen_thresholds,Bangs,0.8545547769612032,0.9455801207399057,3109
jpeg_s3,oracle_seed0,frozen_thresholds,Wearing_Hat,0.8902929350947731,0.9530191101183807,839
jpeg_s3,oracle_seed0,frozen_thresholds,Mustache,0.5810593900481541,0.6025651535585356,772
jpeg_s3,oracle_seed0,frozen_thresholds,No_Beard,0.9697329024990365,0.9968546523429835,17041
jpeg_s3,oracle_seed0,frozen_thresholds,Black_Hair,0.8012308875853448,0.8932780746312867,5422
jpeg_s3,oracle_seed0,frozen_thresholds,Bushy_Eyebrows,0.6626344086021505,0.770217566648867,2586
jpeg_s3,oracle_seed0,frozen_thresholds,Arched_Eyebrows,0.6822563710985969,0.7784690550107405,5678
jpeg_s3,oracle_seed0,frozen_thresholds,High_Cheekbones,0.8169413432571327,0.9441419790088448,9618
jpeg_s3,oracle_seed0,frozen_thresholds,Bags_Under_Eyes,0.6440825190010858,0.6553068680585731,4045
jpeg_s3,oracle_seed0,frozen_thresholds,Big_Lips,0.5168232280102476,0.5986725513393825,6528
jpeg_s3,oracle_seed0,frozen_thresholds,Big_Nose,0.5913573605881298,0.6678453378409221,4232
jpeg_s3,oracle_seed0,frozen_thresholds,Double_Chin,0.5683297180043384,0.5972864125901691,913
jpeg_s3,oracle_seed0,frozen_thresholds,Oval_Face,0.38371958953072755,0.5258319624170176,5901
jpeg_s3,oracle_seed0,frozen_thresholds,Receding_Hairline,0.6236236236236237,0.6521735574806505,1694
jpeg_s3,oracle_seed0,frozen_thresholds,Blond_Hair,0.8511806699615596,0.9190789092398458,2660
jpeg_s3,oracle_seed0,frozen_thresholds,Brown_Hair,0.6867174390086485,0.7462555281190346,3587
jpeg_s3,oracle_seed0,frozen_thresholds,Gray_Hair,0.7131672597864769,0.7836983513716975,636
jpeg_s3,oracle_seed0,frozen_thresholds,Bald,0.7471620227038184,0.8245565403594916,423
jpeg_s3,oracle_seed0,frozen_thresholds,Straight_Hair,0.5718884120171673,0.6503736207424569,4190
jpeg_s3,oracle_seed0,frozen_thresholds,Wavy_Hair,0.7413793103448276,0.8805234638220958,7267
jpeg_s3,oracle_seed0,frozen_thresholds,Sideburns,0.744540375825292,0.8157002693504796,926
jpeg_s3,oracle_seed0,fixed_0_5,Smiling,0.913923254351017,0.9817732386602054,9987
jpeg_s3,oracle_seed0,fixed_0_5,Mouth_Slightly_Open,0.9264462809917355,0.9828873374844109,9883
jpeg_s3,oracle_seed0,fixed_0_5,Eyeglasses,0.9661949685534591,0.9898132386044661,1289
jpeg_s3,oracle_seed0,fixed_0_5,Bangs,0.8144763297386218,0.9455801207399057,3109
jpeg_s3,oracle_seed0,fixed_0_5,Wearing_Hat,0.8919078558771412,0.9530191101183807,839
jpeg_s3,oracle_seed0,fixed_0_5,Mustache,0.5377358490566038,0.6025651535585356,772
jpeg_s3,oracle_seed0,fixed_0_5,No_Beard,0.9659206207102358,0.9968546523429835,17041
jpeg_s3,oracle_seed0,fixed_0_5,Black_Hair,0.7966184044310562,0.8932780746312867,5422
jpeg_s3,oracle_seed0,fixed_0_5,Bushy_Eyebrows,0.6322115384615384,0.770217566648867,2586
jpeg_s3,oracle_seed0,fixed_0_5,Arched_Eyebrows,0.6015054239539518,0.7784690550107405,5678
jpeg_s3,oracle_seed0,fixed_0_5,High_Cheekbones,0.8239280289753476,0.9441419790088448,9618
jpeg_s3,oracle_seed0,fixed_0_5,Bags_Under_Eyes,0.5743807501769285,0.6553068680585731,4045
jpeg_s3,oracle_seed0,fixed_0_5,Big_Lips,0.5398518990365475,0.5986725513393825,6528
jpeg_s3,oracle_seed0,fixed_0_5,Big_Nose,0.5940831237273925,0.6678453378409221,4232
jpeg_s3,oracle_seed0,fixed_0_5,Double_Chin,0.5152957171991842,0.5972864125901691,913
jpeg_s3,oracle_seed0,fixed_0_5,Oval_Face,0.06335282651072124,0.5258319624170176,5901
jpeg_s3,oracle_seed0,fixed_0_5,Receding_Hairline,0.6246092639954532,0.6521735574806505,1694
jpeg_s3,oracle_seed0,fixed_0_5,Blond_Hair,0.8360878864475987,0.9190789092398458,2660
jpeg_s3,oracle_seed0,fixed_0_5,Brown_Hair,0.6223706176961603,0.7462555281190346,3587
jpeg_s3,oracle_seed0,fixed_0_5,Gray_Hair,0.7207792207792207,0.7836983513716975,636
jpeg_s3,oracle_seed0,fixed_0_5,Bald,0.7631874298540965,0.8245565403594916,423
jpeg_s3,oracle_seed0,fixed_0_5,Straight_Hair,0.386002886002886,0.6503736207424569,4190
jpeg_s3,oracle_seed0,fixed_0_5,Wavy_Hair,0.7794864355142899,0.8805234638220958,7267
jpeg_s3,oracle_seed0,fixed_0_5,Sideburns,0.7476732161323681,0.8157002693504796,926
jpeg_s4,r18_seed0,frozen_thresholds,Smiling,0.8457404230989136,0.9757889186273683,9987
jpeg_s4,r18_seed0,frozen_thresholds,Mouth_Slightly_Open,0.8829833770778652,0.9676381742593305,9883
jpeg_s4,r18_seed0,frozen_thresholds,Eyeglasses,0.9293796332422942,0.9720863446797191,1289
jpeg_s4,r18_seed0,frozen_thresholds,Bangs,0.7333990147783251,0.9189279557304956,3109
jpeg_s4,r18_seed0,frozen_thresholds,Wearing_Hat,0.810464495461826,0.9161678842800521,839
jpeg_s4,r18_seed0,frozen_thresholds,Mustache,0.4976159514521023,0.5138200707451365,772
jpeg_s4,r18_seed0,frozen_thresholds,No_Beard,0.9026515031520258,0.9901885181654886,17041
jpeg_s4,r18_seed0,frozen_thresholds,Black_Hair,0.7622302509520554,0.8568089928277887,5422
jpeg_s4,r18_seed0,frozen_thresholds,Bushy_Eyebrows,0.6061545273411556,0.6982333890553415,2586
jpeg_s4,r18_seed0,frozen_thresholds,Arched_Eyebrows,0.46516882138822646,0.7296315505344177,5678
jpeg_s4,r18_seed0,frozen_thresholds,High_Cheekbones,0.5865461701042198,0.9242287805786433,9618
jpeg_s4,r18_seed0,frozen_thresholds,Bags_Under_Eyes,0.5795863309352518,0.5808629680453522,4045
jpeg_s4,r18_seed0,frozen_thresholds,Big_Lips,0.5486590038314176,0.5370146817326218,6528
jpeg_s4,r18_seed0,frozen_thresholds,Big_Nose,0.5089340727048676,0.5859132598664637,4232
jpeg_s4,r18_seed0,frozen_thresholds,Double_Chin,0.5105506948018528,0.5193595437672605,913
jpeg_s4,r18_seed0,frozen_thresholds,Oval_Face,0.02627203192550715,0.4416486012915864,5901
jpeg_s4,r18_seed0,frozen_thresholds,Receding_Hairline,0.5402999062792877,0.5227622155239265,1694
jpeg_s4,r18_seed0,frozen_thresholds,Blond_Hair,0.7833679833679834,0.8913441202456553,2660
jpeg_s4,r18_seed0,frozen_thresholds,Brown_Hair,0.47617246596066565,0.662720184037781,3587
jpeg_s4,r18_seed0,frozen_thresholds,Gray_Hair,0.6460317460317461,0.6852654672378141,636
jpeg_s4,r18_seed0,frozen_thresholds,Bald,0.6778443113772455,0.7389210058621865,423
jpeg_s4,r18_seed0,frozen_thresholds,Straight_Hair,0.19633943427620631,0.5626613379208736,4190
jpeg_s4,r18_seed0,frozen_thresholds,Wavy_Hair,0.5960951235310447,0.838252185897976,7267
jpeg_s4,r18_seed0,frozen_thresholds,Sideburns,0.6048257372654156,0.6380386546505349,926
jpeg_s4,r18_seed0,fixed_0_5,Smiling,0.8713651498335183,0.9757889186273683,9987
jpeg_s4,r18_seed0,fixed_0_5,Mouth_Slightly_Open,0.8800132399183538,0.9676381742593305,9883
jpeg_s4,r18_seed0,fixed_0_5,Eyeglasses,0.9303643724696357,0.9720863446797191,1289
jpeg_s4,r18_seed0,fixed_0_5,Bangs,0.6282219309742245,0.9189279557304956,3109
jpeg_s4,r18_seed0,fixed_0_5,Wearing_Hat,0.8453850676072898,0.9161678842800521,839
jpeg_s4,r18_seed0,fixed_0_5,Mustache,0.3978685612788632,0.5138200707451365,772
jpeg_s4,r18_seed0,fixed_0_5,No_Beard,0.9288490375493467,0.9901885181654886,17041
jpeg_s4,r18_seed0,fixed_0_5,Black_Hair,0.7361733152796583,0.8568089928277887,5422
jpeg_s4,r18_seed0,fixed_0_5,Bushy_Eyebrows,0.5069667738478028,0.6982333890553415,2586
jpeg_s4,r18_seed0,fixed_0_5,Arched_Eyebrows,0.36411463380866677,0.7296315505344177,5678
jpeg_s4,r18_seed0,fixed_0_5,High_Cheekbones,0.6342628362716864,0.9242287805786433,9618
jpeg_s4,r18_seed0,fixed_0_5,Bags_Under_Eyes,0.4841909485430874,0.5808629680453522,4045
jpeg_s4,r18_seed0,fixed_0_5,Big_Lips,0.40927984533591105,0.5370146817326218,6528
jpeg_s4,r18_seed0,fixed_0_5,Big_Nose,0.5311346295840512,0.5859132598664637,4232
jpeg_s4,r18_seed0,fixed_0_5,Double_Chin,0.36524537409493163,0.5193595437672605,913
jpeg_s4,r18_seed0,fixed_0_5,Oval_Face,0.006072874493927126,0.4416486012915864,5901
jpeg_s4,r18_seed0,fixed_0_5,Receding_Hairline,0.5214129415442326,0.5227622155239265,1694
jpeg_s4,r18_seed0,fixed_0_5,Blond_Hair,0.7916496111338518,0.8913441202456553,2660
jpeg_s4,r18_seed0,fixed_0_5,Brown_Hair,0.22302854378326076,0.662720184037781,3587
jpeg_s4,r18_seed0,fixed_0_5,Gray_Hair,0.6530612244897959,0.6852654672378141,636
jpeg_s4,r18_seed0,fixed_0_5,Bald,0.5254515599343186,0.7389210058621865,423
jpeg_s4,r18_seed0,fixed_0_5,Straight_Hair,0.10972346119536129,0.5626613379208736,4190
jpeg_s4,r18_seed0,fixed_0_5,Wavy_Hair,0.6256170900278252,0.838252185897976,7267
jpeg_s4,r18_seed0,fixed_0_5,Sideburns,0.603358425014476,0.6380386546505349,926
jpeg_s4,r50_seed0,frozen_thresholds,Smiling,0.8857049466114622,0.9771293318970811,9987
jpeg_s4,r50_seed0,frozen_thresholds,Mouth_Slightly_Open,0.9084032742720961,0.9725630778045846,9883
jpeg_s4,r50_seed0,frozen_thresholds,Eyeglasses,0.9300699300699301,0.9700243437889128,1289
jpeg_s4,r50_seed0,frozen_thresholds,Bangs,0.7347422476792416,0.9148566888694222,3109
jpeg_s4,r50_seed0,frozen_thresholds,Wearing_Hat,0.8456534594914252,0.9161858795728851,839
jpeg_s4,r50_seed0,frozen_thresholds,Mustache,0.5630865484880083,0.5473088193185653,772
jpeg_s4,r50_seed0,frozen_thresholds,No_Beard,0.8840556326438413,0.9892137704678727,17041
jpeg_s4,r50_seed0,frozen_thresholds,Black_Hair,0.7453353504790721,0.8497042037983035,5422
jpeg_s4,r50_seed0,frozen_thresholds,Bushy_Eyebrows,0.5590608950843727,0.6854578057712517,2586
jpeg_s4,r50_seed0,frozen_thresholds,Arched_Eyebrows,0.37141280353200884,0.7348379777245843,5678
jpeg_s4,r50_seed0,frozen_thresholds,High_Cheekbones,0.673385998365568,0.9295203827465592,9618
jpeg_s4,r50_seed0,frozen_thresholds,Bags_Under_Eyes,0.5649463974071304,0.5750652416648732,4045
jpeg_s4,r50_seed0,frozen_thresholds,Big_Lips,0.547360347692701,0.5450635713103308,6528
jpeg_s4,r50_seed0,frozen_thresholds,Big_Nose,0.548925574103108,0.5882613382085095,4232
jpeg_s4,r50_seed0,frozen_thresholds,Double_Chin,0.4726072607260726,0.5350398822444341,913
jpeg_s4,r50_seed0,frozen_thresholds,Oval_Face,0.07546569017672346,0.45462035178529037,5901
jpeg_s4,r50_seed0,frozen_thresholds,Receding_Hairline,0.5263852242744064,0.5195800046403436,1694
jpeg_s4,r50_seed0,frozen_thresholds,Blond_Hair,0.7980613893376414,0.8939167981304166,2660
jpeg_s4,r50_seed0,frozen_thresholds,Brown_Hair,0.5057845263919016,0.6574186030712773,3587
jpeg_s4,r50_seed0,frozen_thresholds,Gray_Hair,0.6475694444444444,0.7134822797218817,636
jpeg_s4,r50_seed0,frozen_thresholds,Bald,0.6812121212121212,0.7348862560603932,423
jpeg_s4,r50_seed0,frozen_thresholds,Straight_Hair,0.2188449848024316,0.5490104189878904,4190
jpeg_s4,r50_seed0,frozen_thresholds,Wavy_Hair,0.4158543117300482,0.8230825744323798,7267
jpeg_s4,r50_seed0,frozen_thresholds,Sideburns,0.5961251862891207,0.6257844410437764,926
jpeg_s4,r50_seed0,fixed_0_5,Smiling,0.8976462388075707,0.9771293318970811,9987
jpeg_s4,r50_seed0,fixed_0_5,Mouth_Slightly_Open,0.8999893265022948,0.9725630778045846,9883
jpeg_s4,r50_seed0,fixed_0_5,Eyeglasses,0.9239543726235742,0.9700243437889128,1289
jpeg_s4,r50_seed0,fixed_0_5,Bangs,0.6364621721222632,0.9148566888694222,3109
jpeg_s4,r50_seed0,fixed_0_5,Wearing_Hat,0.850629874025195,0.9161858795728851,839
jpeg_s4,r50_seed0,fixed_0_5,Mustache,0.42606516290726815,0.5473088193185653,772
jpeg_s4,r50_seed0,fixed_0_5,No_Beard,0.9204411673585724,0.9892137704678727,17041
jpeg_s4,r50_seed0,fixed_0_5,Black_Hair,0.7103470645475186,0.8497042037983035,5422
jpeg_s4,r50_seed0,fixed_0_5,Bushy_Eyebrows,0.42216358839050133,0.6854578057712517,2586
jpeg_s4,r50_seed0,fixed_0_5,Arched_Eyebrows,0.3148469093009821,0.7348379777245843,5678
jpeg_s4,r50_seed0,fixed_0_5,High_Cheekbones,0.6858875042101718,0.9295203827465592,9618
jpeg_s4,r50_seed0,fixed_0_5,Bags_Under_Eyes,0.43558384989110405,0.5750652416648732,4045
jpeg_s4,r50_seed0,fixed_0_5,Big_Lips,0.3862324814509481,0.5450635713103308,6528
jpeg_s4,r50_seed0,fixed_0_5,Big_Nose,0.42778139232270657,0.5882613382085095,4232
jpeg_s4,r50_seed0,fixed_0_5,Double_Chin,0.25895316804407714,0.5350398822444341,913
jpeg_s4,r50_seed0,fixed_0_5,Oval_Face,0.0064091752403440715,0.45462035178529037,5901
jpeg_s4,r50_seed0,fixed_0_5,Receding_Hairline,0.5059840425531915,0.5195800046403436,1694
jpeg_s4,r50_seed0,fixed_0_5,Blond_Hair,0.7997601918465228,0.8939167981304166,2660
jpeg_s4,r50_seed0,fixed_0_5,Brown_Hair,0.24192015209125475,0.6574186030712773,3587
jpeg_s4,r50_seed0,fixed_0_5,Gray_Hair,0.5938104448742747,0.7134822797218817,636
jpeg_s4,r50_seed0,fixed_0_5,Bald,0.5074626865671642,0.7348862560603932,423
jpeg_s4,r50_seed0,fixed_0_5,Straight_Hair,0.08801624915368991,0.5490104189878904,4190
jpeg_s4,r50_seed0,fixed_0_5,Wavy_Hair,0.496939287506272,0.8230825744323798,7267
jpeg_s4,r50_seed0,fixed_0_5,Sideburns,0.6024636058230683,0.6257844410437764,926
jpeg_s4,m3_seed0,frozen_thresholds,Smiling,0.8403041825095057,0.9760737374276648,9987
jpeg_s4,m3_seed0,frozen_thresholds,Mouth_Slightly_Open,0.8584511023176936,0.9689703858779575,9883
jpeg_s4,m3_seed0,frozen_thresholds,Eyeglasses,0.9221511846558856,0.9747429189414281,1289
jpeg_s4,m3_seed0,frozen_thresholds,Bangs,0.6258473649682922,0.914151802829062,3109
jpeg_s4,m3_seed0,frozen_thresholds,Wearing_Hat,0.7387988560533841,0.9072441856211364,839
jpeg_s4,m3_seed0,frozen_thresholds,Mustache,0.48576214405360135,0.5019530652943373,772
jpeg_s4,m3_seed0,frozen_thresholds,No_Beard,0.9414001207000604,0.9906992010264541,17041
jpeg_s4,m3_seed0,frozen_thresholds,Black_Hair,0.7178418914696386,0.838265764668247,5422
jpeg_s4,m3_seed0,frozen_thresholds,Bushy_Eyebrows,0.547613033594342,0.6848065755265412,2586
jpeg_s4,m3_seed0,frozen_thresholds,Arched_Eyebrows,0.2697868534803995,0.7324813525954652,5678
jpeg_s4,m3_seed0,frozen_thresholds,High_Cheekbones,0.656479048541004,0.9320523438920066,9618
jpeg_s4,m3_seed0,frozen_thresholds,Bags_Under_Eyes,0.5805464480874317,0.5783692762009995,4045
jpeg_s4,m3_seed0,frozen_thresholds,Big_Lips,0.4792167639986259,0.551376493797358,6528
jpeg_s4,m3_seed0,frozen_thresholds,Big_Nose,0.5214285714285715,0.5957814511565538,4232
jpeg_s4,m3_seed0,frozen_thresholds,Double_Chin,0.48412222887956863,0.5257901684181215,913
jpeg_s4,m3_seed0,frozen_thresholds,Oval_Face,0.059244791666666664,0.487048579203865,5901
jpeg_s4,m3_seed0,frozen_thresholds,Receding_Hairline,0.5492085340674466,0.5506905474227787,1694
jpeg_s4,m3_seed0,frozen_thresholds,Blond_Hair,0.7537511032656664,0.8886258385474831,2660
jpeg_s4,m3_seed0,frozen_thresholds,Brown_Hair,0.4109813562794509,0.6632558470205661,3587
jpeg_s4,m3_seed0,frozen_thresholds,Gray_Hair,0.6682134570765661,0.6915165868079517,636
jpeg_s4,m3_seed0,frozen_thresholds,Bald,0.7099767981438515,0.752617135466339,423
jpeg_s4,m3_seed0,frozen_thresholds,Straight_Hair,0.25809013301568395,0.5507325257006992,4190
jpeg_s4,m3_seed0,frozen_thresholds,Wavy_Hair,0.5365187713310581,0.8291447335490436,7267
jpeg_s4,m3_seed0,frozen_thresholds,Sideburns,0.5779816513761468,0.6560875419574719,926
jpeg_s4,m3_seed0,fixed_0_5,Smiling,0.8379423820795566,0.9760737374276648,9987
jpeg_s4,m3_seed0,fixed_0_5,Mouth_Slightly_Open,0.87296922650402,0.9689703858779575,9883
jpeg_s4,m3_seed0,fixed_0_5,Eyeglasses,0.9252830188679245,0.9747429189414281,1289
jpeg_s4,m3_seed0,fixed_0_5,Bangs,0.5930415263748597,0.914151802829062,3109
jpeg_s4,m3_seed0,fixed_0_5,Wearing_Hat,0.7218880148079593,0.9072441856211364,839
jpeg_s4,m3_seed0,fixed_0_5,Mustache,0.4990378447722899,0.5019530652943373,772
jpeg_s4,m3_seed0,fixed_0_5,No_Beard,0.9223331060559102,0.9906992010264541,17041
jpeg_s4,m3_seed0,fixed_0_5,Black_Hair,0.6954457155191021,0.838265764668247,5422
jpeg_s4,m3_seed0,fixed_0_5,Bushy_Eyebrows,0.4426651415498999,0.6848065755265412,2586
jpeg_s4,m3_seed0,fixed_0_5,Arched_Eyebrows,0.19877723781156922,0.7324813525954652,5678
jpeg_s4,m3_seed0,fixed_0_5,High_Cheekbones,0.6052479815455594,0.9320523438920066,9618
jpeg_s4,m3_seed0,fixed_0_5,Bags_Under_Eyes,0.5236800686793532,0.5783692762009995,4045
jpeg_s4,m3_seed0,fixed_0_5,Big_Lips,0.34955896765762823,0.551376493797358,6528
jpeg_s4,m3_seed0,fixed_0_5,Big_Nose,0.553741120029523,0.5957814511565538,4232
jpeg_s4,m3_seed0,fixed_0_5,Double_Chin,0.36288998357963875,0.5257901684181215,913
jpeg_s4,m3_seed0,fixed_0_5,Oval_Face,0.005741303613644039,0.487048579203865,5901
jpeg_s4,m3_seed0,fixed_0_5,Receding_Hairline,0.5651945320715037,0.5506905474227787,1694
jpeg_s4,m3_seed0,fixed_0_5,Blond_Hair,0.7319727891156462,0.8886258385474831,2660
jpeg_s4,m3_seed0,fixed_0_5,Brown_Hair,0.10390973497769614,0.6632558470205661,3587
jpeg_s4,m3_seed0,fixed_0_5,Gray_Hair,0.6657439446366782,0.6915165868079517,636
jpeg_s4,m3_seed0,fixed_0_5,Bald,0.7075471698113207,0.752617135466339,423
jpeg_s4,m3_seed0,fixed_0_5,Straight_Hair,0.08357937769702475,0.5507325257006992,4190
jpeg_s4,m3_seed0,fixed_0_5,Wavy_Hair,0.5017596782302665,0.8291447335490436,7267
jpeg_s4,m3_seed0,fixed_0_5,Sideburns,0.5033112582781457,0.6560875419574719,926
jpeg_s4,oracle_seed0,frozen_thresholds,Smiling,0.8381709283575213,0.9732793572125019,9987
jpeg_s4,oracle_seed0,frozen_thresholds,Mouth_Slightly_Open,0.8556549303747312,0.967398502112573,9883
jpeg_s4,oracle_seed0,frozen_thresholds,Eyeglasses,0.9158807996982271,0.9689344186649893,1289
jpeg_s4,oracle_seed0,frozen_thresholds,Bangs,0.6604651162790698,0.9089566364460561,3109
jpeg_s4,oracle_seed0,frozen_thresholds,Wearing_Hat,0.7922011287839917,0.9172678668886713,839
jpeg_s4,oracle_seed0,frozen_thresholds,Mustache,0.5114583333333333,0.5115487446223753,772
jpeg_s4,oracle_seed0,frozen_thresholds,No_Beard,0.8934875228241023,0.9905088426133553,17041
jpeg_s4,oracle_seed0,frozen_thresholds,Black_Hair,0.7387149247661651,0.8485747536712023,5422
jpeg_s4,oracle_seed0,frozen_thresholds,Bushy_Eyebrows,0.5584924131179638,0.6826855757330953,2586
jpeg_s4,oracle_seed0,frozen_thresholds,Arched_Eyebrows,0.35946356974975807,0.7226118926357019,5678
jpeg_s4,oracle_seed0,frozen_thresholds,High_Cheekbones,0.5734624981652723,0.9130412442103018,9618
jpeg_s4,oracle_seed0,frozen_thresholds,Bags_Under_Eyes,0.5822995934535599,0.5874647225532067,4045
jpeg_s4,oracle_seed0,frozen_thresholds,Big_Lips,0.4050683428115335,0.5502359494105824,6528
jpeg_s4,oracle_seed0,frozen_thresholds,Big_Nose,0.5168865052906219,0.5932913241206126,4232
jpeg_s4,oracle_seed0,frozen_thresholds,Double_Chin,0.47953216374269003,0.5121052591388997,913
jpeg_s4,oracle_seed0,frozen_thresholds,Oval_Face,0.08501259445843828,0.4366223397414549,5901
jpeg_s4,oracle_seed0,frozen_thresholds,Receding_Hairline,0.530933633295838,0.5052147821614343,1694
jpeg_s4,oracle_seed0,frozen_thresholds,Blond_Hair,0.7743174061433447,0.8948600403615407,2660
jpeg_s4,oracle_seed0,frozen_thresholds,Brown_Hair,0.4443132624950807,0.6556848496048785,3587
jpeg_s4,oracle_seed0,frozen_thresholds,Gray_Hair,0.6396011396011396,0.6642933885688712,636
jpeg_s4,oracle_seed0,frozen_thresholds,Bald,0.6691635455680399,0.7422064367097727,423
jpeg_s4,oracle_seed0,frozen_thresholds,Straight_Hair,0.2711930164888458,0.5535108497015531,4190
jpeg_s4,oracle_seed0,frozen_thresholds,Wavy_Hair,0.5574959442694913,0.8257241045014503,7267
jpeg_s4,oracle_seed0,frozen_thresholds,Sideburns,0.6251319957761352,0.6594672134501683,926
jpeg_s4,oracle_seed0,fixed_0_5,Smiling,0.8504205501250284,0.9732793572125019,9987
jpeg_s4,oracle_seed0,fixed_0_5,Mouth_Slightly_Open,0.8812782897965862,0.967398502112573,9883
jpeg_s4,oracle_seed0,fixed_0_5,Eyeglasses,0.9295993776740568,0.9689344186649893,1289
jpeg_s4,oracle_seed0,fixed_0_5,Bangs,0.5549930971007824,0.9089566364460561,3109
jpeg_s4,oracle_seed0,fixed_0_5,Wearing_Hat,0.8358375069560379,0.9172678668886713,839
jpeg_s4,oracle_seed0,fixed_0_5,Mustache,0.4833555259653795,0.5115487446223753,772
jpeg_s4,oracle_seed0,fixed_0_5,No_Beard,0.8754081232858822,0.9905088426133553,17041
jpeg_s4,oracle_seed0,fixed_0_5,Black_Hair,0.7308840177009365,0.8485747536712023,5422
jpeg_s4,oracle_seed0,fixed_0_5,Bushy_Eyebrows,0.5113963845952318,0.6826855757330953,2586
jpeg_s4,oracle_seed0,fixed_0_5,Arched_Eyebrows,0.23902439024390243,0.7226118926357019,5678
jpeg_s4,oracle_seed0,fixed_0_5,High_Cheekbones,0.5949028950978269,0.9130412442103018,9618
jpeg_s4,oracle_seed0,fixed_0_5,Bags_Under_Eyes,0.5285899467089155,0.5874647225532067,4045
jpeg_s4,oracle_seed0,fixed_0_5,Big_Lips,0.4387469699794891,0.5502359494105824,6528
jpeg_s4,oracle_seed0,fixed_0_5,Big_Nose,0.5517312448474856,0.5932913241206126,4232
jpeg_s4,oracle_seed0,fixed_0_5,Double_Chin,0.347970173985087,0.5121052591388997,913
jpeg_s4,oracle_seed0,fixed_0_5,Oval_Face,0.0033818058843422386,0.4366223397414549,5901
jpeg_s4,oracle_seed0,fixed_0_5,Receding_Hairline,0.5082765335929893,0.5052147821614343,1694
jpeg_s4,oracle_seed0,fixed_0_5,Blond_Hair,0.7110802683321767,0.8948600403615407,2660
jpeg_s4,oracle_seed0,fixed_0_5,Brown_Hair,0.20327388223796727,0.6556848496048785,3587
jpeg_s4,oracle_seed0,fixed_0_5,Gray_Hair,0.6258620689655172,0.6642933885688712,636
jpeg_s4,oracle_seed0,fixed_0_5,Bald,0.635743519781719,0.7422064367097727,423
jpeg_s4,oracle_seed0,fixed_0_5,Straight_Hair,0.09062218214607755,0.5535108497015531,4190
jpeg_s4,oracle_seed0,fixed_0_5,Wavy_Hair,0.6584812042721386,0.8257241045014503,7267
jpeg_s4,oracle_seed0,fixed_0_5,Sideburns,0.6197490452809602,0.6594672134501683,926
