condition,threshold_rule,attribute,model,reference_model,f1_difference_pp,ap_difference_pp
clean_s0,frozen_thresholds,Smiling,m3_seed0,r18_seed0,-0.00344195552849369,0.0008460366771934069
clean_s0,frozen_thresholds,Mouth_Slightly_Open,m3_seed0,r18_seed0,0.20493778772525673,0.06197618779796299
clean_s0,frozen_thresholds,Eyeglasses,m3_seed0,r18_seed0,-0.3596157545256107,0.0038707456963771314
clean_s0,frozen_thresholds,Bangs,m3_seed0,r18_seed0,0.21324541603946479,0.08323773744791652
clean_s0,frozen_thresholds,Wearing_Hat,m3_seed0,r18_seed0,0.2263328069779691,0.3829669341583797
clean_s0,frozen_thresholds,Mustache,m3_seed0,r18_seed0,-1.7437754999478305,-2.079717006444848
clean_s0,frozen_thresholds,No_Beard,m3_seed0,r18_seed0,-0.0764704140427841,-0.007415721839043599
clean_s0,frozen_thresholds,Black_Hair,m3_seed0,r18_seed0,-0.07861598818857951,-0.09524987790576755
clean_s0,frozen_thresholds,Bushy_Eyebrows,m3_seed0,r18_seed0,0.04146863779574961,-0.007298735277094792
clean_s0,frozen_thresholds,Arched_Eyebrows,m3_seed0,r18_seed0,-0.03203444892241336,0.40144617988230324
clean_s0,frozen_thresholds,High_Cheekbones,m3_seed0,r18_seed0,-0.26556767791681146,-0.05626349965774935
clean_s0,frozen_thresholds,Bags_Under_Eyes,m3_seed0,r18_seed0,0.7466583422390483,0.2922374340343148
clean_s0,frozen_thresholds,Big_Lips,m3_seed0,r18_seed0,-1.6049888874944185,-0.1320848196255886
clean_s0,frozen_thresholds,Big_Nose,m3_seed0,r18_seed0,0.9474196110985211,-0.006641176494814882
clean_s0,frozen_thresholds,Double_Chin,m3_seed0,r18_seed0,-0.1859135108766119,0.8265524118483358
clean_s0,frozen_thresholds,Oval_Face,m3_seed0,r18_seed0,-0.32833263718073935,0.2602572054848262
clean_s0,frozen_thresholds,Receding_Hairline,m3_seed0,r18_seed0,2.780494947817047,2.0177687135936595
clean_s0,frozen_thresholds,Blond_Hair,m3_seed0,r18_seed0,0.17264518398234507,0.27083843896557047
clean_s0,frozen_thresholds,Brown_Hair,m3_seed0,r18_seed0,-0.10850865823992528,-0.2782019838306504
clean_s0,frozen_thresholds,Gray_Hair,m3_seed0,r18_seed0,0.5124109473294336,-0.7579911629503222
clean_s0,frozen_thresholds,Bald,m3_seed0,r18_seed0,0.1569735680483908,-0.5896234506404752
clean_s0,frozen_thresholds,Straight_Hair,m3_seed0,r18_seed0,-1.3054061588356092,-0.8313228863498612
clean_s0,frozen_thresholds,Wavy_Hair,m3_seed0,r18_seed0,-0.21802325233988284,-0.013886070585966692
clean_s0,frozen_thresholds,Sideburns,m3_seed0,r18_seed0,0.6279629051094582,0.38193031335473915
clean_s0,frozen_thresholds,Smiling,oracle_seed0,m3_seed0,-0.2748305676999463,-0.04839372730507385
clean_s0,frozen_thresholds,Mouth_Slightly_Open,oracle_seed0,m3_seed0,-0.5070820729033088,-0.14557429630065455
clean_s0,frozen_thresholds,Eyeglasses,oracle_seed0,m3_seed0,0.2380524989204602,-0.030399044906870287
clean_s0,frozen_thresholds,Bangs,oracle_seed0,m3_seed0,0.005398108958853953,-0.20395190153363885
clean_s0,frozen_thresholds,Wearing_Hat,oracle_seed0,m3_seed0,-0.3979842532528255,0.009800864730724612
clean_s0,frozen_thresholds,Mustache,oracle_seed0,m3_seed0,-0.6227067346815551,-0.07506188056265461
clean_s0,frozen_thresholds,No_Beard,oracle_seed0,m3_seed0,-0.03986455436116865,0.009830632896257185
clean_s0,frozen_thresholds,Black_Hair,oracle_seed0,m3_seed0,0.28748305328470947,0.19386715375447894
clean_s0,frozen_thresholds,Bushy_Eyebrows,oracle_seed0,m3_seed0,0.06981345206408252,0.43362455872668626
clean_s0,frozen_thresholds,Arched_Eyebrows,oracle_seed0,m3_seed0,-0.3424626877777892,-0.4846887618495721
clean_s0,frozen_thresholds,High_Cheekbones,oracle_seed0,m3_seed0,0.01930128053315716,-0.13507228513357505
clean_s0,frozen_thresholds,Bags_Under_Eyes,oracle_seed0,m3_seed0,0.31845749365981835,-0.11199887878250436
clean_s0,frozen_thresholds,Big_Lips,oracle_seed0,m3_seed0,-0.38435287490010683,0.832692906528143
clean_s0,frozen_thresholds,Big_Nose,oracle_seed0,m3_seed0,-0.3317871428012542,0.45630934620787267
clean_s0,frozen_thresholds,Double_Chin,oracle_seed0,m3_seed0,0.13577430238308485,-0.4126449543619293
clean_s0,frozen_thresholds,Oval_Face,oracle_seed0,m3_seed0,0.15471238623750994,-0.3311547157341166
clean_s0,frozen_thresholds,Receding_Hairline,oracle_seed0,m3_seed0,0.8024601186329638,0.2692170965480689
clean_s0,frozen_thresholds,Blond_Hair,oracle_seed0,m3_seed0,-0.1177198142431446,0.00976833162180668
clean_s0,frozen_thresholds,Brown_Hair,oracle_seed0,m3_seed0,0.31225989289533906,0.5182040987168457
clean_s0,frozen_thresholds,Gray_Hair,oracle_seed0,m3_seed0,-0.5559939656781143,0.3063694654102833
clean_s0,frozen_thresholds,Bald,oracle_seed0,m3_seed0,-1.0174542503605832,0.10069684529168121
clean_s0,frozen_thresholds,Straight_Hair,oracle_seed0,m3_seed0,0.6436813993073942,1.1870160330894053
clean_s0,frozen_thresholds,Wavy_Hair,oracle_seed0,m3_seed0,-0.06452116993530543,-0.28175834496768637
clean_s0,frozen_thresholds,Sideburns,oracle_seed0,m3_seed0,-1.3541039839476299,-0.26129713828413337
clean_s0,frozen_thresholds,Smiling,oracle_seed0,r18_seed0,-0.27827252322844,-0.047547690627880446
clean_s0,frozen_thresholds,Mouth_Slightly_Open,oracle_seed0,r18_seed0,-0.30214428517805203,-0.08359810850269156
clean_s0,frozen_thresholds,Eyeglasses,oracle_seed0,r18_seed0,-0.12156325560515047,-0.026528299210493156
clean_s0,frozen_thresholds,Bangs,oracle_seed0,r18_seed0,0.21864352499831874,-0.12071416408572233
clean_s0,frozen_thresholds,Wearing_Hat,oracle_seed0,r18_seed0,-0.1716514462748564,0.3927677988891043
clean_s0,frozen_thresholds,Mustache,oracle_seed0,r18_seed0,-2.3664822346293857,-2.1547788870075024
clean_s0,frozen_thresholds,No_Beard,oracle_seed0,r18_seed0,-0.11633496840395274,0.002414911057213587
clean_s0,frozen_thresholds,Black_Hair,oracle_seed0,r18_seed0,0.20886706509612996,0.09861727584871138
clean_s0,frozen_thresholds,Bushy_Eyebrows,oracle_seed0,r18_seed0,0.11128208985983212,0.42632582344959147
clean_s0,frozen_thresholds,Arched_Eyebrows,oracle_seed0,r18_seed0,-0.37449713670020257,-0.08324258196726886
clean_s0,frozen_thresholds,High_Cheekbones,oracle_seed0,r18_seed0,-0.2462663973836543,-0.1913357847913244
clean_s0,frozen_thresholds,Bags_Under_Eyes,oracle_seed0,r18_seed0,1.0651158358988666,0.18023855525181043
clean_s0,frozen_thresholds,Big_Lips,oracle_seed0,r18_seed0,-1.9893417623945253,0.7006080869025544
clean_s0,frozen_thresholds,Big_Nose,oracle_seed0,r18_seed0,0.6156324682972669,0.4496681697130578
clean_s0,frozen_thresholds,Double_Chin,oracle_seed0,r18_seed0,-0.05013920849352704,0.41390745748640656
clean_s0,frozen_thresholds,Oval_Face,oracle_seed0,r18_seed0,-0.17362025094322941,-0.07089751024929036
clean_s0,frozen_thresholds,Receding_Hairline,oracle_seed0,r18_seed0,3.582955066450011,2.2869858101417284
clean_s0,frozen_thresholds,Blond_Hair,oracle_seed0,r18_seed0,0.05492536973920048,0.28060677058737715
clean_s0,frozen_thresholds,Brown_Hair,oracle_seed0,r18_seed0,0.20375123465541378,0.24000211488619527
clean_s0,frozen_thresholds,Gray_Hair,oracle_seed0,r18_seed0,-0.043583018348680724,-0.4516216975400389
clean_s0,frozen_thresholds,Bald,oracle_seed0,r18_seed0,-0.8604806823121924,-0.48892660534879395
clean_s0,frozen_thresholds,Straight_Hair,oracle_seed0,r18_seed0,-0.661724759528215,0.3556931467395441
clean_s0,frozen_thresholds,Wavy_Hair,oracle_seed0,r18_seed0,-0.2825444222751883,-0.29564441555365306
clean_s0,frozen_thresholds,Sideburns,oracle_seed0,r18_seed0,-0.7261410788381717,0.12063317507060578
clean_s0,frozen_thresholds,Smiling,r50_seed0,r18_seed0,-0.15922642263457298,0.022111704653393627
clean_s0,frozen_thresholds,Mouth_Slightly_Open,r50_seed0,r18_seed0,0.05338649562911524,0.05695772363283336
clean_s0,frozen_thresholds,Eyeglasses,r50_seed0,r18_seed0,0.036110655397803004,-0.05754697853378454
clean_s0,frozen_thresholds,Bangs,r50_seed0,r18_seed0,-0.7339498464642324,-0.4538870411963325
clean_s0,frozen_thresholds,Wearing_Hat,r50_seed0,r18_seed0,-0.17556283379068782,-0.6109778520966502
clean_s0,frozen_thresholds,Mustache,r50_seed0,r18_seed0,-0.2814613844208891,1.0689860655272998
clean_s0,frozen_thresholds,No_Beard,r50_seed0,r18_seed0,-0.009150715564387735,-0.025497529412010778
clean_s0,frozen_thresholds,Black_Hair,r50_seed0,r18_seed0,-0.3131240399385615,0.04369795069709692
clean_s0,frozen_thresholds,Bushy_Eyebrows,r50_seed0,r18_seed0,0.02415620651655681,0.49838844536522764
clean_s0,frozen_thresholds,Arched_Eyebrows,r50_seed0,r18_seed0,0.1955196650558766,0.27462990581776925
clean_s0,frozen_thresholds,High_Cheekbones,r50_seed0,r18_seed0,-0.2752675287774675,-0.04059062147967474
clean_s0,frozen_thresholds,Bags_Under_Eyes,r50_seed0,r18_seed0,-0.19693254044242936,-0.6727558850426307
clean_s0,frozen_thresholds,Big_Lips,r50_seed0,r18_seed0,0.8604215500767287,-0.016503208646800882
clean_s0,frozen_thresholds,Big_Nose,r50_seed0,r18_seed0,0.7490922217334495,0.23936899966789937
clean_s0,frozen_thresholds,Double_Chin,r50_seed0,r18_seed0,-2.4683122762859,-0.671068243291173
clean_s0,frozen_thresholds,Oval_Face,r50_seed0,r18_seed0,0.3072028381069125,-0.025931825419978072
clean_s0,frozen_thresholds,Receding_Hairline,r50_seed0,r18_seed0,1.5158361537327303,-0.5818193956708795
clean_s0,frozen_thresholds,Blond_Hair,r50_seed0,r18_seed0,-0.10995202257279013,0.23514313277801513
clean_s0,frozen_thresholds,Brown_Hair,r50_seed0,r18_seed0,0.15224184095518067,0.049897741131466056
clean_s0,frozen_thresholds,Gray_Hair,r50_seed0,r18_seed0,-0.8794133623030942,0.49761689340407367
clean_s0,frozen_thresholds,Bald,r50_seed0,r18_seed0,0.263927161689137,0.14762484685737487
clean_s0,frozen_thresholds,Straight_Hair,r50_seed0,r18_seed0,-0.19643916188130106,-0.38593054144110406
clean_s0,frozen_thresholds,Wavy_Hair,r50_seed0,r18_seed0,-2.2122803054514306,-0.04485294245790694
clean_s0,frozen_thresholds,Sideburns,r50_seed0,r18_seed0,-0.19366571906037633,-0.3759197271961279
clean_s0,fixed_0_5,Smiling,m3_seed0,r18_seed0,0.324234062014761,0.0008460366771934069
clean_s0,fixed_0_5,Mouth_Slightly_Open,m3_seed0,r18_seed0,0.2633110513060699,0.06197618779796299
clean_s0,fixed_0_5,Eyeglasses,m3_seed0,r18_seed0,-0.10568788233763504,0.0038707456963771314
clean_s0,fixed_0_5,Bangs,m3_seed0,r18_seed0,1.3406748223609544,0.08323773744791652
clean_s0,fixed_0_5,Wearing_Hat,m3_seed0,r18_seed0,0.01661043856505673,0.3829669341583797
clean_s0,fixed_0_5,Mustache,m3_seed0,r18_seed0,11.301735466855922,-2.079717006444848
clean_s0,fixed_0_5,No_Beard,m3_seed0,r18_seed0,0.05029657600517101,-0.007415721839043599
clean_s0,fixed_0_5,Black_Hair,m3_seed0,r18_seed0,0.6260255707508655,-0.09524987790576755
clean_s0,fixed_0_5,Bushy_Eyebrows,m3_seed0,r18_seed0,1.8548167916369818,-0.007298735277094792
clean_s0,fixed_0_5,Arched_Eyebrows,m3_seed0,r18_seed0,0.8509737178797439,0.40144617988230324
clean_s0,fixed_0_5,High_Cheekbones,m3_seed0,r18_seed0,-0.31526508826061894,-0.05626349965774935
clean_s0,fixed_0_5,Bags_Under_Eyes,m3_seed0,r18_seed0,5.111795124489205,0.2922374340343148
clean_s0,fixed_0_5,Big_Lips,m3_seed0,r18_seed0,4.177843145481469,-0.1320848196255886
clean_s0,fixed_0_5,Big_Nose,m3_seed0,r18_seed0,5.782987717225774,-0.006641176494814882
clean_s0,fixed_0_5,Double_Chin,m3_seed0,r18_seed0,1.627080547236509,0.8265524118483358
clean_s0,fixed_0_5,Oval_Face,m3_seed0,r18_seed0,-1.501204908552145,0.2602572054848262
clean_s0,fixed_0_5,Receding_Hairline,m3_seed0,r18_seed0,7.743538155909291,2.0177687135936595
clean_s0,fixed_0_5,Blond_Hair,m3_seed0,r18_seed0,0.08320635589195158,0.27083843896557047
clean_s0,fixed_0_5,Brown_Hair,m3_seed0,r18_seed0,-2.2412540700650463,-0.2782019838306504
clean_s0,fixed_0_5,Gray_Hair,m3_seed0,r18_seed0,0.16665537932248897,-0.7579911629503222
clean_s0,fixed_0_5,Bald,m3_seed0,r18_seed0,0.7384431288575355,-0.5896234506404752
clean_s0,fixed_0_5,Straight_Hair,m3_seed0,r18_seed0,-3.145661597215399,-0.8313228863498612
clean_s0,fixed_0_5,Wavy_Hair,m3_seed0,r18_seed0,-2.2001319828698684,-0.013886070585966692
clean_s0,fixed_0_5,Sideburns,m3_seed0,r18_seed0,0.5564340406024493,0.38193031335473915
clean_s0,fixed_0_5,Smiling,oracle_seed0,m3_seed0,-0.18493893670969985,-0.04839372730507385
clean_s0,fixed_0_5,Mouth_Slightly_Open,oracle_seed0,m3_seed0,-0.5117195408333441,-0.14557429630065455
clean_s0,fixed_0_5,Eyeglasses,oracle_seed0,m3_seed0,0.1479910550755803,-0.030399044906870287
clean_s0,fixed_0_5,Bangs,oracle_seed0,m3_seed0,-1.7029356006561858,-0.20395190153363885
clean_s0,fixed_0_5,Wearing_Hat,oracle_seed0,m3_seed0,-0.08001346149223432,0.009800864730724612
clean_s0,fixed_0_5,Mustache,oracle_seed0,m3_seed0,1.1377465555009403,-0.07506188056265461
clean_s0,fixed_0_5,No_Beard,oracle_seed0,m3_seed0,-0.004350442464107207,0.009830632896257185
clean_s0,fixed_0_5,Black_Hair,oracle_seed0,m3_seed0,0.7287494344515588,0.19386715375447894
clean_s0,fixed_0_5,Bushy_Eyebrows,oracle_seed0,m3_seed0,2.6039543367046947,0.43362455872668626
clean_s0,fixed_0_5,Arched_Eyebrows,oracle_seed0,m3_seed0,-0.7245535120752655,-0.4846887618495721
clean_s0,fixed_0_5,High_Cheekbones,oracle_seed0,m3_seed0,0.19228999658993384,-0.13507228513357505
clean_s0,fixed_0_5,Bags_Under_Eyes,oracle_seed0,m3_seed0,-1.077512299857708,-0.11199887878250436
clean_s0,fixed_0_5,Big_Lips,oracle_seed0,m3_seed0,16.03077946237012,0.832692906528143
clean_s0,fixed_0_5,Big_Nose,oracle_seed0,m3_seed0,-0.3326933454970704,0.45630934620787267
clean_s0,fixed_0_5,Double_Chin,oracle_seed0,m3_seed0,2.4076979947794785,-0.4126449543619293
clean_s0,fixed_0_5,Oval_Face,oracle_seed0,m3_seed0,-9.363328157636042,-0.3311547157341166
clean_s0,fixed_0_5,Receding_Hairline,oracle_seed0,m3_seed0,0.43549037357086817,0.2692170965480689
clean_s0,fixed_0_5,Blond_Hair,oracle_seed0,m3_seed0,0.10110194626659075,0.00976833162180668
clean_s0,fixed_0_5,Brown_Hair,oracle_seed0,m3_seed0,1.7022369963546446,0.5182040987168457
clean_s0,fixed_0_5,Gray_Hair,oracle_seed0,m3_seed0,0.4264953479109379,0.3063694654102833
clean_s0,fixed_0_5,Bald,oracle_seed0,m3_seed0,-0.6258897276087749,0.10069684529168121
clean_s0,fixed_0_5,Straight_Hair,oracle_seed0,m3_seed0,-3.315857297166136,1.1870160330894053
clean_s0,fixed_0_5,Wavy_Hair,oracle_seed0,m3_seed0,3.778845056358049,-0.28175834496768637
clean_s0,fixed_0_5,Sideburns,oracle_seed0,m3_seed0,-1.149799155218345,-0.26129713828413337
clean_s0,fixed_0_5,Smiling,oracle_seed0,r18_seed0,0.13929512530506116,-0.047547690627880446
clean_s0,fixed_0_5,Mouth_Slightly_Open,oracle_seed0,r18_seed0,-0.24840848952727423,-0.08359810850269156
clean_s0,fixed_0_5,Eyeglasses,oracle_seed0,r18_seed0,0.04230317273794526,-0.026528299210493156
clean_s0,fixed_0_5,Bangs,oracle_seed0,r18_seed0,-0.3622607782952314,-0.12071416408572233
clean_s0,fixed_0_5,Wearing_Hat,oracle_seed0,r18_seed0,-0.06340302292717759,0.3927677988891043
clean_s0,fixed_0_5,Mustache,oracle_seed0,r18_seed0,12.439482022356863,-2.1547788870075024
clean_s0,fixed_0_5,No_Beard,oracle_seed0,r18_seed0,0.045946133541063805,0.002414911057213587
clean_s0,fixed_0_5,Black_Hair,oracle_seed0,r18_seed0,1.3547750052024243,0.09861727584871138
clean_s0,fixed_0_5,Bushy_Eyebrows,oracle_seed0,r18_seed0,4.458771128341676,0.42632582344959147
clean_s0,fixed_0_5,Arched_Eyebrows,oracle_seed0,r18_seed0,0.12642020580447833,-0.08324258196726886
clean_s0,fixed_0_5,High_Cheekbones,oracle_seed0,r18_seed0,-0.1229750916706851,-0.1913357847913244
clean_s0,fixed_0_5,Bags_Under_Eyes,oracle_seed0,r18_seed0,4.034282824631497,0.18023855525181043
clean_s0,fixed_0_5,Big_Lips,oracle_seed0,r18_seed0,20.208622607851588,0.7006080869025544
clean_s0,fixed_0_5,Big_Nose,oracle_seed0,r18_seed0,5.450294371728703,0.4496681697130578
clean_s0,fixed_0_5,Double_Chin,oracle_seed0,r18_seed0,4.034778542015988,0.41390745748640656
clean_s0,fixed_0_5,Oval_Face,oracle_seed0,r18_seed0,-10.864533066188187,-0.07089751024929036
clean_s0,fixed_0_5,Receding_Hairline,oracle_seed0,r18_seed0,8.17902852948016,2.2869858101417284
clean_s0,fixed_0_5,Blond_Hair,oracle_seed0,r18_seed0,0.18430830215854233,0.28060677058737715
clean_s0,fixed_0_5,Brown_Hair,oracle_seed0,r18_seed0,-0.5390170737104016,0.24000211488619527
clean_s0,fixed_0_5,Gray_Hair,oracle_seed0,r18_seed0,0.5931507272334269,-0.4516216975400389
clean_s0,fixed_0_5,Bald,oracle_seed0,r18_seed0,0.11255340124876057,-0.48892660534879395
clean_s0,fixed_0_5,Straight_Hair,oracle_seed0,r18_seed0,-6.461518894381535,0.3556931467395441
clean_s0,fixed_0_5,Wavy_Hair,oracle_seed0,r18_seed0,1.5787130734881805,-0.29564441555365306
clean_s0,fixed_0_5,Sideburns,oracle_seed0,r18_seed0,-0.5933651146158958,0.12063317507060578
clean_s0,fixed_0_5,Smiling,r50_seed0,r18_seed0,0.04830102778329293,0.022111704653393627
clean_s0,fixed_0_5,Mouth_Slightly_Open,r50_seed0,r18_seed0,-0.10314600527557838,0.05695772363283336
clean_s0,fixed_0_5,Eyeglasses,r50_seed0,r18_seed0,0.37183975106961364,-0.05754697853378454
clean_s0,fixed_0_5,Bangs,r50_seed0,r18_seed0,0.18506518005273476,-0.4538870411963325
clean_s0,fixed_0_5,Wearing_Hat,r50_seed0,r18_seed0,-0.6878243566050157,-0.6109778520966502
clean_s0,fixed_0_5,Mustache,r50_seed0,r18_seed0,9.19939894330355,1.0689860655272998
clean_s0,fixed_0_5,No_Beard,r50_seed0,r18_seed0,-0.0653725535942562,-0.025497529412010778
clean_s0,fixed_0_5,Black_Hair,r50_seed0,r18_seed0,-0.17946757676666758,0.04369795069709692
clean_s0,fixed_0_5,Bushy_Eyebrows,r50_seed0,r18_seed0,0.44291783422217845,0.49838844536522764
clean_s0,fixed_0_5,Arched_Eyebrows,r50_seed0,r18_seed0,2.3103999590571522,0.27462990581776925
clean_s0,fixed_0_5,High_Cheekbones,r50_seed0,r18_seed0,-0.07067383644056013,-0.04059062147967474
clean_s0,fixed_0_5,Bags_Under_Eyes,r50_seed0,r18_seed0,-0.055491663214979337,-0.6727558850426307
clean_s0,fixed_0_5,Big_Lips,r50_seed0,r18_seed0,-0.1033096320626481,-0.016503208646800882
clean_s0,fixed_0_5,Big_Nose,r50_seed0,r18_seed0,-2.201870626355773,0.23936899966789937
clean_s0,fixed_0_5,Double_Chin,r50_seed0,r18_seed0,-1.3829273123390773,-0.671068243291173
clean_s0,fixed_0_5,Oval_Face,r50_seed0,r18_seed0,-2.7701136351889866,-0.025931825419978072
clean_s0,fixed_0_5,Receding_Hairline,r50_seed0,r18_seed0,-2.48816170695354,-0.5818193956708795
clean_s0,fixed_0_5,Blond_Hair,r50_seed0,r18_seed0,0.02069207729842315,0.23514313277801513
clean_s0,fixed_0_5,Brown_Hair,r50_seed0,r18_seed0,-0.45884765373260805,0.049897741131466056
clean_s0,fixed_0_5,Gray_Hair,r50_seed0,r18_seed0,-1.315835122492215,0.49761689340407367
clean_s0,fixed_0_5,Bald,r50_seed0,r18_seed0,0.5447288940025885,0.14762484685737487
clean_s0,fixed_0_5,Straight_Hair,r50_seed0,r18_seed0,-0.21911998524559717,-0.38593054144110406
clean_s0,fixed_0_5,Wavy_Hair,r50_seed0,r18_seed0,-0.43087420779708285,-0.04485294245790694
clean_s0,fixed_0_5,Sideburns,r50_seed0,r18_seed0,0.18463821667978886,-0.3759197271961279
blur_s1,frozen_thresholds,Smiling,m3_seed0,r18_seed0,0.15139393600712703,-0.022794746790844034
blur_s1,frozen_thresholds,Mouth_Slightly_Open,m3_seed0,r18_seed0,-0.10815174770086866,0.08881073902367032
blur_s1,frozen_thresholds,Eyeglasses,m3_seed0,r18_seed0,0.0037549434785510982,0.17182943803978334
blur_s1,frozen_thresholds,Bangs,m3_seed0,r18_seed0,-0.15505717963434362,0.3017753197012363
blur_s1,frozen_thresholds,Wearing_Hat,m3_seed0,r18_seed0,-1.094013988022402,0.47948355242611873
blur_s1,frozen_thresholds,Mustache,m3_seed0,r18_seed0,-3.6768263183357575,-1.9318590725856843
blur_s1,frozen_thresholds,No_Beard,m3_seed0,r18_seed0,-0.17644685959781192,0.019955046619823946
blur_s1,frozen_thresholds,Black_Hair,m3_seed0,r18_seed0,0.6410986342145986,0.8710260590689467
blur_s1,frozen_thresholds,Bushy_Eyebrows,m3_seed0,r18_seed0,1.394623928689942,0.8926273179860389
blur_s1,frozen_thresholds,Arched_Eyebrows,m3_seed0,r18_seed0,0.40354704972832556,1.284939530033613
blur_s1,frozen_thresholds,High_Cheekbones,m3_seed0,r18_seed0,0.521848897595445,0.0840324794237235
blur_s1,frozen_thresholds,Bags_Under_Eyes,m3_seed0,r18_seed0,-9.43494730882321,0.25172825501514895
blur_s1,frozen_thresholds,Big_Lips,m3_seed0,r18_seed0,-0.7259732838179711,0.9123098545262276
blur_s1,frozen_thresholds,Big_Nose,m3_seed0,r18_seed0,-2.1857467150319887,1.233106850531429
blur_s1,frozen_thresholds,Double_Chin,m3_seed0,r18_seed0,-9.730700587707036,0.5357692790290192
blur_s1,frozen_thresholds,Oval_Face,m3_seed0,r18_seed0,0.3672969215892108,1.8771029527013483
blur_s1,frozen_thresholds,Receding_Hairline,m3_seed0,r18_seed0,1.7212333041548011,1.5940166616098206
blur_s1,frozen_thresholds,Blond_Hair,m3_seed0,r18_seed0,0.7466108620967637,0.38394226994202807
blur_s1,frozen_thresholds,Brown_Hair,m3_seed0,r18_seed0,1.3034670479100563,0.49234324031770527
blur_s1,frozen_thresholds,Gray_Hair,m3_seed0,r18_seed0,-6.0311036673832525,-1.0424165823560871
blur_s1,frozen_thresholds,Bald,m3_seed0,r18_seed0,0.7772856026884711,-1.1723971257248889
blur_s1,frozen_thresholds,Straight_Hair,m3_seed0,r18_seed0,-0.23943451552191908,0.5678214689848193
blur_s1,frozen_thresholds,Wavy_Hair,m3_seed0,r18_seed0,3.8734946624185307,0.3811570612737514
blur_s1,frozen_thresholds,Sideburns,m3_seed0,r18_seed0,-2.29427224397718,-1.6323643722022774
blur_s1,frozen_thresholds,Smiling,oracle_seed0,m3_seed0,-0.22057718614710842,0.0026370538940723165
blur_s1,frozen_thresholds,Mouth_Slightly_Open,oracle_seed0,m3_seed0,-0.4875430998368402,-0.22262394373662175
blur_s1,frozen_thresholds,Eyeglasses,oracle_seed0,m3_seed0,0.5465283370442275,-0.10803520822111334
blur_s1,frozen_thresholds,Bangs,oracle_seed0,m3_seed0,0.42736694139430265,-0.36747334374532814
blur_s1,frozen_thresholds,Wearing_Hat,oracle_seed0,m3_seed0,0.7110008581420635,-0.16119351749304123
blur_s1,frozen_thresholds,Mustache,oracle_seed0,m3_seed0,-0.9573320730480672,-0.7487936601398348
blur_s1,frozen_thresholds,No_Beard,oracle_seed0,m3_seed0,0.3582715551705973,-0.024452649349626654
blur_s1,frozen_thresholds,Black_Hair,oracle_seed0,m3_seed0,-0.14047727510239083,-0.17015615900046743
blur_s1,frozen_thresholds,Bushy_Eyebrows,oracle_seed0,m3_seed0,2.148432190144889,1.6036534686159398
blur_s1,frozen_thresholds,Arched_Eyebrows,oracle_seed0,m3_seed0,0.41743254304345,-0.7435812955138621
blur_s1,frozen_thresholds,High_Cheekbones,oracle_seed0,m3_seed0,-1.1306711401991798,-0.2585768234308228
blur_s1,frozen_thresholds,Bags_Under_Eyes,oracle_seed0,m3_seed0,10.627449424133967,-0.48067196584299365
blur_s1,frozen_thresholds,Big_Lips,oracle_seed0,m3_seed0,-0.2969185861853574,-0.04191106835694791
blur_s1,frozen_thresholds,Big_Nose,oracle_seed0,m3_seed0,3.515977408503701,-0.8350241580581064
blur_s1,frozen_thresholds,Double_Chin,oracle_seed0,m3_seed0,5.665396326525523,-0.03498465345044277
blur_s1,frozen_thresholds,Oval_Face,oracle_seed0,m3_seed0,0.23588218463957977,-1.7640439381492068
blur_s1,frozen_thresholds,Receding_Hairline,oracle_seed0,m3_seed0,0.6810629455658357,0.26833954621432454
blur_s1,frozen_thresholds,Blond_Hair,oracle_seed0,m3_seed0,-0.5026605526256334,0.039050766001913484
blur_s1,frozen_thresholds,Brown_Hair,oracle_seed0,m3_seed0,-1.313717376226542,0.16916006636265024
blur_s1,frozen_thresholds,Gray_Hair,oracle_seed0,m3_seed0,9.28923725671572,-0.4117124964444163
blur_s1,frozen_thresholds,Bald,oracle_seed0,m3_seed0,-0.847882067715322,-0.3779721162752159
blur_s1,frozen_thresholds,Straight_Hair,oracle_seed0,m3_seed0,0.1844276780338161,0.5189440557211156
blur_s1,frozen_thresholds,Wavy_Hair,oracle_seed0,m3_seed0,-2.684443694558425,-0.866226258484204
blur_s1,frozen_thresholds,Sideburns,oracle_seed0,m3_seed0,6.502681145320455,0.4203660272404819
blur_s1,frozen_thresholds,Smiling,oracle_seed0,r18_seed0,-0.06918325013998139,-0.020157692896771717
blur_s1,frozen_thresholds,Mouth_Slightly_Open,oracle_seed0,r18_seed0,-0.5956948475377088,-0.13381320471295144
blur_s1,frozen_thresholds,Eyeglasses,oracle_seed0,r18_seed0,0.5502832805227786,0.06379422981867
blur_s1,frozen_thresholds,Bangs,oracle_seed0,r18_seed0,0.272309761759959,-0.06569802404409186
blur_s1,frozen_thresholds,Wearing_Hat,oracle_seed0,r18_seed0,-0.38301312988033853,0.3182900349330775
blur_s1,frozen_thresholds,Mustache,oracle_seed0,r18_seed0,-4.634158391383824,-2.680652732725519
blur_s1,frozen_thresholds,No_Beard,oracle_seed0,r18_seed0,0.18182469557278536,-0.004497602729802708
blur_s1,frozen_thresholds,Black_Hair,oracle_seed0,r18_seed0,0.5006213591122077,0.7008699000684793
blur_s1,frozen_thresholds,Bushy_Eyebrows,oracle_seed0,r18_seed0,3.543056118834831,2.4962807866019787
blur_s1,frozen_thresholds,Arched_Eyebrows,oracle_seed0,r18_seed0,0.8209795927717756,0.541358234519751
blur_s1,frozen_thresholds,High_Cheekbones,oracle_seed0,r18_seed0,-0.6088222426037349,-0.17454434400709928
blur_s1,frozen_thresholds,Bags_Under_Eyes,oracle_seed0,r18_seed0,1.1925021153107562,-0.2289437108278447
blur_s1,frozen_thresholds,Big_Lips,oracle_seed0,r18_seed0,-1.0228918700033285,0.8703987861692797
blur_s1,frozen_thresholds,Big_Nose,oracle_seed0,r18_seed0,1.3302306934717123,0.39808269247332273
blur_s1,frozen_thresholds,Double_Chin,oracle_seed0,r18_seed0,-4.065304261181513,0.5007846255785764
blur_s1,frozen_thresholds,Oval_Face,oracle_seed0,r18_seed0,0.6031791062287906,0.11305901455214151
blur_s1,frozen_thresholds,Receding_Hairline,oracle_seed0,r18_seed0,2.402296249720637,1.8623562078241451
blur_s1,frozen_thresholds,Blond_Hair,oracle_seed0,r18_seed0,0.2439503094711304,0.42299303594394155
blur_s1,frozen_thresholds,Brown_Hair,oracle_seed0,r18_seed0,-0.010250328316485646,0.6615033066803555
blur_s1,frozen_thresholds,Gray_Hair,oracle_seed0,r18_seed0,3.258133589332468,-1.4541290788005035
blur_s1,frozen_thresholds,Bald,oracle_seed0,r18_seed0,-0.07059646502685091,-1.5503692420001047
blur_s1,frozen_thresholds,Straight_Hair,oracle_seed0,r18_seed0,-0.05500683748810298,1.086765524705935
blur_s1,frozen_thresholds,Wavy_Hair,oracle_seed0,r18_seed0,1.1890509678601058,-0.4850691972104526
blur_s1,frozen_thresholds,Sideburns,oracle_seed0,r18_seed0,4.208408901343274,-1.2119983449617955
blur_s1,frozen_thresholds,Smiling,r50_seed0,r18_seed0,0.04800414144811027,-0.030838236408869957
blur_s1,frozen_thresholds,Mouth_Slightly_Open,r50_seed0,r18_seed0,0.45907666108896406,0.019029595469877147
blur_s1,frozen_thresholds,Eyeglasses,r50_seed0,r18_seed0,1.063691198176675,0.06417894520406309
blur_s1,frozen_thresholds,Bangs,r50_seed0,r18_seed0,-0.5568599448929179,-0.3687942739706962
blur_s1,frozen_thresholds,Wearing_Hat,r50_seed0,r18_seed0,-0.8068375666859473,-0.20643023957233053
blur_s1,frozen_thresholds,Mustache,r50_seed0,r18_seed0,-3.8586170796151342,-0.8784976827331703
blur_s1,frozen_thresholds,No_Beard,r50_seed0,r18_seed0,-0.16813406861307945,-0.017496936580430056
blur_s1,frozen_thresholds,Black_Hair,r50_seed0,r18_seed0,0.3701628117954603,0.6237689893836884
blur_s1,frozen_thresholds,Bushy_Eyebrows,r50_seed0,r18_seed0,3.442779791475503,0.8245407802095706
blur_s1,frozen_thresholds,Arched_Eyebrows,r50_seed0,r18_seed0,0.6256717646653143,0.1397444031590478
blur_s1,frozen_thresholds,High_Cheekbones,r50_seed0,r18_seed0,-0.6183007658498219,-0.13299856497337448
blur_s1,frozen_thresholds,Bags_Under_Eyes,r50_seed0,r18_seed0,-0.6531844171701606,-0.5853223016308862
blur_s1,frozen_thresholds,Big_Lips,r50_seed0,r18_seed0,0.15137208210618813,-0.42870249278310624
blur_s1,frozen_thresholds,Big_Nose,r50_seed0,r18_seed0,-1.4715221763533015,0.2608424593392833
blur_s1,frozen_thresholds,Double_Chin,r50_seed0,r18_seed0,-1.792913276762026,-1.3232265834705381
blur_s1,frozen_thresholds,Oval_Face,r50_seed0,r18_seed0,0.3633054153225901,-0.6090650348981153
blur_s1,frozen_thresholds,Receding_Hairline,r50_seed0,r18_seed0,-0.2964222009357975,-0.8335977329646194
blur_s1,frozen_thresholds,Blond_Hair,r50_seed0,r18_seed0,-0.9589174765662123,0.17047769538687252
blur_s1,frozen_thresholds,Brown_Hair,r50_seed0,r18_seed0,0.3291832848017928,0.14793014465230847
blur_s1,frozen_thresholds,Gray_Hair,r50_seed0,r18_seed0,0.9354274264104068,0.2837040392933643
blur_s1,frozen_thresholds,Bald,r50_seed0,r18_seed0,-0.8556635246656397,-1.0006611094503959
blur_s1,frozen_thresholds,Straight_Hair,r50_seed0,r18_seed0,-0.31577587817033237,-0.04925774094192148
blur_s1,frozen_thresholds,Wavy_Hair,r50_seed0,r18_seed0,-2.1848763661468373,0.28748829186351355
blur_s1,frozen_thresholds,Sideburns,r50_seed0,r18_seed0,-1.0537820521478225,-0.0956615904767033
blur_s1,fixed_0_5,Smiling,m3_seed0,r18_seed0,0.04265195540681388,-0.022794746790844034
blur_s1,fixed_0_5,Mouth_Slightly_Open,m3_seed0,r18_seed0,0.7173106295885412,0.08881073902367032
blur_s1,fixed_0_5,Eyeglasses,m3_seed0,r18_seed0,1.6484028020930408,0.17182943803978334
blur_s1,fixed_0_5,Bangs,m3_seed0,r18_seed0,0.5205227357990894,0.3017753197012363
blur_s1,fixed_0_5,Wearing_Hat,m3_seed0,r18_seed0,-0.39107098629326265,0.47948355242611873
blur_s1,fixed_0_5,Mustache,m3_seed0,r18_seed0,10.974629758792293,-1.9318590725856843
blur_s1,fixed_0_5,No_Beard,m3_seed0,r18_seed0,0.5746945342092413,0.019955046619823946
blur_s1,fixed_0_5,Black_Hair,m3_seed0,r18_seed0,1.1305179765231488,0.8710260590689467
blur_s1,fixed_0_5,Bushy_Eyebrows,m3_seed0,r18_seed0,5.538375741950818,0.8926273179860389
blur_s1,fixed_0_5,Arched_Eyebrows,m3_seed0,r18_seed0,0.9966785636729592,1.284939530033613
blur_s1,fixed_0_5,High_Cheekbones,m3_seed0,r18_seed0,-0.13923654606249336,0.0840324794237235
blur_s1,fixed_0_5,Bags_Under_Eyes,m3_seed0,r18_seed0,-3.5391930299891126,0.25172825501514895
blur_s1,fixed_0_5,Big_Lips,m3_seed0,r18_seed0,6.26362636528244,0.9123098545262276
blur_s1,fixed_0_5,Big_Nose,m3_seed0,r18_seed0,8.54469651555329,1.233106850531429
blur_s1,fixed_0_5,Double_Chin,m3_seed0,r18_seed0,-4.098274000474872,0.5357692790290192
blur_s1,fixed_0_5,Oval_Face,m3_seed0,r18_seed0,0.0882997806166741,1.8771029527013483
blur_s1,fixed_0_5,Receding_Hairline,m3_seed0,r18_seed0,8.462301321018328,1.5940166616098206
blur_s1,fixed_0_5,Blond_Hair,m3_seed0,r18_seed0,0.3307755697847692,0.38394226994202807
blur_s1,fixed_0_5,Brown_Hair,m3_seed0,r18_seed0,-2.939504777310853,0.49234324031770527
blur_s1,fixed_0_5,Gray_Hair,m3_seed0,r18_seed0,-2.499082660879326,-1.0424165823560871
blur_s1,fixed_0_5,Bald,m3_seed0,r18_seed0,-0.9592400343469865,-1.1723971257248889
blur_s1,fixed_0_5,Straight_Hair,m3_seed0,r18_seed0,-3.5190362624996196,0.5678214689848193
blur_s1,fixed_0_5,Wavy_Hair,m3_seed0,r18_seed0,0.14832332750168709,0.3811570612737514
blur_s1,fixed_0_5,Sideburns,m3_seed0,r18_seed0,-3.8405280682282883,-1.6323643722022774
blur_s1,fixed_0_5,Smiling,oracle_seed0,m3_seed0,-0.13712454631199522,0.0026370538940723165
blur_s1,fixed_0_5,Mouth_Slightly_Open,oracle_seed0,m3_seed0,0.06631749394715447,-0.22262394373662175
blur_s1,fixed_0_5,Eyeglasses,oracle_seed0,m3_seed0,-0.0991057637733328,-0.10803520822111334
blur_s1,fixed_0_5,Bangs,oracle_seed0,m3_seed0,-0.8399479435553192,-0.36747334374532814
blur_s1,fixed_0_5,Wearing_Hat,oracle_seed0,m3_seed0,0.19573876560868841,-0.16119351749304123
blur_s1,fixed_0_5,Mustache,oracle_seed0,m3_seed0,3.523062810924454,-0.7487936601398348
blur_s1,fixed_0_5,No_Beard,oracle_seed0,m3_seed0,0.1544556908030459,-0.024452649349626654
blur_s1,fixed_0_5,Black_Hair,oracle_seed0,m3_seed0,-0.40105678093088626,-0.17015615900046743
blur_s1,fixed_0_5,Bushy_Eyebrows,oracle_seed0,m3_seed0,7.881248973740485,1.6036534686159398
blur_s1,fixed_0_5,Arched_Eyebrows,oracle_seed0,m3_seed0,1.9116070453121248,-0.7435812955138621
blur_s1,fixed_0_5,High_Cheekbones,oracle_seed0,m3_seed0,-0.6938786786705786,-0.2585768234308228
blur_s1,fixed_0_5,Bags_Under_Eyes,oracle_seed0,m3_seed0,11.128979053273957,-0.48067196584299365
blur_s1,fixed_0_5,Big_Lips,oracle_seed0,m3_seed0,18.474836276575633,-0.04191106835694791
blur_s1,fixed_0_5,Big_Nose,oracle_seed0,m3_seed0,3.812301323210443,-0.8350241580581064
blur_s1,fixed_0_5,Double_Chin,oracle_seed0,m3_seed0,9.196700108656586,-0.03498465345044277
blur_s1,fixed_0_5,Oval_Face,oracle_seed0,m3_seed0,-22.121183481878088,-1.7640439381492068
blur_s1,fixed_0_5,Receding_Hairline,oracle_seed0,m3_seed0,0.1624371675511882,0.26833954621432454
blur_s1,fixed_0_5,Blond_Hair,oracle_seed0,m3_seed0,-0.2835601751255523,0.039050766001913484
blur_s1,fixed_0_5,Brown_Hair,oracle_seed0,m3_seed0,6.3853494479501505,0.16916006636265024
blur_s1,fixed_0_5,Gray_Hair,oracle_seed0,m3_seed0,1.3523029376978801,-0.4117124964444163
blur_s1,fixed_0_5,Bald,oracle_seed0,m3_seed0,-0.7020157881918121,-0.3779721162752159
blur_s1,fixed_0_5,Straight_Hair,oracle_seed0,m3_seed0,-2.0811148595011097,0.5189440557211156
blur_s1,fixed_0_5,Wavy_Hair,oracle_seed0,m3_seed0,4.139956004923572,-0.866226258484204
blur_s1,fixed_0_5,Sideburns,oracle_seed0,m3_seed0,11.464448758986201,0.4203660272404819
blur_s1,fixed_0_5,Smiling,oracle_seed0,r18_seed0,-0.09447259090518134,-0.020157692896771717
blur_s1,fixed_0_5,Mouth_Slightly_Open,oracle_seed0,r18_seed0,0.7836281235356957,-0.13381320471295144
blur_s1,fixed_0_5,Eyeglasses,oracle_seed0,r18_seed0,1.549297038319708,0.06379422981867
blur_s1,fixed_0_5,Bangs,oracle_seed0,r18_seed0,-0.31942520775622985,-0.06569802404409186
blur_s1,fixed_0_5,Wearing_Hat,oracle_seed0,r18_seed0,-0.19533222068457423,0.3182900349330775
blur_s1,fixed_0_5,Mustache,oracle_seed0,r18_seed0,14.497692569716747,-2.680652732725519
blur_s1,fixed_0_5,No_Beard,oracle_seed0,r18_seed0,0.7291502250122872,-0.004497602729802708
blur_s1,fixed_0_5,Black_Hair,oracle_seed0,r18_seed0,0.7294611955922625,0.7008699000684793
blur_s1,fixed_0_5,Bushy_Eyebrows,oracle_seed0,r18_seed0,13.419624715691302,2.4962807866019787
blur_s1,fixed_0_5,Arched_Eyebrows,oracle_seed0,r18_seed0,2.908285608985084,0.541358234519751
blur_s1,fixed_0_5,High_Cheekbones,oracle_seed0,r18_seed0,-0.833115224733072,-0.17454434400709928
blur_s1,fixed_0_5,Bags_Under_Eyes,oracle_seed0,r18_seed0,7.589786023284844,-0.2289437108278447
blur_s1,fixed_0_5,Big_Lips,oracle_seed0,r18_seed0,24.738462641858074,0.8703987861692797
blur_s1,fixed_0_5,Big_Nose,oracle_seed0,r18_seed0,12.356997838763734,0.39808269247332273
blur_s1,fixed_0_5,Double_Chin,oracle_seed0,r18_seed0,5.098426108181714,0.5007846255785764
blur_s1,fixed_0_5,Oval_Face,oracle_seed0,r18_seed0,-22.03288370126141,0.11305901455214151
blur_s1,fixed_0_5,Receding_Hairline,oracle_seed0,r18_seed0,8.624738488569516,1.8623562078241451
blur_s1,fixed_0_5,Blond_Hair,oracle_seed0,r18_seed0,0.04721539465921687,0.42299303594394155
blur_s1,fixed_0_5,Brown_Hair,oracle_seed0,r18_seed0,3.4458446706392976,0.6615033066803555
blur_s1,fixed_0_5,Gray_Hair,oracle_seed0,r18_seed0,-1.1467797231814458,-1.4541290788005035
blur_s1,fixed_0_5,Bald,oracle_seed0,r18_seed0,-1.6612558225387986,-1.5503692420001047
blur_s1,fixed_0_5,Straight_Hair,oracle_seed0,r18_seed0,-5.60015112200073,1.086765524705935
blur_s1,fixed_0_5,Wavy_Hair,oracle_seed0,r18_seed0,4.28827933242526,-0.4850691972104526
blur_s1,fixed_0_5,Sideburns,oracle_seed0,r18_seed0,7.623920690757913,-1.2119983449617955
blur_s1,fixed_0_5,Smiling,r50_seed0,r18_seed0,-0.14078335326029867,-0.030838236408869957
blur_s1,fixed_0_5,Mouth_Slightly_Open,r50_seed0,r18_seed0,-0.6550354828338767,0.019029595469877147
blur_s1,fixed_0_5,Eyeglasses,r50_seed0,r18_seed0,3.08280917717656,0.06417894520406309
blur_s1,fixed_0_5,Bangs,r50_seed0,r18_seed0,0.7836909218146504,-0.3687942739706962
blur_s1,fixed_0_5,Wearing_Hat,r50_seed0,r18_seed0,-0.35974930619226964,-0.20643023957233053
blur_s1,fixed_0_5,Mustache,r50_seed0,r18_seed0,6.280789307950912,-0.8784976827331703
blur_s1,fixed_0_5,No_Beard,r50_seed0,r18_seed0,-0.11412703439275251,-0.017496936580430056
blur_s1,fixed_0_5,Black_Hair,r50_seed0,r18_seed0,0.4808627671260002,0.6237689893836884
blur_s1,fixed_0_5,Bushy_Eyebrows,r50_seed0,r18_seed0,0.8185477416393416,0.8245407802095706
blur_s1,fixed_0_5,Arched_Eyebrows,r50_seed0,r18_seed0,3.332932121176335,0.1397444031590478
blur_s1,fixed_0_5,High_Cheekbones,r50_seed0,r18_seed0,-0.8366690331677917,-0.13299856497337448
blur_s1,fixed_0_5,Bags_Under_Eyes,r50_seed0,r18_seed0,-0.5728500222602073,-0.5853223016308862
blur_s1,fixed_0_5,Big_Lips,r50_seed0,r18_seed0,-2.013644495658884,-0.42870249278310624
blur_s1,fixed_0_5,Big_Nose,r50_seed0,r18_seed0,-6.075359121405954,0.2608424593392833
blur_s1,fixed_0_5,Double_Chin,r50_seed0,r18_seed0,2.0388661406023467,-1.3232265834705381
blur_s1,fixed_0_5,Oval_Face,r50_seed0,r18_seed0,-4.611657321123452,-0.6090650348981153
blur_s1,fixed_0_5,Receding_Hairline,r50_seed0,r18_seed0,-6.838820408800123,-0.8335977329646194
blur_s1,fixed_0_5,Blond_Hair,r50_seed0,r18_seed0,-0.7679067107854709,0.17047769538687252
blur_s1,fixed_0_5,Brown_Hair,r50_seed0,r18_seed0,4.087085595929151,0.14793014465230847
blur_s1,fixed_0_5,Gray_Hair,r50_seed0,r18_seed0,-0.8116645617429308,0.2837040392933643
blur_s1,fixed_0_5,Bald,r50_seed0,r18_seed0,-0.4779124231256593,-1.0006611094503959
blur_s1,fixed_0_5,Straight_Hair,r50_seed0,r18_seed0,-0.7479965982302383,-0.04925774094192148
blur_s1,fixed_0_5,Wavy_Hair,r50_seed0,r18_seed0,-0.22218150411089654,0.28748829186351355
blur_s1,fixed_0_5,Sideburns,r50_seed0,r18_seed0,-1.1665062006926408,-0.0956615904767033
blur_s2,frozen_thresholds,Smiling,m3_seed0,r18_seed0,1.0870000074086672,-0.03703303533334479
blur_s2,frozen_thresholds,Mouth_Slightly_Open,m3_seed0,r18_seed0,-4.698496439979816,0.32410492424834736
blur_s2,frozen_thresholds,Eyeglasses,m3_seed0,r18_seed0,-1.506062491319593,0.16559998757235128
blur_s2,frozen_thresholds,Bangs,m3_seed0,r18_seed0,-10.586660663820735,0.9805469466429351
blur_s2,frozen_thresholds,Wearing_Hat,m3_seed0,r18_seed0,-4.067365059500039,0.28744289571821513
blur_s2,frozen_thresholds,Mustache,m3_seed0,r18_seed0,-8.79812958126211,-2.457772909825373
blur_s2,frozen_thresholds,No_Beard,m3_seed0,r18_seed0,-0.9971598251813041,0.029380140261159315
blur_s2,frozen_thresholds,Black_Hair,m3_seed0,r18_seed0,1.6878052264460375,1.6113282716570976
blur_s2,frozen_thresholds,Bushy_Eyebrows,m3_seed0,r18_seed0,2.919288162232794,3.8066530024992606
blur_s2,frozen_thresholds,Arched_Eyebrows,m3_seed0,r18_seed0,3.4809427217824096,1.9486081251361642
blur_s2,frozen_thresholds,High_Cheekbones,m3_seed0,r18_seed0,7.947679191260571,0.5482664068678811
blur_s2,frozen_thresholds,Bags_Under_Eyes,m3_seed0,r18_seed0,-3.146473924458151,2.0039666310129434
blur_s2,frozen_thresholds,Big_Lips,m3_seed0,r18_seed0,17.189844291353353,2.4641695162838873
blur_s2,frozen_thresholds,Big_Nose,m3_seed0,r18_seed0,-3.4587268173705885,2.3602790874949875
blur_s2,frozen_thresholds,Double_Chin,m3_seed0,r18_seed0,-9.029002450446166,0.7435858526537054
blur_s2,frozen_thresholds,Oval_Face,m3_seed0,r18_seed0,-4.553620172277684,2.1846308046389873
blur_s2,frozen_thresholds,Receding_Hairline,m3_seed0,r18_seed0,3.498857073283701,-0.627584804251835
blur_s2,frozen_thresholds,Blond_Hair,m3_seed0,r18_seed0,2.1734405564007853,0.3487148860273348
blur_s2,frozen_thresholds,Brown_Hair,m3_seed0,r18_seed0,-0.9903992686336793,-0.17962683668129031
blur_s2,frozen_thresholds,Gray_Hair,m3_seed0,r18_seed0,-12.132622622133113,-1.4826259197710079
blur_s2,frozen_thresholds,Bald,m3_seed0,r18_seed0,0.8786969318638871,-1.077659885277249
blur_s2,frozen_thresholds,Straight_Hair,m3_seed0,r18_seed0,-1.2248180526599817,-0.3272572287010833
blur_s2,frozen_thresholds,Wavy_Hair,m3_seed0,r18_seed0,8.93222664851631,0.6771162196487435
blur_s2,frozen_thresholds,Sideburns,m3_seed0,r18_seed0,0.01469566467086486,-4.085386017840564
blur_s2,frozen_thresholds,Smiling,oracle_seed0,m3_seed0,-0.13045622634300091,-0.06462261843893646
blur_s2,frozen_thresholds,Mouth_Slightly_Open,oracle_seed0,m3_seed0,3.157394855384088,-0.4199004945865781
blur_s2,frozen_thresholds,Eyeglasses,oracle_seed0,m3_seed0,3.9140153048534687,0.6037123114747467
blur_s2,frozen_thresholds,Bangs,oracle_seed0,m3_seed0,8.86982626760724,-0.9163554520710715
blur_s2,frozen_thresholds,Wearing_Hat,oracle_seed0,m3_seed0,4.429603956211158,-0.047551592109373875
blur_s2,frozen_thresholds,Mustache,oracle_seed0,m3_seed0,5.690232599540473,0.8374487915102202
blur_s2,frozen_thresholds,No_Beard,oracle_seed0,m3_seed0,1.819221700256357,-0.02174166979544978
blur_s2,frozen_thresholds,Black_Hair,oracle_seed0,m3_seed0,-6.671834644564445,-0.20916101824447475
blur_s2,frozen_thresholds,Bushy_Eyebrows,oracle_seed0,m3_seed0,0.06765899864681901,-0.04282526733107028
blur_s2,frozen_thresholds,Arched_Eyebrows,oracle_seed0,m3_seed0,0.519146085229838,-2.7095938752154547
blur_s2,frozen_thresholds,High_Cheekbones,oracle_seed0,m3_seed0,-12.07606324374627,-0.9726718657432465
blur_s2,frozen_thresholds,Bags_Under_Eyes,oracle_seed0,m3_seed0,5.487222643304055,-1.4994522068465743
blur_s2,frozen_thresholds,Big_Lips,oracle_seed0,m3_seed0,-19.068322823507888,-2.443518486989116
blur_s2,frozen_thresholds,Big_Nose,oracle_seed0,m3_seed0,5.454152343509805,-2.6063042429695926
blur_s2,frozen_thresholds,Double_Chin,oracle_seed0,m3_seed0,3.9621185484865236,-0.9664330492818007
blur_s2,frozen_thresholds,Oval_Face,oracle_seed0,m3_seed0,-9.583718014273867,-5.3153931417412315
blur_s2,frozen_thresholds,Receding_Hairline,oracle_seed0,m3_seed0,-0.09304013810704781,1.7157755291027699
blur_s2,frozen_thresholds,Blond_Hair,oracle_seed0,m3_seed0,3.2670477160916422,-0.29636487618908136
blur_s2,frozen_thresholds,Brown_Hair,oracle_seed0,m3_seed0,15.363782364347067,-0.8192699214805144
blur_s2,frozen_thresholds,Gray_Hair,oracle_seed0,m3_seed0,41.44172773438245,1.4119198786157416
blur_s2,frozen_thresholds,Bald,oracle_seed0,m3_seed0,-1.6506561370422723,-1.169799292548146
blur_s2,frozen_thresholds,Straight_Hair,oracle_seed0,m3_seed0,2.445327450315371,1.9952412161814648
blur_s2,frozen_thresholds,Wavy_Hair,oracle_seed0,m3_seed0,1.0760506842408535,-1.386192396953212
blur_s2,frozen_thresholds,Sideburns,oracle_seed0,m3_seed0,11.89789999728018,4.363434560945024
blur_s2,frozen_thresholds,Smiling,oracle_seed0,r18_seed0,0.9565437810656663,-0.10165565377228125
blur_s2,frozen_thresholds,Mouth_Slightly_Open,oracle_seed0,r18_seed0,-1.5411015845957277,-0.09579557033823072
blur_s2,frozen_thresholds,Eyeglasses,oracle_seed0,r18_seed0,2.4079528135338757,0.769312299047098
blur_s2,frozen_thresholds,Bangs,oracle_seed0,r18_seed0,-1.7168343962134958,0.06419149457186357
blur_s2,frozen_thresholds,Wearing_Hat,oracle_seed0,r18_seed0,0.3622388967111201,0.23989130360884126
blur_s2,frozen_thresholds,Mustache,oracle_seed0,r18_seed0,-3.107896981721636,-1.6203241183151529
blur_s2,frozen_thresholds,No_Beard,oracle_seed0,r18_seed0,0.822061875075053,0.007638470465709535
blur_s2,frozen_thresholds,Black_Hair,oracle_seed0,r18_seed0,-4.984029418118407,1.4021672534126228
blur_s2,frozen_thresholds,Bushy_Eyebrows,oracle_seed0,r18_seed0,2.9869471608796134,3.7638277351681904
blur_s2,frozen_thresholds,Arched_Eyebrows,oracle_seed0,r18_seed0,4.000088807012247,-0.7609857500792905
blur_s2,frozen_thresholds,High_Cheekbones,oracle_seed0,r18_seed0,-4.128384052485701,-0.4244054588753654
blur_s2,frozen_thresholds,Bags_Under_Eyes,oracle_seed0,r18_seed0,2.3407487188459037,0.504514424166369
blur_s2,frozen_thresholds,Big_Lips,oracle_seed0,r18_seed0,-1.8784785321545372,0.020651029294771472
blur_s2,frozen_thresholds,Big_Nose,oracle_seed0,r18_seed0,1.9954255261392162,-0.24602515547460513
blur_s2,frozen_thresholds,Double_Chin,oracle_seed0,r18_seed0,-5.066883901959643,-0.22284719662809538
blur_s2,frozen_thresholds,Oval_Face,oracle_seed0,r18_seed0,-14.13733818655155,-3.130762337102244
blur_s2,frozen_thresholds,Receding_Hairline,oracle_seed0,r18_seed0,3.405816935176653,1.0881907248509348
blur_s2,frozen_thresholds,Blond_Hair,oracle_seed0,r18_seed0,5.440488272492427,0.05235000983825344
blur_s2,frozen_thresholds,Brown_Hair,oracle_seed0,r18_seed0,14.373383095713388,-0.9988967581618047
blur_s2,frozen_thresholds,Gray_Hair,oracle_seed0,r18_seed0,29.309105112249334,-0.07070604115526624
blur_s2,frozen_thresholds,Bald,oracle_seed0,r18_seed0,-0.7719592051783852,-2.247459177825395
blur_s2,frozen_thresholds,Straight_Hair,oracle_seed0,r18_seed0,1.2205093976553893,1.6679839874803815
blur_s2,frozen_thresholds,Wavy_Hair,oracle_seed0,r18_seed0,10.008277332757165,-0.7090761773044685
blur_s2,frozen_thresholds,Sideburns,oracle_seed0,r18_seed0,11.912595661951046,0.2780485431044588
blur_s2,frozen_thresholds,Smiling,r50_seed0,r18_seed0,1.3848181873975074,-0.056024643570873334
blur_s2,frozen_thresholds,Mouth_Slightly_Open,r50_seed0,r18_seed0,0.10645785062810553,0.14146768925817899
blur_s2,frozen_thresholds,Eyeglasses,r50_seed0,r18_seed0,-1.062654766358473,1.2541604552643304
blur_s2,frozen_thresholds,Bangs,r50_seed0,r18_seed0,-0.05715422894984057,-0.2700030845972923
blur_s2,frozen_thresholds,Wearing_Hat,r50_seed0,r18_seed0,-3.5990182555122763,0.7767437129153842
blur_s2,frozen_thresholds,Mustache,r50_seed0,r18_seed0,-12.398614064099533,-1.784507174162342
blur_s2,frozen_thresholds,No_Beard,r50_seed0,r18_seed0,-0.08477778582018924,0.07334603798668793
blur_s2,frozen_thresholds,Black_Hair,r50_seed0,r18_seed0,1.1980729330940743,1.8553776580172876
blur_s2,frozen_thresholds,Bushy_Eyebrows,r50_seed0,r18_seed0,2.501564395409242,2.4318848459532916
blur_s2,frozen_thresholds,Arched_Eyebrows,r50_seed0,r18_seed0,3.0453325795403496,0.4609591913971922
blur_s2,frozen_thresholds,High_Cheekbones,r50_seed0,r18_seed0,-2.9914864389487317,-0.11589858104321671
blur_s2,frozen_thresholds,Bags_Under_Eyes,r50_seed0,r18_seed0,1.1102080531775236,2.016782703382547
blur_s2,frozen_thresholds,Big_Lips,r50_seed0,r18_seed0,-4.319585298134704,-0.5093023688271137
blur_s2,frozen_thresholds,Big_Nose,r50_seed0,r18_seed0,-10.736411591982192,0.5232730717677492
blur_s2,frozen_thresholds,Double_Chin,r50_seed0,r18_seed0,-1.6931839384710754,-2.288333979065915
blur_s2,frozen_thresholds,Oval_Face,r50_seed0,r18_seed0,0.6738064578834857,0.02255263030643828
blur_s2,frozen_thresholds,Receding_Hairline,r50_seed0,r18_seed0,-2.6102730148783007,0.31033502518209577
blur_s2,frozen_thresholds,Blond_Hair,r50_seed0,r18_seed0,-4.307147116154441,0.5208301552202199
blur_s2,frozen_thresholds,Brown_Hair,r50_seed0,r18_seed0,13.773119833773762,0.997352379445493
blur_s2,frozen_thresholds,Gray_Hair,r50_seed0,r18_seed0,23.242360176821062,2.4801779218042053
blur_s2,frozen_thresholds,Bald,r50_seed0,r18_seed0,4.081557934576541,-0.31117801628970376
blur_s2,frozen_thresholds,Straight_Hair,r50_seed0,r18_seed0,-0.5674100084651967,-0.37654239701984116
blur_s2,frozen_thresholds,Wavy_Hair,r50_seed0,r18_seed0,-2.9375171009828227,0.925307608070669
blur_s2,frozen_thresholds,Sideburns,r50_seed0,r18_seed0,7.509591409082146,0.6356946007146758
blur_s2,fixed_0_5,Smiling,m3_seed0,r18_seed0,-0.7919679844992089,-0.03703303533334479
blur_s2,fixed_0_5,Mouth_Slightly_Open,m3_seed0,r18_seed0,-1.171281651883238,0.32410492424834736
blur_s2,fixed_0_5,Eyeglasses,m3_seed0,r18_seed0,4.7426144899155425,0.16559998757235128
blur_s2,fixed_0_5,Bangs,m3_seed0,r18_seed0,-7.688492379211298,0.9805469466429351
blur_s2,fixed_0_5,Wearing_Hat,m3_seed0,r18_seed0,1.6027509033686882,0.28744289571821513
blur_s2,fixed_0_5,Mustache,m3_seed0,r18_seed0,3.9767833136104187,-2.457772909825373
blur_s2,fixed_0_5,No_Beard,m3_seed0,r18_seed0,0.17523586309179384,0.029380140261159315
blur_s2,fixed_0_5,Black_Hair,m3_seed0,r18_seed0,1.4925279501574074,1.6113282716570976
blur_s2,fixed_0_5,Bushy_Eyebrows,m3_seed0,r18_seed0,5.479428838658733,3.8066530024992606
blur_s2,fixed_0_5,Arched_Eyebrows,m3_seed0,r18_seed0,5.897240614334715,1.9486081251361642
blur_s2,fixed_0_5,High_Cheekbones,m3_seed0,r18_seed0,-0.2846063078231986,0.5482664068678811
blur_s2,fixed_0_5,Bags_Under_Eyes,m3_seed0,r18_seed0,-6.095126641493531e-05,2.0039666310129434
blur_s2,fixed_0_5,Big_Lips,m3_seed0,r18_seed0,29.285378085352697,2.4641695162838873
blur_s2,fixed_0_5,Big_Nose,m3_seed0,r18_seed0,11.71677673502491,2.3602790874949875
blur_s2,fixed_0_5,Double_Chin,m3_seed0,r18_seed0,0.2164425194573053,0.7435858526537054
blur_s2,fixed_0_5,Oval_Face,m3_seed0,r18_seed0,-22.042942030653805,2.1846308046389873
blur_s2,fixed_0_5,Receding_Hairline,m3_seed0,r18_seed0,15.604884587272954,-0.627584804251835
blur_s2,fixed_0_5,Blond_Hair,m3_seed0,r18_seed0,-0.5886834525689943,0.3487148860273348
blur_s2,fixed_0_5,Brown_Hair,m3_seed0,r18_seed0,-2.1904122005387063,-0.17962683668129031
blur_s2,fixed_0_5,Gray_Hair,m3_seed0,r18_seed0,-9.059545106056735,-1.4826259197710079
blur_s2,fixed_0_5,Bald,m3_seed0,r18_seed0,4.190418054346168,-1.077659885277249
blur_s2,fixed_0_5,Straight_Hair,m3_seed0,r18_seed0,-4.678720000812275,-0.3272572287010833
blur_s2,fixed_0_5,Wavy_Hair,m3_seed0,r18_seed0,0.8591875459825593,0.6771162196487435
blur_s2,fixed_0_5,Sideburns,m3_seed0,r18_seed0,0.004464973399920941,-4.085386017840564
blur_s2,fixed_0_5,Smiling,oracle_seed0,m3_seed0,0.543830153880176,-0.06462261843893646
blur_s2,fixed_0_5,Mouth_Slightly_Open,oracle_seed0,m3_seed0,4.76980902118359,-0.4199004945865781
blur_s2,fixed_0_5,Eyeglasses,oracle_seed0,m3_seed0,1.6520697527426464,0.6037123114747467
blur_s2,fixed_0_5,Bangs,oracle_seed0,m3_seed0,6.050981852672099,-0.9163554520710715
blur_s2,fixed_0_5,Wearing_Hat,oracle_seed0,m3_seed0,2.2408170033995756,-0.047551592109373875
blur_s2,fixed_0_5,Mustache,oracle_seed0,m3_seed0,15.45705314150263,0.8374487915102202
blur_s2,fixed_0_5,No_Beard,oracle_seed0,m3_seed0,1.4761851283238259,-0.02174166979544978
blur_s2,fixed_0_5,Black_Hair,oracle_seed0,m3_seed0,-7.916279487064459,-0.20916101824447475
blur_s2,fixed_0_5,Bushy_Eyebrows,oracle_seed0,m3_seed0,4.65898976656835,-0.04282526733107028
blur_s2,fixed_0_5,Arched_Eyebrows,oracle_seed0,m3_seed0,-0.7480188375435237,-2.7095938752154547
blur_s2,fixed_0_5,High_Cheekbones,oracle_seed0,m3_seed0,-6.002126787956541,-0.9726718657432465
blur_s2,fixed_0_5,Bags_Under_Eyes,oracle_seed0,m3_seed0,1.0285950040830285,-1.4994522068465743
blur_s2,fixed_0_5,Big_Lips,oracle_seed0,m3_seed0,-1.9829232499996297,-2.443518486989116
blur_s2,fixed_0_5,Big_Nose,oracle_seed0,m3_seed0,0.7191559027199174,-2.6063042429695926
blur_s2,fixed_0_5,Double_Chin,oracle_seed0,m3_seed0,1.7147290861860307,-0.9664330492818007
blur_s2,fixed_0_5,Oval_Face,oracle_seed0,m3_seed0,-14.12704845812755,-5.3153931417412315
blur_s2,fixed_0_5,Receding_Hairline,oracle_seed0,m3_seed0,-2.3413272458336634,1.7157755291027699
blur_s2,fixed_0_5,Blond_Hair,oracle_seed0,m3_seed0,2.4448190034423556,-0.29636487618908136
blur_s2,fixed_0_5,Brown_Hair,oracle_seed0,m3_seed0,10.848955370758755,-0.8192699214805144
blur_s2,fixed_0_5,Gray_Hair,oracle_seed0,m3_seed0,24.687160733672364,1.4119198786157416
blur_s2,fixed_0_5,Bald,oracle_seed0,m3_seed0,-3.6784491851979406,-1.169799292548146
blur_s2,fixed_0_5,Straight_Hair,oracle_seed0,m3_seed0,-0.6311429790287648,1.9952412161814648
blur_s2,fixed_0_5,Wavy_Hair,oracle_seed0,m3_seed0,17.65023914311191,-1.386192396953212
blur_s2,fixed_0_5,Sideburns,oracle_seed0,m3_seed0,13.882673111404346,4.363434560945024
blur_s2,fixed_0_5,Smiling,oracle_seed0,r18_seed0,-0.24813783061903294,-0.10165565377228125
blur_s2,fixed_0_5,Mouth_Slightly_Open,oracle_seed0,r18_seed0,3.5985273693003528,-0.09579557033823072
blur_s2,fixed_0_5,Eyeglasses,oracle_seed0,r18_seed0,6.3946842426581885,0.769312299047098
blur_s2,fixed_0_5,Bangs,oracle_seed0,r18_seed0,-1.6375105265391987,0.06419149457186357
blur_s2,fixed_0_5,Wearing_Hat,oracle_seed0,r18_seed0,3.8435679067682638,0.23989130360884126
blur_s2,fixed_0_5,Mustache,oracle_seed0,r18_seed0,19.43383645511305,-1.6203241183151529
blur_s2,fixed_0_5,No_Beard,oracle_seed0,r18_seed0,1.6514209914156197,0.007638470465709535
blur_s2,fixed_0_5,Black_Hair,oracle_seed0,r18_seed0,-6.4237515369070515,1.4021672534126228
blur_s2,fixed_0_5,Bushy_Eyebrows,oracle_seed0,r18_seed0,10.138418605227082,3.7638277351681904
blur_s2,fixed_0_5,Arched_Eyebrows,oracle_seed0,r18_seed0,5.14922177679119,-0.7609857500792905
blur_s2,fixed_0_5,High_Cheekbones,oracle_seed0,r18_seed0,-6.28673309577974,-0.4244054588753654
blur_s2,fixed_0_5,Bags_Under_Eyes,oracle_seed0,r18_seed0,1.0285340528166136,0.504514424166369
blur_s2,fixed_0_5,Big_Lips,oracle_seed0,r18_seed0,27.302454835353068,0.020651029294771472
blur_s2,fixed_0_5,Big_Nose,oracle_seed0,r18_seed0,12.435932637744827,-0.24602515547460513
blur_s2,fixed_0_5,Double_Chin,oracle_seed0,r18_seed0,1.9311716056433361,-0.22284719662809538
blur_s2,fixed_0_5,Oval_Face,oracle_seed0,r18_seed0,-36.16999048878136,-3.130762337102244
blur_s2,fixed_0_5,Receding_Hairline,oracle_seed0,r18_seed0,13.263557341439292,1.0881907248509348
blur_s2,fixed_0_5,Blond_Hair,oracle_seed0,r18_seed0,1.8561355508733612,0.05235000983825344
blur_s2,fixed_0_5,Brown_Hair,oracle_seed0,r18_seed0,8.65854317022005,-0.9988967581618047
blur_s2,fixed_0_5,Gray_Hair,oracle_seed0,r18_seed0,15.62761562761563,-0.07070604115526624
blur_s2,fixed_0_5,Bald,oracle_seed0,r18_seed0,0.5119688691482271,-2.247459177825395
blur_s2,fixed_0_5,Straight_Hair,oracle_seed0,r18_seed0,-5.30986297984104,1.6679839874803815
blur_s2,fixed_0_5,Wavy_Hair,oracle_seed0,r18_seed0,18.50942668909447,-0.7090761773044685
blur_s2,fixed_0_5,Sideburns,oracle_seed0,r18_seed0,13.887138084804269,0.2780485431044588
blur_s2,fixed_0_5,Smiling,r50_seed0,r18_seed0,0.21641161496367411,-0.056024643570873334
blur_s2,fixed_0_5,Mouth_Slightly_Open,r50_seed0,r18_seed0,-2.6297733942739487,0.14146768925817899
blur_s2,fixed_0_5,Eyeglasses,r50_seed0,r18_seed0,6.813386730079884,1.2541604552643304
blur_s2,fixed_0_5,Bangs,r50_seed0,r18_seed0,1.5818848501650273,-0.2700030845972923
blur_s2,fixed_0_5,Wearing_Hat,r50_seed0,r18_seed0,0.40760869565217295,0.7767437129153842
blur_s2,fixed_0_5,Mustache,r50_seed0,r18_seed0,-0.4403213337366818,-1.784507174162342
blur_s2,fixed_0_5,No_Beard,r50_seed0,r18_seed0,0.016195311767841503,0.07334603798668793
blur_s2,fixed_0_5,Black_Hair,r50_seed0,r18_seed0,1.3684719060403583,1.8553776580172876
blur_s2,fixed_0_5,Bushy_Eyebrows,r50_seed0,r18_seed0,0.21486152823123605,2.4318848459532916
blur_s2,fixed_0_5,Arched_Eyebrows,r50_seed0,r18_seed0,11.046028751960524,0.4609591913971922
blur_s2,fixed_0_5,High_Cheekbones,r50_seed0,r18_seed0,-5.842950681205017,-0.11589858104321671
blur_s2,fixed_0_5,Bags_Under_Eyes,r50_seed0,r18_seed0,0.09859481067115158,2.016782703382547
blur_s2,fixed_0_5,Big_Lips,r50_seed0,r18_seed0,-3.1308823986534486,-0.5093023688271137
blur_s2,fixed_0_5,Big_Nose,r50_seed0,r18_seed0,-3.8061479273357284,0.5232730717677492
blur_s2,fixed_0_5,Double_Chin,r50_seed0,r18_seed0,1.5024680378510895,-2.288333979065915
blur_s2,fixed_0_5,Oval_Face,r50_seed0,r18_seed0,-13.193820906724712,0.02255263030643828
blur_s2,fixed_0_5,Receding_Hairline,r50_seed0,r18_seed0,-11.996424040260093,0.31033502518209577
blur_s2,fixed_0_5,Blond_Hair,r50_seed0,r18_seed0,-4.493593725733813,0.5208301552202199
blur_s2,fixed_0_5,Brown_Hair,r50_seed0,r18_seed0,6.306259962313772,0.997352379445493
blur_s2,fixed_0_5,Gray_Hair,r50_seed0,r18_seed0,14.276110905324387,2.4801779218042053
blur_s2,fixed_0_5,Bald,r50_seed0,r18_seed0,0.44850879011753,-0.31117801628970376
blur_s2,fixed_0_5,Straight_Hair,r50_seed0,r18_seed0,-6.0838404379913555,-0.37654239701984116
blur_s2,fixed_0_5,Wavy_Hair,r50_seed0,r18_seed0,1.985421081188088,0.925307608070669
blur_s2,fixed_0_5,Sideburns,r50_seed0,r18_seed0,3.4524837113926052,0.6356946007146758
blur_s3,frozen_thresholds,Smiling,m3_seed0,r18_seed0,4.936746658177171,0.46508071041579946
blur_s3,frozen_thresholds,Mouth_Slightly_Open,m3_seed0,r18_seed0,-24.13194852044402,2.890238587011429
blur_s3,frozen_thresholds,Eyeglasses,m3_seed0,r18_seed0,-7.5712185903268665,-0.2856681762530733
blur_s3,frozen_thresholds,Bangs,m3_seed0,r18_seed0,-49.59293013300582,4.120908421352942
blur_s3,frozen_thresholds,Wearing_Hat,m3_seed0,r18_seed0,-11.2320379484262,-0.22458545296187848
blur_s3,frozen_thresholds,Mustache,m3_seed0,r18_seed0,-11.886538202398599,-0.3393955379951408
blur_s3,frozen_thresholds,No_Beard,m3_seed0,r18_seed0,-0.6324286846918992,0.0697187220521367
blur_s3,frozen_thresholds,Black_Hair,m3_seed0,r18_seed0,5.624899474329226,1.5929265839428997
blur_s3,frozen_thresholds,Bushy_Eyebrows,m3_seed0,r18_seed0,-0.23139186471778128,1.8574540682885499
blur_s3,frozen_thresholds,Arched_Eyebrows,m3_seed0,r18_seed0,1.6238833057767799,2.353668875636139
blur_s3,frozen_thresholds,High_Cheekbones,m3_seed0,r18_seed0,12.818430838116345,1.4288400421139769
blur_s3,frozen_thresholds,Bags_Under_Eyes,m3_seed0,r18_seed0,0.0,2.519902090425241
blur_s3,frozen_thresholds,Big_Lips,m3_seed0,r18_seed0,26.766428820764997,1.7298904328385878
blur_s3,frozen_thresholds,Big_Nose,m3_seed0,r18_seed0,-1.304924025389341,3.555075003806607
blur_s3,frozen_thresholds,Double_Chin,m3_seed0,r18_seed0,0.0,0.27051339777541816
blur_s3,frozen_thresholds,Oval_Face,m3_seed0,r18_seed0,-25.82086516997162,0.12960674739344036
blur_s3,frozen_thresholds,Receding_Hairline,m3_seed0,r18_seed0,8.788720414473078,-2.4547061325726927
blur_s3,frozen_thresholds,Blond_Hair,m3_seed0,r18_seed0,-0.8726036965173378,0.6656295452035277
blur_s3,frozen_thresholds,Brown_Hair,m3_seed0,r18_seed0,-0.8261929254122176,-3.341109599693781
blur_s3,frozen_thresholds,Gray_Hair,m3_seed0,r18_seed0,0.0,-0.18259383481225022
blur_s3,frozen_thresholds,Bald,m3_seed0,r18_seed0,0.17843335514184933,2.247663406961986
blur_s3,frozen_thresholds,Straight_Hair,m3_seed0,r18_seed0,0.04717588388704064,-3.8121674875437273
blur_s3,frozen_thresholds,Wavy_Hair,m3_seed0,r18_seed0,2.9079601460605295,0.4903516004535424
blur_s3,frozen_thresholds,Sideburns,m3_seed0,r18_seed0,-0.2157497303128371,-1.3694123223674137
blur_s3,frozen_thresholds,Smiling,oracle_seed0,m3_seed0,8.338401112140359,-0.10538214100997978
blur_s3,frozen_thresholds,Mouth_Slightly_Open,oracle_seed0,m3_seed0,12.490350018165758,0.5233790745720279
blur_s3,frozen_thresholds,Eyeglasses,oracle_seed0,m3_seed0,13.617440409744564,1.0370472396931674
blur_s3,frozen_thresholds,Bangs,oracle_seed0,m3_seed0,41.53834531633763,-2.676669667308418
blur_s3,frozen_thresholds,Wearing_Hat,oracle_seed0,m3_seed0,20.795360052970903,1.9081275137265763
blur_s3,frozen_thresholds,Mustache,oracle_seed0,m3_seed0,10.580121814655998,1.3740501429995167
blur_s3,frozen_thresholds,No_Beard,oracle_seed0,m3_seed0,1.9516196243320683,0.095363056895581
blur_s3,frozen_thresholds,Black_Hair,oracle_seed0,m3_seed0,-28.241975109980515,0.8022955076756544
blur_s3,frozen_thresholds,Bushy_Eyebrows,oracle_seed0,m3_seed0,0.6922457293864142,7.333725695792381
blur_s3,frozen_thresholds,Arched_Eyebrows,oracle_seed0,m3_seed0,0.06435861223018265,-5.953203254931916
blur_s3,frozen_thresholds,High_Cheekbones,oracle_seed0,m3_seed0,-14.928989601923966,-1.7892563208469325
blur_s3,frozen_thresholds,Bags_Under_Eyes,oracle_seed0,m3_seed0,0.0,2.6891727563268963
blur_s3,frozen_thresholds,Big_Lips,oracle_seed0,m3_seed0,-28.397679413739564,-1.6290062006493855
blur_s3,frozen_thresholds,Big_Nose,oracle_seed0,m3_seed0,4.499076209523089,-3.192427838670109
blur_s3,frozen_thresholds,Double_Chin,oracle_seed0,m3_seed0,0.0,1.5048460422438792
blur_s3,frozen_thresholds,Oval_Face,oracle_seed0,m3_seed0,7.074344562985899,-2.3966708325232844
blur_s3,frozen_thresholds,Receding_Hairline,oracle_seed0,m3_seed0,-10.905385581644577,3.8477795411416715
blur_s3,frozen_thresholds,Blond_Hair,oracle_seed0,m3_seed0,28.627564685897706,-0.15914018032909816
blur_s3,frozen_thresholds,Brown_Hair,oracle_seed0,m3_seed0,15.706717826085995,0.4138572147961761
blur_s3,frozen_thresholds,Gray_Hair,oracle_seed0,m3_seed0,10.432190760059612,2.593722236580065
blur_s3,frozen_thresholds,Bald,oracle_seed0,m3_seed0,-7.966693152682325,-1.8218448170964852
blur_s3,frozen_thresholds,Straight_Hair,oracle_seed0,m3_seed0,6.533460846060802,5.213558873225955
blur_s3,frozen_thresholds,Wavy_Hair,oracle_seed0,m3_seed0,3.1499621483520217,-0.2586734156411197
blur_s3,frozen_thresholds,Sideburns,oracle_seed0,m3_seed0,0.43103448275862066,4.218908622073869
blur_s3,frozen_thresholds,Smiling,oracle_seed0,r18_seed0,13.275147770317531,0.3596985694058197
blur_s3,frozen_thresholds,Mouth_Slightly_Open,oracle_seed0,r18_seed0,-11.64159850227826,3.413617661583457
blur_s3,frozen_thresholds,Eyeglasses,oracle_seed0,r18_seed0,6.046221819417696,0.7513790634400941
blur_s3,frozen_thresholds,Bangs,oracle_seed0,r18_seed0,-8.054584816668186,1.4442387540445245
blur_s3,frozen_thresholds,Wearing_Hat,oracle_seed0,r18_seed0,9.563322104544703,1.6835420607646978
blur_s3,frozen_thresholds,Mustache,oracle_seed0,r18_seed0,-1.3064163877426012,1.034654605004376
blur_s3,frozen_thresholds,No_Beard,oracle_seed0,r18_seed0,1.319190939640169,0.1650817789477177
blur_s3,frozen_thresholds,Black_Hair,oracle_seed0,r18_seed0,-22.61707563565129,2.395222091618554
blur_s3,frozen_thresholds,Bushy_Eyebrows,oracle_seed0,r18_seed0,0.4608538646686328,9.191179764080932
blur_s3,frozen_thresholds,Arched_Eyebrows,oracle_seed0,r18_seed0,1.6882419180069628,-3.599534379295777
blur_s3,frozen_thresholds,High_Cheekbones,oracle_seed0,r18_seed0,-2.1105587638076213,-0.3604162787329557
blur_s3,frozen_thresholds,Bags_Under_Eyes,oracle_seed0,r18_seed0,0.0,5.209074846752138
blur_s3,frozen_thresholds,Big_Lips,oracle_seed0,r18_seed0,-1.6312505929745653,0.10088423218920228
blur_s3,frozen_thresholds,Big_Nose,oracle_seed0,r18_seed0,3.194152184133748,0.3626471651364982
blur_s3,frozen_thresholds,Double_Chin,oracle_seed0,r18_seed0,0.0,1.7753594400192974
blur_s3,frozen_thresholds,Oval_Face,oracle_seed0,r18_seed0,-18.74652060698572,-2.267064085129844
blur_s3,frozen_thresholds,Receding_Hairline,oracle_seed0,r18_seed0,-2.1166651671715,1.3930734085689789
blur_s3,frozen_thresholds,Blond_Hair,oracle_seed0,r18_seed0,27.75496098938037,0.5064893648744295
blur_s3,frozen_thresholds,Brown_Hair,oracle_seed0,r18_seed0,14.880524900673775,-2.927252384897605
blur_s3,frozen_thresholds,Gray_Hair,oracle_seed0,r18_seed0,10.432190760059612,2.4111284017678147
blur_s3,frozen_thresholds,Bald,oracle_seed0,r18_seed0,-7.7882597975404755,0.4258185898655009
blur_s3,frozen_thresholds,Straight_Hair,oracle_seed0,r18_seed0,6.580636729947842,1.4013913856822269
blur_s3,frozen_thresholds,Wavy_Hair,oracle_seed0,r18_seed0,6.057922294412552,0.23167818481242275
blur_s3,frozen_thresholds,Sideburns,oracle_seed0,r18_seed0,0.2152847524457836,2.8494962997064555
blur_s3,frozen_thresholds,Smiling,r50_seed0,r18_seed0,20.204143968490996,0.8011295782777039
blur_s3,frozen_thresholds,Mouth_Slightly_Open,r50_seed0,r18_seed0,-8.212548254125613,2.5038552369019085
blur_s3,frozen_thresholds,Eyeglasses,r50_seed0,r18_seed0,-7.7189477189477165,4.185518833786062
blur_s3,frozen_thresholds,Bangs,r50_seed0,r18_seed0,4.895135286305797,2.1197568902510566
blur_s3,frozen_thresholds,Wearing_Hat,r50_seed0,r18_seed0,-11.449113608638106,2.0778118675644053
blur_s3,frozen_thresholds,Mustache,r50_seed0,r18_seed0,-14.69156888099074,-0.8160839495397809
blur_s3,frozen_thresholds,No_Beard,r50_seed0,r18_seed0,-0.1498532236096417,0.25553619315255016
blur_s3,frozen_thresholds,Black_Hair,r50_seed0,r18_seed0,4.29467200535556,3.304063696189985
blur_s3,frozen_thresholds,Bushy_Eyebrows,r50_seed0,r18_seed0,0.15354766648149926,12.053908269862884
blur_s3,frozen_thresholds,Arched_Eyebrows,r50_seed0,r18_seed0,4.082555587576758,1.004208584061439
blur_s3,frozen_thresholds,High_Cheekbones,r50_seed0,r18_seed0,2.820372650136227,1.3830022754777072
blur_s3,frozen_thresholds,Bags_Under_Eyes,r50_seed0,r18_seed0,0.0,9.49040975680412
blur_s3,frozen_thresholds,Big_Lips,r50_seed0,r18_seed0,0.5845316467981171,0.4638103580487496
blur_s3,frozen_thresholds,Big_Nose,r50_seed0,r18_seed0,-2.82063810740614,2.100480648426173
blur_s3,frozen_thresholds,Double_Chin,r50_seed0,r18_seed0,0.0,0.21398732663535647
blur_s3,frozen_thresholds,Oval_Face,r50_seed0,r18_seed0,-2.519251956505447,0.568127486893083
blur_s3,frozen_thresholds,Receding_Hairline,r50_seed0,r18_seed0,-6.400239817265213,2.6957971397008396
blur_s3,frozen_thresholds,Blond_Hair,r50_seed0,r18_seed0,-4.401020232445463,1.3639962151037355
blur_s3,frozen_thresholds,Brown_Hair,r50_seed0,r18_seed0,6.559726461776306,1.6233758393745523
blur_s3,frozen_thresholds,Gray_Hair,r50_seed0,r18_seed0,4.006163328197227,9.671192680827566
blur_s3,frozen_thresholds,Bald,r50_seed0,r18_seed0,-1.6836876488529717,2.317605349731122
blur_s3,frozen_thresholds,Straight_Hair,r50_seed0,r18_seed0,0.7887295336226174,-0.6911079254858954
blur_s3,frozen_thresholds,Wavy_Hair,r50_seed0,r18_seed0,0.4017486986979849,1.0564708076731044
blur_s3,frozen_thresholds,Sideburns,r50_seed0,r18_seed0,0.2152847524457836,1.634633408622077
blur_s3,fixed_0_5,Smiling,m3_seed0,r18_seed0,-5.704428282126994,0.46508071041579946
blur_s3,fixed_0_5,Mouth_Slightly_Open,m3_seed0,r18_seed0,-13.789514399755243,2.890238587011429
blur_s3,fixed_0_5,Eyeglasses,m3_seed0,r18_seed0,5.242309538523044,-0.2856681762530733
blur_s3,fixed_0_5,Bangs,m3_seed0,r18_seed0,-30.297038120562664,4.120908421352942
blur_s3,fixed_0_5,Wearing_Hat,m3_seed0,r18_seed0,2.555319225183028,-0.22458545296187848
blur_s3,fixed_0_5,Mustache,m3_seed0,r18_seed0,-0.5147979434721223,-0.3393955379951408
blur_s3,fixed_0_5,No_Beard,m3_seed0,r18_seed0,0.3279705703052471,0.0697187220521367
blur_s3,fixed_0_5,Black_Hair,m3_seed0,r18_seed0,2.772460008564792,1.5929265839428997
blur_s3,fixed_0_5,Bushy_Eyebrows,m3_seed0,r18_seed0,0.0,1.8574540682885499
blur_s3,fixed_0_5,Arched_Eyebrows,m3_seed0,r18_seed0,0.49054949856040625,2.353668875636139
blur_s3,fixed_0_5,High_Cheekbones,m3_seed0,r18_seed0,-4.520189465279803,1.4288400421139769
blur_s3,fixed_0_5,Bags_Under_Eyes,m3_seed0,r18_seed0,0.0,2.519902090425241
blur_s3,fixed_0_5,Big_Lips,m3_seed0,r18_seed0,13.475205637740526,1.7298904328385878
blur_s3,fixed_0_5,Big_Nose,m3_seed0,r18_seed0,0.8468595624558928,3.555075003806607
blur_s3,fixed_0_5,Double_Chin,m3_seed0,r18_seed0,0.0,0.27051339777541816
blur_s3,fixed_0_5,Oval_Face,m3_seed0,r18_seed0,-21.272630378891623,0.12960674739344036
blur_s3,fixed_0_5,Receding_Hairline,m3_seed0,r18_seed0,19.0976929409939,-2.4547061325726927
blur_s3,fixed_0_5,Blond_Hair,m3_seed0,r18_seed0,-8.782753434301394,0.6656295452035277
blur_s3,fixed_0_5,Brown_Hair,m3_seed0,r18_seed0,0.0,-3.341109599693781
blur_s3,fixed_0_5,Gray_Hair,m3_seed0,r18_seed0,0.0,-0.18259383481225022
blur_s3,fixed_0_5,Bald,m3_seed0,r18_seed0,17.408950226772824,2.247663406961986
blur_s3,fixed_0_5,Straight_Hair,m3_seed0,r18_seed0,-6.537304270820754,-3.8121674875437273
blur_s3,fixed_0_5,Wavy_Hair,m3_seed0,r18_seed0,0.13231306874093574,0.4903516004535424
blur_s3,fixed_0_5,Sideburns,m3_seed0,r18_seed0,0.0,-1.3694123223674137
blur_s3,fixed_0_5,Smiling,oracle_seed0,m3_seed0,11.690540029496699,-0.10538214100997978
blur_s3,fixed_0_5,Mouth_Slightly_Open,oracle_seed0,m3_seed0,16.635629438672805,0.5233790745720279
blur_s3,fixed_0_5,Eyeglasses,oracle_seed0,m3_seed0,7.889306939268343,1.0370472396931674
blur_s3,fixed_0_5,Bangs,oracle_seed0,m3_seed0,26.884516333867413,-2.676669667308418
blur_s3,fixed_0_5,Wearing_Hat,oracle_seed0,m3_seed0,12.298103768978152,1.9081275137265763
blur_s3,fixed_0_5,Mustache,oracle_seed0,m3_seed0,7.311809637391033,1.3740501429995167
blur_s3,fixed_0_5,No_Beard,oracle_seed0,m3_seed0,1.728278193236199,0.095363056895581
blur_s3,fixed_0_5,Black_Hair,oracle_seed0,m3_seed0,-30.24519050003708,0.8022955076756544
blur_s3,fixed_0_5,Bushy_Eyebrows,oracle_seed0,m3_seed0,0.5397070161912104,7.333725695792381
blur_s3,fixed_0_5,Arched_Eyebrows,oracle_seed0,m3_seed0,0.174792896551968,-5.953203254931916
blur_s3,fixed_0_5,High_Cheekbones,oracle_seed0,m3_seed0,-3.2796115989325108,-1.7892563208469325
blur_s3,fixed_0_5,Bags_Under_Eyes,oracle_seed0,m3_seed0,0.0,2.6891727563268963
blur_s3,fixed_0_5,Big_Lips,oracle_seed0,m3_seed0,-9.334800022646931,-1.6290062006493855
blur_s3,fixed_0_5,Big_Nose,oracle_seed0,m3_seed0,0.7936372737287805,-3.192427838670109
blur_s3,fixed_0_5,Double_Chin,oracle_seed0,m3_seed0,0.0,1.5048460422438792
blur_s3,fixed_0_5,Oval_Face,oracle_seed0,m3_seed0,-0.9334326026467874,-2.3966708325232844
blur_s3,fixed_0_5,Receding_Hairline,oracle_seed0,m3_seed0,-12.106862236783114,3.8477795411416715
blur_s3,fixed_0_5,Blond_Hair,oracle_seed0,m3_seed0,20.787355782390172,-0.15914018032909816
blur_s3,fixed_0_5,Brown_Hair,oracle_seed0,m3_seed0,1.2184990307394072,0.4138572147961761
blur_s3,fixed_0_5,Gray_Hair,oracle_seed0,m3_seed0,3.0959752321981426,2.593722236580065
blur_s3,fixed_0_5,Bald,oracle_seed0,m3_seed0,-12.694392028183943,-1.8218448170964852
blur_s3,fixed_0_5,Straight_Hair,oracle_seed0,m3_seed0,6.584285090182862,5.213558873225955
blur_s3,fixed_0_5,Wavy_Hair,oracle_seed0,m3_seed0,16.81738363037864,-0.2586734156411197
blur_s3,fixed_0_5,Sideburns,oracle_seed0,m3_seed0,0.43103448275862066,4.218908622073869
blur_s3,fixed_0_5,Smiling,oracle_seed0,r18_seed0,5.986111747369705,0.3596985694058197
blur_s3,fixed_0_5,Mouth_Slightly_Open,oracle_seed0,r18_seed0,2.8461150389175627,3.413617661583457
blur_s3,fixed_0_5,Eyeglasses,oracle_seed0,r18_seed0,13.131616477791386,0.7513790634400941
blur_s3,fixed_0_5,Bangs,oracle_seed0,r18_seed0,-3.4125217866952493,1.4442387540445245
blur_s3,fixed_0_5,Wearing_Hat,oracle_seed0,r18_seed0,14.85342299416118,1.6835420607646978
blur_s3,fixed_0_5,Mustache,oracle_seed0,r18_seed0,6.79701169391891,1.034654605004376
blur_s3,fixed_0_5,No_Beard,oracle_seed0,r18_seed0,2.056248763541446,0.1650817789477177
blur_s3,fixed_0_5,Black_Hair,oracle_seed0,r18_seed0,-27.472730491472287,2.395222091618554
blur_s3,fixed_0_5,Bushy_Eyebrows,oracle_seed0,r18_seed0,0.5397070161912104,9.191179764080932
blur_s3,fixed_0_5,Arched_Eyebrows,oracle_seed0,r18_seed0,0.6653423951123743,-3.599534379295777
blur_s3,fixed_0_5,High_Cheekbones,oracle_seed0,r18_seed0,-7.799801064212314,-0.3604162787329557
blur_s3,fixed_0_5,Bags_Under_Eyes,oracle_seed0,r18_seed0,0.0,5.209074846752138
blur_s3,fixed_0_5,Big_Lips,oracle_seed0,r18_seed0,4.140405615093595,0.10088423218920228
blur_s3,fixed_0_5,Big_Nose,oracle_seed0,r18_seed0,1.6404968361846732,0.3626471651364982
blur_s3,fixed_0_5,Double_Chin,oracle_seed0,r18_seed0,0.0,1.7753594400192974
blur_s3,fixed_0_5,Oval_Face,oracle_seed0,r18_seed0,-22.20606298153841,-2.267064085129844
blur_s3,fixed_0_5,Receding_Hairline,oracle_seed0,r18_seed0,6.990830704210784,1.3930734085689789
blur_s3,fixed_0_5,Blond_Hair,oracle_seed0,r18_seed0,12.004602348088778,0.5064893648744295
blur_s3,fixed_0_5,Brown_Hair,oracle_seed0,r18_seed0,1.2184990307394072,-2.927252384897605
blur_s3,fixed_0_5,Gray_Hair,oracle_seed0,r18_seed0,3.0959752321981426,2.4111284017678147
blur_s3,fixed_0_5,Bald,oracle_seed0,r18_seed0,4.714558198588881,0.4258185898655009
blur_s3,fixed_0_5,Straight_Hair,oracle_seed0,r18_seed0,0.04698081936210796,1.4013913856822269
blur_s3,fixed_0_5,Wavy_Hair,oracle_seed0,r18_seed0,16.949696699119578,0.23167818481242275
blur_s3,fixed_0_5,Sideburns,oracle_seed0,r18_seed0,0.43103448275862066,2.8494962997064555
blur_s3,fixed_0_5,Smiling,r50_seed0,r18_seed0,12.698099754534775,0.8011295782777039
blur_s3,fixed_0_5,Mouth_Slightly_Open,r50_seed0,r18_seed0,-15.46759304995039,2.5038552369019085
blur_s3,fixed_0_5,Eyeglasses,r50_seed0,r18_seed0,9.3630362082888,4.185518833786062
blur_s3,fixed_0_5,Bangs,r50_seed0,r18_seed0,11.93066022563941,2.1197568902510566
blur_s3,fixed_0_5,Wearing_Hat,r50_seed0,r18_seed0,-2.8031568882434965,2.0778118675644053
blur_s3,fixed_0_5,Mustache,r50_seed0,r18_seed0,-0.7731958762886598,-0.8160839495397809
blur_s3,fixed_0_5,No_Beard,r50_seed0,r18_seed0,0.054501271170070975,0.25553619315255016
blur_s3,fixed_0_5,Black_Hair,r50_seed0,r18_seed0,3.640582728816033,3.304063696189985
blur_s3,fixed_0_5,Bushy_Eyebrows,r50_seed0,r18_seed0,0.0,12.053908269862884
blur_s3,fixed_0_5,Arched_Eyebrows,r50_seed0,r18_seed0,1.9450649628904735,1.004208584061439
blur_s3,fixed_0_5,High_Cheekbones,r50_seed0,r18_seed0,-3.294352669487652,1.3830022754777072
blur_s3,fixed_0_5,Bags_Under_Eyes,r50_seed0,r18_seed0,0.0,9.49040975680412
blur_s3,fixed_0_5,Big_Lips,r50_seed0,r18_seed0,-0.030552923620688167,0.4638103580487496
blur_s3,fixed_0_5,Big_Nose,r50_seed0,r18_seed0,0.0,2.100480648426173
blur_s3,fixed_0_5,Double_Chin,r50_seed0,r18_seed0,0.0,0.21398732663535647
blur_s3,fixed_0_5,Oval_Face,r50_seed0,r18_seed0,-16.283006979334836,0.568127486893083
blur_s3,fixed_0_5,Receding_Hairline,r50_seed0,r18_seed0,-6.231202627221655,2.6957971397008396
blur_s3,fixed_0_5,Blond_Hair,r50_seed0,r18_seed0,-5.553950454579848,1.3639962151037355
blur_s3,fixed_0_5,Brown_Hair,r50_seed0,r18_seed0,0.11142061281337048,1.6233758393745523
blur_s3,fixed_0_5,Gray_Hair,r50_seed0,r18_seed0,1.5600624024960998,9.671192680827566
blur_s3,fixed_0_5,Bald,r50_seed0,r18_seed0,-0.8568204644934074,2.317605349731122
blur_s3,fixed_0_5,Straight_Hair,r50_seed0,r18_seed0,-4.296927399281595,-0.6911079254858954
blur_s3,fixed_0_5,Wavy_Hair,r50_seed0,r18_seed0,2.714978829458507,1.0564708076731044
blur_s3,fixed_0_5,Sideburns,r50_seed0,r18_seed0,0.2157497303128371,1.634633408622077
blur_s4,frozen_thresholds,Smiling,m3_seed0,r18_seed0,5.907000827925005,5.923597829192284
blur_s4,frozen_thresholds,Mouth_Slightly_Open,m3_seed0,r18_seed0,-47.00080268031559,7.061569920973831
blur_s4,frozen_thresholds,Eyeglasses,m3_seed0,r18_seed0,-8.88055972013993,-2.47920044115153
blur_s4,frozen_thresholds,Bangs,m3_seed0,r18_seed0,-6.45109735356581,9.340069448222831
blur_s4,frozen_thresholds,Wearing_Hat,m3_seed0,r18_seed0,-11.326449704273431,-1.014380501889267
blur_s4,frozen_thresholds,Mustache,m3_seed0,r18_seed0,-0.7669088134806117,2.2476930132524164
blur_s4,frozen_thresholds,No_Beard,m3_seed0,r18_seed0,-0.08977393852788174,0.4953358438602562
blur_s4,frozen_thresholds,Black_Hair,m3_seed0,r18_seed0,14.261584130548254,2.609386451795892
blur_s4,frozen_thresholds,Bushy_Eyebrows,m3_seed0,r18_seed0,0.0,2.2352692208029765
blur_s4,frozen_thresholds,Arched_Eyebrows,m3_seed0,r18_seed0,0.0,9.71011603165206
blur_s4,frozen_thresholds,High_Cheekbones,m3_seed0,r18_seed0,0.2490141464009693,0.5080351355054913
blur_s4,frozen_thresholds,Bags_Under_Eyes,m3_seed0,r18_seed0,0.0,1.2267017591510943
blur_s4,frozen_thresholds,Big_Lips,m3_seed0,r18_seed0,3.934426229508197,2.677423949930935
blur_s4,frozen_thresholds,Big_Nose,m3_seed0,r18_seed0,-0.23596035865974516,7.359512185085753
blur_s4,frozen_thresholds,Double_Chin,m3_seed0,r18_seed0,0.0,9.747202000199753
blur_s4,frozen_thresholds,Oval_Face,m3_seed0,r18_seed0,-31.984234733308014,-1.7072299290761261
blur_s4,frozen_thresholds,Receding_Hairline,m3_seed0,r18_seed0,-6.7090913286915885,-4.500850553220603
blur_s4,frozen_thresholds,Blond_Hair,m3_seed0,r18_seed0,2.1325686250798968,1.5026469561308708
blur_s4,frozen_thresholds,Brown_Hair,m3_seed0,r18_seed0,0.0,-3.2683359993408265
blur_s4,frozen_thresholds,Gray_Hair,m3_seed0,r18_seed0,0.0,-0.09109361326785081
blur_s4,frozen_thresholds,Bald,m3_seed0,r18_seed0,-2.408064788775688,5.532014662847951
blur_s4,frozen_thresholds,Straight_Hair,m3_seed0,r18_seed0,2.5842533976960818,-4.408539079770185
blur_s4,frozen_thresholds,Wavy_Hair,m3_seed0,r18_seed0,0.0,3.0808677264109408
blur_s4,frozen_thresholds,Sideburns,m3_seed0,r18_seed0,0.0,2.5601540885705374
blur_s4,frozen_thresholds,Smiling,oracle_seed0,m3_seed0,15.00894820691151,-0.2984109705374993
blur_s4,frozen_thresholds,Mouth_Slightly_Open,oracle_seed0,m3_seed0,2.511368029793212,5.468730568020364
blur_s4,frozen_thresholds,Eyeglasses,oracle_seed0,m3_seed0,22.24515627401521,0.9941251974817322
blur_s4,frozen_thresholds,Bangs,oracle_seed0,m3_seed0,7.8637785092503885,-4.973585046009498
blur_s4,frozen_thresholds,Wearing_Hat,oracle_seed0,m3_seed0,39.84312829732677,6.236365826452861
blur_s4,frozen_thresholds,Mustache,oracle_seed0,m3_seed0,0.5134685600403582,3.694912781570342
blur_s4,frozen_thresholds,No_Beard,oracle_seed0,m3_seed0,0.8577590063823304,0.19922127382727695
blur_s4,frozen_thresholds,Black_Hair,oracle_seed0,m3_seed0,-55.81571799766791,0.5553026880203649
blur_s4,frozen_thresholds,Bushy_Eyebrows,oracle_seed0,m3_seed0,0.0,8.106093662123959
blur_s4,frozen_thresholds,Arched_Eyebrows,oracle_seed0,m3_seed0,0.0,-12.194715628889629
blur_s4,frozen_thresholds,High_Cheekbones,oracle_seed0,m3_seed0,-0.18670239870156835,1.3380047683601903
blur_s4,frozen_thresholds,Bags_Under_Eyes,oracle_seed0,m3_seed0,0.0,4.653517234211801
blur_s4,frozen_thresholds,Big_Lips,oracle_seed0,m3_seed0,-3.934426229508197,0.42977008205806744
blur_s4,frozen_thresholds,Big_Nose,oracle_seed0,m3_seed0,0.5655042412818096,-3.4841936725578284
blur_s4,frozen_thresholds,Double_Chin,oracle_seed0,m3_seed0,0.0,1.4561984433842823
blur_s4,frozen_thresholds,Oval_Face,oracle_seed0,m3_seed0,17.30679462975359,1.8824147668934699
blur_s4,frozen_thresholds,Receding_Hairline,oracle_seed0,m3_seed0,-7.135953819033572,7.372233156240037
blur_s4,frozen_thresholds,Blond_Hair,oracle_seed0,m3_seed0,24.33119642943472,0.37217775145121923
blur_s4,frozen_thresholds,Brown_Hair,oracle_seed0,m3_seed0,1.9774787146388355,3.1444453990462087
blur_s4,frozen_thresholds,Gray_Hair,oracle_seed0,m3_seed0,0.0,2.9587497922887893
blur_s4,frozen_thresholds,Bald,oracle_seed0,m3_seed0,-16.905038010565647,-1.6195276070568587
blur_s4,frozen_thresholds,Straight_Hair,oracle_seed0,m3_seed0,22.12804341737613,4.750539116190416
blur_s4,frozen_thresholds,Wavy_Hair,oracle_seed0,m3_seed0,0.11002613120616146,2.0789941886755314
blur_s4,frozen_thresholds,Sideburns,oracle_seed0,m3_seed0,0.0,3.484241187043491
blur_s4,frozen_thresholds,Smiling,oracle_seed0,r18_seed0,20.915949034836515,5.625186858654785
blur_s4,frozen_thresholds,Mouth_Slightly_Open,oracle_seed0,r18_seed0,-44.489434650522384,12.530300488994195
blur_s4,frozen_thresholds,Eyeglasses,oracle_seed0,r18_seed0,13.36459655387528,-1.4850752436697978
blur_s4,frozen_thresholds,Bangs,oracle_seed0,r18_seed0,1.4126811556845782,4.366484402213333
blur_s4,frozen_thresholds,Wearing_Hat,oracle_seed0,r18_seed0,28.516678593053335,5.221985324563594
blur_s4,frozen_thresholds,Mustache,oracle_seed0,r18_seed0,-0.25344025344025345,5.942605794822758
blur_s4,frozen_thresholds,No_Beard,oracle_seed0,r18_seed0,0.7679850678544486,0.6945571176875331
blur_s4,frozen_thresholds,Black_Hair,oracle_seed0,r18_seed0,-41.55413386711965,3.164689139816257
blur_s4,frozen_thresholds,Bushy_Eyebrows,oracle_seed0,r18_seed0,0.0,10.341362882926935
blur_s4,frozen_thresholds,Arched_Eyebrows,oracle_seed0,r18_seed0,0.0,-2.484599597237569
blur_s4,frozen_thresholds,High_Cheekbones,oracle_seed0,r18_seed0,0.06231174769940099,1.8460399038656816
blur_s4,frozen_thresholds,Bags_Under_Eyes,oracle_seed0,r18_seed0,0.0,5.880218993362895
blur_s4,frozen_thresholds,Big_Lips,oracle_seed0,r18_seed0,0.0,3.1071940319890023
blur_s4,frozen_thresholds,Big_Nose,oracle_seed0,r18_seed0,0.32954388262206447,3.8753185125279255
blur_s4,frozen_thresholds,Double_Chin,oracle_seed0,r18_seed0,0.0,11.203400443584036
blur_s4,frozen_thresholds,Oval_Face,oracle_seed0,r18_seed0,-14.677440103554423,0.17518483781734373
blur_s4,frozen_thresholds,Receding_Hairline,oracle_seed0,r18_seed0,-13.84504514772516,2.8713826030194345
blur_s4,frozen_thresholds,Blond_Hair,oracle_seed0,r18_seed0,26.463765054514614,1.87482470758209
blur_s4,frozen_thresholds,Brown_Hair,oracle_seed0,r18_seed0,1.9774787146388355,-0.12389060029461829
blur_s4,frozen_thresholds,Gray_Hair,oracle_seed0,r18_seed0,0.0,2.8676561790209387
blur_s4,frozen_thresholds,Bald,oracle_seed0,r18_seed0,-19.313102799341337,3.912487055791092
blur_s4,frozen_thresholds,Straight_Hair,oracle_seed0,r18_seed0,24.712296815072214,0.34200003642023136
blur_s4,frozen_thresholds,Wavy_Hair,oracle_seed0,r18_seed0,0.11002613120616146,5.159861915086472
blur_s4,frozen_thresholds,Sideburns,oracle_seed0,r18_seed0,0.0,6.044395275614028
blur_s4,frozen_thresholds,Smiling,r50_seed0,r18_seed0,63.54793599470824,8.884715289647538
blur_s4,frozen_thresholds,Mouth_Slightly_Open,r50_seed0,r18_seed0,-34.742648431867636,9.580532742251236
blur_s4,frozen_thresholds,Eyeglasses,r50_seed0,r18_seed0,-9.01602860643645,4.759824755755271
blur_s4,frozen_thresholds,Bangs,r50_seed0,r18_seed0,31.870126366982788,9.978238434379172
blur_s4,frozen_thresholds,Wearing_Hat,r50_seed0,r18_seed0,-11.290218467942081,2.9124806476930054
blur_s4,frozen_thresholds,Mustache,r50_seed0,r18_seed0,-1.0256410256410255,0.4240402096661211
blur_s4,frozen_thresholds,No_Beard,r50_seed0,r18_seed0,-0.014163579157544515,0.6347912929902222
blur_s4,frozen_thresholds,Black_Hair,r50_seed0,r18_seed0,10.622995843544869,5.676198892222617
blur_s4,frozen_thresholds,Bushy_Eyebrows,r50_seed0,r18_seed0,0.0,17.22989069109336
blur_s4,frozen_thresholds,Arched_Eyebrows,r50_seed0,r18_seed0,0.0,6.791580976936295
blur_s4,frozen_thresholds,High_Cheekbones,r50_seed0,r18_seed0,0.37328873751456515,8.219259877379736
blur_s4,frozen_thresholds,Bags_Under_Eyes,r50_seed0,r18_seed0,0.0,16.09547443163156
blur_s4,frozen_thresholds,Big_Lips,r50_seed0,r18_seed0,0.1530690341343946,1.4130845322243013
blur_s4,frozen_thresholds,Big_Nose,r50_seed0,r18_seed0,5.569043159303795e-05,5.463637108610609
blur_s4,frozen_thresholds,Double_Chin,r50_seed0,r18_seed0,0.0,13.758872125325098
blur_s4,frozen_thresholds,Oval_Face,r50_seed0,r18_seed0,-10.151348001957361,-0.3583644271230535
blur_s4,frozen_thresholds,Receding_Hairline,r50_seed0,r18_seed0,-14.515493901782186,5.322860953524011
blur_s4,frozen_thresholds,Blond_Hair,r50_seed0,r18_seed0,6.12458576907324,4.539421230112195
blur_s4,frozen_thresholds,Brown_Hair,r50_seed0,r18_seed0,0.44469149527515284,5.275977753035082
blur_s4,frozen_thresholds,Gray_Hair,r50_seed0,r18_seed0,0.0,17.86674841415125
blur_s4,frozen_thresholds,Bald,r50_seed0,r18_seed0,-1.9120572429559723,0.4449787494375079
blur_s4,frozen_thresholds,Straight_Hair,r50_seed0,r18_seed0,10.534505810578512,0.5585383231984986
blur_s4,frozen_thresholds,Wavy_Hair,r50_seed0,r18_seed0,0.0,3.2843623694907453
blur_s4,frozen_thresholds,Sideburns,r50_seed0,r18_seed0,0.0,1.9796800689151461
blur_s4,fixed_0_5,Smiling,m3_seed0,r18_seed0,-0.9705050790289285,5.923597829192284
blur_s4,fixed_0_5,Mouth_Slightly_Open,m3_seed0,r18_seed0,-36.666629968592595,7.061569920973831
blur_s4,fixed_0_5,Eyeglasses,m3_seed0,r18_seed0,5.003881987577639,-2.47920044115153
blur_s4,fixed_0_5,Bangs,m3_seed0,r18_seed0,-0.7046756182318512,9.340069448222831
blur_s4,fixed_0_5,Wearing_Hat,m3_seed0,r18_seed0,7.070950189616422,-1.014380501889267
blur_s4,fixed_0_5,Mustache,m3_seed0,r18_seed0,0.0,2.2476930132524164
blur_s4,fixed_0_5,No_Beard,m3_seed0,r18_seed0,0.20297817570879007,0.4953358438602562
blur_s4,fixed_0_5,Black_Hair,m3_seed0,r18_seed0,7.942300783693746,2.609386451795892
blur_s4,fixed_0_5,Bushy_Eyebrows,m3_seed0,r18_seed0,0.0,2.2352692208029765
blur_s4,fixed_0_5,Arched_Eyebrows,m3_seed0,r18_seed0,0.0,9.71011603165206
blur_s4,fixed_0_5,High_Cheekbones,m3_seed0,r18_seed0,-0.41476534886491134,0.5080351355054913
blur_s4,fixed_0_5,Bags_Under_Eyes,m3_seed0,r18_seed0,0.0,1.2267017591510943
blur_s4,fixed_0_5,Big_Lips,m3_seed0,r18_seed0,0.6105938024729048,2.677423949930935
blur_s4,fixed_0_5,Big_Nose,m3_seed0,r18_seed0,0.0,7.359512185085753
blur_s4,fixed_0_5,Double_Chin,m3_seed0,r18_seed0,0.0,9.747202000199753
blur_s4,fixed_0_5,Oval_Face,m3_seed0,r18_seed0,-17.563735532497983,-1.7072299290761261
blur_s4,fixed_0_5,Receding_Hairline,m3_seed0,r18_seed0,3.189338148848321,-4.500850553220603
blur_s4,fixed_0_5,Blond_Hair,m3_seed0,r18_seed0,0.07301971421480001,1.5026469561308708
blur_s4,fixed_0_5,Brown_Hair,m3_seed0,r18_seed0,0.0,-3.2683359993408265
blur_s4,fixed_0_5,Gray_Hair,m3_seed0,r18_seed0,0.0,-0.09109361326785081
blur_s4,fixed_0_5,Bald,m3_seed0,r18_seed0,17.38194123980926,5.532014662847951
blur_s4,fixed_0_5,Straight_Hair,m3_seed0,r18_seed0,-2.9620487604677637,-4.408539079770185
blur_s4,fixed_0_5,Wavy_Hair,m3_seed0,r18_seed0,0.0,3.0808677264109408
blur_s4,fixed_0_5,Sideburns,m3_seed0,r18_seed0,0.0,2.5601540885705374
blur_s4,fixed_0_5,Smiling,oracle_seed0,m3_seed0,21.895713973297397,-0.2984109705374993
blur_s4,fixed_0_5,Mouth_Slightly_Open,oracle_seed0,m3_seed0,8.52647962849299,5.468730568020364
blur_s4,fixed_0_5,Eyeglasses,oracle_seed0,m3_seed0,12.851862659274389,0.9941251974817322
blur_s4,fixed_0_5,Bangs,oracle_seed0,m3_seed0,2.8489275437871253,-4.973585046009498
blur_s4,fixed_0_5,Wearing_Hat,oracle_seed0,m3_seed0,24.802608023818944,6.236365826452861
blur_s4,fixed_0_5,Mustache,oracle_seed0,m3_seed0,0.0,3.694912781570342
blur_s4,fixed_0_5,No_Beard,oracle_seed0,m3_seed0,0.11013669960322492,0.19922127382727695
blur_s4,fixed_0_5,Black_Hair,oracle_seed0,m3_seed0,-56.586909660184624,0.5553026880203649
blur_s4,fixed_0_5,Bushy_Eyebrows,oracle_seed0,m3_seed0,0.0,8.106093662123959
blur_s4,fixed_0_5,Arched_Eyebrows,oracle_seed0,m3_seed0,0.0,-12.194715628889629
blur_s4,fixed_0_5,High_Cheekbones,oracle_seed0,m3_seed0,0.1453638819009466,1.3380047683601903
blur_s4,fixed_0_5,Bags_Under_Eyes,oracle_seed0,m3_seed0,0.0,4.653517234211801
blur_s4,fixed_0_5,Big_Lips,oracle_seed0,m3_seed0,-0.6105938024729048,0.42977008205806744
blur_s4,fixed_0_5,Big_Nose,oracle_seed0,m3_seed0,0.0,-3.4841936725578284
blur_s4,fixed_0_5,Double_Chin,oracle_seed0,m3_seed0,0.0,1.4561984433842823
blur_s4,fixed_0_5,Oval_Face,oracle_seed0,m3_seed0,-0.4041618494205014,1.8824147668934699
blur_s4,fixed_0_5,Receding_Hairline,oracle_seed0,m3_seed0,-3.420779839431546,7.372233156240037
blur_s4,fixed_0_5,Blond_Hair,oracle_seed0,m3_seed0,10.794027526622465,0.37217775145121923
blur_s4,fixed_0_5,Brown_Hair,oracle_seed0,m3_seed0,0.0,3.1444453990462087
blur_s4,fixed_0_5,Gray_Hair,oracle_seed0,m3_seed0,0.0,2.9587497922887893
blur_s4,fixed_0_5,Bald,oracle_seed0,m3_seed0,-24.95769881556684,-1.6195276070568587
blur_s4,fixed_0_5,Straight_Hair,oracle_seed0,m3_seed0,7.600584774155374,4.750539116190416
blur_s4,fixed_0_5,Wavy_Hair,oracle_seed0,m3_seed0,0.7949561403508772,2.0789941886755314
blur_s4,fixed_0_5,Sideburns,oracle_seed0,m3_seed0,0.0,3.484241187043491
blur_s4,fixed_0_5,Smiling,oracle_seed0,r18_seed0,20.92520889426847,5.625186858654785
blur_s4,fixed_0_5,Mouth_Slightly_Open,oracle_seed0,r18_seed0,-28.140150340099613,12.530300488994195
blur_s4,fixed_0_5,Eyeglasses,oracle_seed0,r18_seed0,17.855744646852028,-1.4850752436697978
blur_s4,fixed_0_5,Bangs,oracle_seed0,r18_seed0,2.1442519255552743,4.366484402213333
blur_s4,fixed_0_5,Wearing_Hat,oracle_seed0,r18_seed0,31.873558213435366,5.221985324563594
blur_s4,fixed_0_5,Mustache,oracle_seed0,r18_seed0,0.0,5.942605794822758
blur_s4,fixed_0_5,No_Beard,oracle_seed0,r18_seed0,0.313114875312015,0.6945571176875331
blur_s4,fixed_0_5,Black_Hair,oracle_seed0,r18_seed0,-48.64460887649088,3.164689139816257
blur_s4,fixed_0_5,Bushy_Eyebrows,oracle_seed0,r18_seed0,0.0,10.341362882926935
blur_s4,fixed_0_5,Arched_Eyebrows,oracle_seed0,r18_seed0,0.0,-2.484599597237569
blur_s4,fixed_0_5,High_Cheekbones,oracle_seed0,r18_seed0,-0.2694014669639648,1.8460399038656816
blur_s4,fixed_0_5,Bags_Under_Eyes,oracle_seed0,r18_seed0,0.0,5.880218993362895
blur_s4,fixed_0_5,Big_Lips,oracle_seed0,r18_seed0,0.0,3.1071940319890023
blur_s4,fixed_0_5,Big_Nose,oracle_seed0,r18_seed0,0.0,3.8753185125279255
blur_s4,fixed_0_5,Double_Chin,oracle_seed0,r18_seed0,0.0,11.203400443584036
blur_s4,fixed_0_5,Oval_Face,oracle_seed0,r18_seed0,-17.967897381918483,0.17518483781734373
blur_s4,fixed_0_5,Receding_Hairline,oracle_seed0,r18_seed0,-0.23144169058322492,2.8713826030194345
blur_s4,fixed_0_5,Blond_Hair,oracle_seed0,r18_seed0,10.867047240837264,1.87482470758209
blur_s4,fixed_0_5,Brown_Hair,oracle_seed0,r18_seed0,0.0,-0.12389060029461829
blur_s4,fixed_0_5,Gray_Hair,oracle_seed0,r18_seed0,0.0,2.8676561790209387
blur_s4,fixed_0_5,Bald,oracle_seed0,r18_seed0,-7.575757575757577,3.912487055791092
blur_s4,fixed_0_5,Straight_Hair,oracle_seed0,r18_seed0,4.63853601368761,0.34200003642023136
blur_s4,fixed_0_5,Wavy_Hair,oracle_seed0,r18_seed0,0.7949561403508772,5.159861915086472
blur_s4,fixed_0_5,Sideburns,oracle_seed0,r18_seed0,0.0,6.044395275614028
blur_s4,fixed_0_5,Smiling,r50_seed0,r18_seed0,65.30550529241927,8.884715289647538
blur_s4,fixed_0_5,Mouth_Slightly_Open,r50_seed0,r18_seed0,-35.141977627343266,9.580532742251236
blur_s4,fixed_0_5,Eyeglasses,r50_seed0,r18_seed0,7.540994417781409,4.759824755755271
blur_s4,fixed_0_5,Bangs,r50_seed0,r18_seed0,12.240608026235211,9.978238434379172
blur_s4,fixed_0_5,Wearing_Hat,r50_seed0,r18_seed0,2.9351386658415954,2.9124806476930054
blur_s4,fixed_0_5,Mustache,r50_seed0,r18_seed0,0.0,0.4240402096661211
blur_s4,fixed_0_5,No_Beard,r50_seed0,r18_seed0,0.012452146847596879,0.6347912929902222
blur_s4,fixed_0_5,Black_Hair,r50_seed0,r18_seed0,9.794261525552471,5.676198892222617
blur_s4,fixed_0_5,Bushy_Eyebrows,r50_seed0,r18_seed0,0.0,17.22989069109336
blur_s4,fixed_0_5,Arched_Eyebrows,r50_seed0,r18_seed0,0.0,6.791580976936295
blur_s4,fixed_0_5,High_Cheekbones,r50_seed0,r18_seed0,0.22738826997369685,8.219259877379736
blur_s4,fixed_0_5,Bags_Under_Eyes,r50_seed0,r18_seed0,0.0,16.09547443163156
blur_s4,fixed_0_5,Big_Lips,r50_seed0,r18_seed0,0.0,1.4130845322243013
blur_s4,fixed_0_5,Big_Nose,r50_seed0,r18_seed0,0.0,5.463637108610609
blur_s4,fixed_0_5,Double_Chin,r50_seed0,r18_seed0,0.0,13.758872125325098
blur_s4,fixed_0_5,Oval_Face,r50_seed0,r18_seed0,-16.235286152100553,-0.3583644271230535
blur_s4,fixed_0_5,Receding_Hairline,r50_seed0,r18_seed0,-1.1709601873536302,5.322860953524011
blur_s4,fixed_0_5,Blond_Hair,r50_seed0,r18_seed0,6.210567976763063,4.539421230112195
blur_s4,fixed_0_5,Brown_Hair,r50_seed0,r18_seed0,0.0,5.275977753035082
blur_s4,fixed_0_5,Gray_Hair,r50_seed0,r18_seed0,0.0,17.86674841415125
blur_s4,fixed_0_5,Bald,r50_seed0,r18_seed0,-4.366647844908717,0.4449787494375079
blur_s4,fixed_0_5,Straight_Hair,r50_seed0,r18_seed0,1.5374770425104287,0.5585383231984986
blur_s4,fixed_0_5,Wavy_Hair,r50_seed0,r18_seed0,0.21993127147766323,3.2843623694907453
blur_s4,fixed_0_5,Sideburns,r50_seed0,r18_seed0,0.0,1.9796800689151461
brightness_s1,frozen_thresholds,Smiling,m3_seed0,r18_seed0,0.05861665482066458,0.006410881547047609
brightness_s1,frozen_thresholds,Mouth_Slightly_Open,m3_seed0,r18_seed0,0.15025957585055316,0.04588259366646863
brightness_s1,frozen_thresholds,Eyeglasses,m3_seed0,r18_seed0,-0.08766266458961613,0.05368203138592653
brightness_s1,frozen_thresholds,Bangs,m3_seed0,r18_seed0,0.1776103950741459,0.03189250149902012
brightness_s1,frozen_thresholds,Wearing_Hat,m3_seed0,r18_seed0,0.5086980708345124,0.26047118822315474
brightness_s1,frozen_thresholds,Mustache,m3_seed0,r18_seed0,-1.8933261257596645,-2.2511578831486134
brightness_s1,frozen_thresholds,No_Beard,m3_seed0,r18_seed0,-0.06935217432536556,-0.006800823868879924
brightness_s1,frozen_thresholds,Black_Hair,m3_seed0,r18_seed0,0.2770791673926021,-0.20005176219065612
brightness_s1,frozen_thresholds,Bushy_Eyebrows,m3_seed0,r18_seed0,0.1053950288450789,0.27396594656373674
brightness_s1,frozen_thresholds,Arched_Eyebrows,m3_seed0,r18_seed0,0.5390519415100159,0.45443534751014036
brightness_s1,frozen_thresholds,High_Cheekbones,m3_seed0,r18_seed0,-0.11174277230763252,-0.042772098615628806
brightness_s1,frozen_thresholds,Bags_Under_Eyes,m3_seed0,r18_seed0,0.9366892532043036,0.433465807094624
brightness_s1,frozen_thresholds,Big_Lips,m3_seed0,r18_seed0,0.7870968754546737,-0.3097806558879923
brightness_s1,frozen_thresholds,Big_Nose,m3_seed0,r18_seed0,0.6192570369067174,-0.11572974707410033
brightness_s1,frozen_thresholds,Double_Chin,m3_seed0,r18_seed0,-0.43954885632970786,0.8911341344145396
brightness_s1,frozen_thresholds,Oval_Face,m3_seed0,r18_seed0,-0.16450219848822556,0.348642254768905
brightness_s1,frozen_thresholds,Receding_Hairline,m3_seed0,r18_seed0,2.168648816336971,1.607051676307858
brightness_s1,frozen_thresholds,Blond_Hair,m3_seed0,r18_seed0,-0.5026714750353878,0.08151613570395178
brightness_s1,frozen_thresholds,Brown_Hair,m3_seed0,r18_seed0,0.17712934224974886,-0.0849309906303386
brightness_s1,frozen_thresholds,Gray_Hair,m3_seed0,r18_seed0,0.8037459960270388,-0.7926406718087975
brightness_s1,frozen_thresholds,Bald,m3_seed0,r18_seed0,-1.2183362385491225,-1.002118924563855
brightness_s1,frozen_thresholds,Straight_Hair,m3_seed0,r18_seed0,-0.8245761290969877,-1.1265456499209292
brightness_s1,frozen_thresholds,Wavy_Hair,m3_seed0,r18_seed0,-1.0017968656960141,0.014614682860847328
brightness_s1,frozen_thresholds,Sideburns,m3_seed0,r18_seed0,0.6775812181811558,0.3429395433290017
brightness_s1,frozen_thresholds,Smiling,oracle_seed0,m3_seed0,-0.34393527867212503,-0.07718106289902327
brightness_s1,frozen_thresholds,Mouth_Slightly_Open,oracle_seed0,m3_seed0,-0.4513697318520138,-0.11003689321990029
brightness_s1,frozen_thresholds,Eyeglasses,oracle_seed0,m3_seed0,0.0,-0.05841034951368229
brightness_s1,frozen_thresholds,Bangs,oracle_seed0,m3_seed0,0.3306688960133308,-0.08981006503843147
brightness_s1,frozen_thresholds,Wearing_Hat,oracle_seed0,m3_seed0,-0.20292101786160144,-0.023924085849713617
brightness_s1,frozen_thresholds,Mustache,oracle_seed0,m3_seed0,-0.9327226718531145,0.19579633696037435
brightness_s1,frozen_thresholds,No_Beard,oracle_seed0,m3_seed0,-0.06611154641112948,0.011490218648213535
brightness_s1,frozen_thresholds,Black_Hair,oracle_seed0,m3_seed0,0.9310656930155758,0.43506474163582665
brightness_s1,frozen_thresholds,Bushy_Eyebrows,oracle_seed0,m3_seed0,-0.0966409688429537,0.23389695077721262
brightness_s1,frozen_thresholds,Arched_Eyebrows,oracle_seed0,m3_seed0,-0.6993413426652273,-0.3564499985551528
brightness_s1,frozen_thresholds,High_Cheekbones,oracle_seed0,m3_seed0,-0.20672526741514208,-0.16122468965054093
brightness_s1,frozen_thresholds,Bags_Under_Eyes,oracle_seed0,m3_seed0,0.007165282317400656,0.01625363448494177
brightness_s1,frozen_thresholds,Big_Lips,oracle_seed0,m3_seed0,-5.169803811059648,1.1119126077444363
brightness_s1,frozen_thresholds,Big_Nose,oracle_seed0,m3_seed0,0.060381345136706344,0.5908905778147622
brightness_s1,frozen_thresholds,Double_Chin,oracle_seed0,m3_seed0,-0.7939578269556269,-0.23288603885781578
brightness_s1,frozen_thresholds,Oval_Face,oracle_seed0,m3_seed0,-0.5009088610649415,-0.05560284492417411
brightness_s1,frozen_thresholds,Receding_Hairline,oracle_seed0,m3_seed0,0.5740728274786222,0.4713907211497115
brightness_s1,frozen_thresholds,Blond_Hair,oracle_seed0,m3_seed0,0.555298308255392,0.2934751912672895
brightness_s1,frozen_thresholds,Brown_Hair,oracle_seed0,m3_seed0,0.1660206681740939,0.19977573335894228
brightness_s1,frozen_thresholds,Gray_Hair,oracle_seed0,m3_seed0,0.14513814386184487,0.2455127101074539
brightness_s1,frozen_thresholds,Bald,oracle_seed0,m3_seed0,-1.8219881886164635,-0.1286061552195794
brightness_s1,frozen_thresholds,Straight_Hair,oracle_seed0,m3_seed0,0.7657652940693538,1.3968013033208604
brightness_s1,frozen_thresholds,Wavy_Hair,oracle_seed0,m3_seed0,-0.018355238243328298,-0.1448069492667292
brightness_s1,frozen_thresholds,Sideburns,oracle_seed0,m3_seed0,-0.769723338187045,-0.22861056217875486
brightness_s1,frozen_thresholds,Smiling,oracle_seed0,r18_seed0,-0.28531862385146045,-0.07077018135197566
brightness_s1,frozen_thresholds,Mouth_Slightly_Open,oracle_seed0,r18_seed0,-0.3011101560014606,-0.06415429955343166
brightness_s1,frozen_thresholds,Eyeglasses,oracle_seed0,r18_seed0,-0.08766266458961613,-0.0047283181277557595
brightness_s1,frozen_thresholds,Bangs,oracle_seed0,r18_seed0,0.5082792910874767,-0.057917563539411354
brightness_s1,frozen_thresholds,Wearing_Hat,oracle_seed0,r18_seed0,0.3057770529729109,0.23654710237344112
brightness_s1,frozen_thresholds,Mustache,oracle_seed0,r18_seed0,-2.826048797612779,-2.055361546188239
brightness_s1,frozen_thresholds,No_Beard,oracle_seed0,r18_seed0,-0.13546372073649504,0.004689394779333611
brightness_s1,frozen_thresholds,Black_Hair,oracle_seed0,r18_seed0,1.208144860408178,0.23501297944517052
brightness_s1,frozen_thresholds,Bushy_Eyebrows,oracle_seed0,r18_seed0,0.008754060002125197,0.5078628973409494
brightness_s1,frozen_thresholds,Arched_Eyebrows,oracle_seed0,r18_seed0,-0.1602894011552114,0.09798534895498756
brightness_s1,frozen_thresholds,High_Cheekbones,oracle_seed0,r18_seed0,-0.3184680397227746,-0.20399678826616974
brightness_s1,frozen_thresholds,Bags_Under_Eyes,oracle_seed0,r18_seed0,0.9438545355217043,0.4497194415795658
brightness_s1,frozen_thresholds,Big_Lips,oracle_seed0,r18_seed0,-4.382706935604974,0.802131951856444
brightness_s1,frozen_thresholds,Big_Nose,oracle_seed0,r18_seed0,0.6796383820434237,0.47516083074066184
brightness_s1,frozen_thresholds,Double_Chin,oracle_seed0,r18_seed0,-1.2335066832853347,0.6582480955567238
brightness_s1,frozen_thresholds,Oval_Face,oracle_seed0,r18_seed0,-0.665411059553167,0.29303940984473087
brightness_s1,frozen_thresholds,Receding_Hairline,oracle_seed0,r18_seed0,2.7427216438155932,2.0784423974575694
brightness_s1,frozen_thresholds,Blond_Hair,oracle_seed0,r18_seed0,0.052626833220004166,0.37499132697124127
brightness_s1,frozen_thresholds,Brown_Hair,oracle_seed0,r18_seed0,0.34315001042384274,0.11484474272860368
brightness_s1,frozen_thresholds,Gray_Hair,oracle_seed0,r18_seed0,0.9488841398888836,-0.5471279617013436
brightness_s1,frozen_thresholds,Bald,oracle_seed0,r18_seed0,-3.040324427165586,-1.1307250797834345
brightness_s1,frozen_thresholds,Straight_Hair,oracle_seed0,r18_seed0,-0.058810835027633956,0.2702556533999312
brightness_s1,frozen_thresholds,Wavy_Hair,oracle_seed0,r18_seed0,-1.0201521039393424,-0.13019226640588188
brightness_s1,frozen_thresholds,Sideburns,oracle_seed0,r18_seed0,-0.09214212000588917,0.11432898115024681
brightness_s1,frozen_thresholds,Smiling,r50_seed0,r18_seed0,-0.03910039051462366,0.011879586979701706
brightness_s1,frozen_thresholds,Mouth_Slightly_Open,r50_seed0,r18_seed0,0.15177341150449664,0.06610224153651423
brightness_s1,frozen_thresholds,Eyeglasses,r50_seed0,r18_seed0,0.07409363708390515,0.00446616676408329
brightness_s1,frozen_thresholds,Bangs,r50_seed0,r18_seed0,-0.8177830507644979,-0.4317596856074801
brightness_s1,frozen_thresholds,Wearing_Hat,r50_seed0,r18_seed0,0.20565603290496615,-0.6403776222184021
brightness_s1,frozen_thresholds,Mustache,r50_seed0,r18_seed0,0.9777550061910278,0.9760112098510243
brightness_s1,frozen_thresholds,No_Beard,r50_seed0,r18_seed0,-0.06315743211281477,-0.029008107793693227
brightness_s1,frozen_thresholds,Black_Hair,r50_seed0,r18_seed0,-0.4156923502812493,0.035105973400106905
brightness_s1,frozen_thresholds,Bushy_Eyebrows,r50_seed0,r18_seed0,-0.1551994910509169,0.47537763160223623
brightness_s1,frozen_thresholds,Arched_Eyebrows,r50_seed0,r18_seed0,0.7067747241419453,0.5897657975402537
brightness_s1,frozen_thresholds,High_Cheekbones,r50_seed0,r18_seed0,-0.3999996345616985,-0.08313246942237562
brightness_s1,frozen_thresholds,Bags_Under_Eyes,r50_seed0,r18_seed0,-0.26283741845256614,-0.5557235169077912
brightness_s1,frozen_thresholds,Big_Lips,r50_seed0,r18_seed0,2.2698291508993607,0.0861165744389214
brightness_s1,frozen_thresholds,Big_Nose,r50_seed0,r18_seed0,0.3389777889770129,0.3860564629633134
brightness_s1,frozen_thresholds,Double_Chin,r50_seed0,r18_seed0,-2.8693540648774607,-0.9440429132071548
brightness_s1,frozen_thresholds,Oval_Face,r50_seed0,r18_seed0,0.42584765883476594,-0.0751664427564469
brightness_s1,frozen_thresholds,Receding_Hairline,r50_seed0,r18_seed0,1.131840726957356,-0.6405292998896472
brightness_s1,frozen_thresholds,Blond_Hair,r50_seed0,r18_seed0,-0.5048396225116214,0.13458070021641344
brightness_s1,frozen_thresholds,Brown_Hair,r50_seed0,r18_seed0,-0.1038164414549958,0.3541913680027653
brightness_s1,frozen_thresholds,Gray_Hair,r50_seed0,r18_seed0,-0.061487663615189536,0.6967030442805222
brightness_s1,frozen_thresholds,Bald,r50_seed0,r18_seed0,-0.6774058382606363,0.06037611166871404
brightness_s1,frozen_thresholds,Straight_Hair,r50_seed0,r18_seed0,0.6147711615434148,-0.376623777626528
brightness_s1,frozen_thresholds,Wavy_Hair,r50_seed0,r18_seed0,-2.8104559662825546,-0.061572499247042334
brightness_s1,frozen_thresholds,Sideburns,r50_seed0,r18_seed0,0.32397111715125604,-0.3458207739685415
brightness_s1,fixed_0_5,Smiling,m3_seed0,r18_seed0,0.08238939229618936,0.006410881547047609
brightness_s1,fixed_0_5,Mouth_Slightly_Open,m3_seed0,r18_seed0,0.3198956554328003,0.04588259366646863
brightness_s1,fixed_0_5,Eyeglasses,m3_seed0,r18_seed0,0.010432993790521206,0.05368203138592653
brightness_s1,fixed_0_5,Bangs,m3_seed0,r18_seed0,0.6405620208818963,0.03189250149902012
brightness_s1,fixed_0_5,Wearing_Hat,m3_seed0,r18_seed0,0.2764875458437066,0.26047118822315474
brightness_s1,fixed_0_5,Mustache,m3_seed0,r18_seed0,14.398487787589032,-2.2511578831486134
brightness_s1,fixed_0_5,No_Beard,m3_seed0,r18_seed0,0.13897776565243714,-0.006800823868879924
brightness_s1,fixed_0_5,Black_Hair,m3_seed0,r18_seed0,1.1768922243707625,-0.20005176219065612
brightness_s1,fixed_0_5,Bushy_Eyebrows,m3_seed0,r18_seed0,5.332377841783464,0.27396594656373674
brightness_s1,fixed_0_5,Arched_Eyebrows,m3_seed0,r18_seed0,3.0247922040404496,0.45443534751014036
brightness_s1,fixed_0_5,High_Cheekbones,m3_seed0,r18_seed0,-0.24414041997056213,-0.042772098615628806
brightness_s1,fixed_0_5,Bags_Under_Eyes,m3_seed0,r18_seed0,7.925658462203944,0.433465807094624
brightness_s1,fixed_0_5,Big_Lips,m3_seed0,r18_seed0,7.657025122565441,-0.3097806558879923
brightness_s1,fixed_0_5,Big_Nose,m3_seed0,r18_seed0,7.757620429058775,-0.11572974707410033
brightness_s1,fixed_0_5,Double_Chin,m3_seed0,r18_seed0,4.474478850782121,0.8911341344145396
brightness_s1,fixed_0_5,Oval_Face,m3_seed0,r18_seed0,-2.9291658390715902,0.348642254768905
brightness_s1,fixed_0_5,Receding_Hairline,m3_seed0,r18_seed0,8.649971201170425,1.607051676307858
brightness_s1,fixed_0_5,Blond_Hair,m3_seed0,r18_seed0,-0.5897908973694244,0.08151613570395178
brightness_s1,fixed_0_5,Brown_Hair,m3_seed0,r18_seed0,-1.3592174095666265,-0.0849309906303386
brightness_s1,fixed_0_5,Gray_Hair,m3_seed0,r18_seed0,0.7799226495076916,-0.7926406718087975
brightness_s1,fixed_0_5,Bald,m3_seed0,r18_seed0,0.31454645872235343,-1.002118924563855
brightness_s1,fixed_0_5,Straight_Hair,m3_seed0,r18_seed0,-2.261968975892592,-1.1265456499209292
brightness_s1,fixed_0_5,Wavy_Hair,m3_seed0,r18_seed0,-3.2153568373525343,0.014614682860847328
brightness_s1,fixed_0_5,Sideburns,m3_seed0,r18_seed0,-0.7177603850125669,0.3429395433290017
brightness_s1,fixed_0_5,Smiling,oracle_seed0,m3_seed0,-0.36357248797211916,-0.07718106289902327
brightness_s1,fixed_0_5,Mouth_Slightly_Open,oracle_seed0,m3_seed0,-0.29473154364263454,-0.11003689321990029
brightness_s1,fixed_0_5,Eyeglasses,oracle_seed0,m3_seed0,-0.006249984681405696,-0.05841034951368229
brightness_s1,fixed_0_5,Bangs,oracle_seed0,m3_seed0,-1.324783869216184,-0.08981006503843147
brightness_s1,fixed_0_5,Wearing_Hat,oracle_seed0,m3_seed0,-1.0461267644192307,-0.023924085849713617
brightness_s1,fixed_0_5,Mustache,oracle_seed0,m3_seed0,-1.1895938310956922,0.19579633696037435
brightness_s1,fixed_0_5,No_Beard,oracle_seed0,m3_seed0,-0.04153908155964947,0.011490218648213535
brightness_s1,fixed_0_5,Black_Hair,oracle_seed0,m3_seed0,2.1096576981440407,0.43506474163582665
brightness_s1,fixed_0_5,Bushy_Eyebrows,oracle_seed0,m3_seed0,1.6820622944937913,0.23389695077721262
brightness_s1,fixed_0_5,Arched_Eyebrows,oracle_seed0,m3_seed0,-2.392693171669935,-0.3564499985551528
brightness_s1,fixed_0_5,High_Cheekbones,oracle_seed0,m3_seed0,0.11028839500818455,-0.16122468965054093
brightness_s1,fixed_0_5,Bags_Under_Eyes,oracle_seed0,m3_seed0,-5.131671110958013,0.01625363448494177
brightness_s1,fixed_0_5,Big_Lips,oracle_seed0,m3_seed0,11.587567799276744,1.1119126077444363
brightness_s1,fixed_0_5,Big_Nose,oracle_seed0,m3_seed0,-1.9336915320815162,0.5908905778147622
brightness_s1,fixed_0_5,Double_Chin,oracle_seed0,m3_seed0,-0.7579878390319705,-0.23288603885781578
brightness_s1,fixed_0_5,Oval_Face,oracle_seed0,m3_seed0,-3.506986609495033,-0.05560284492417411
brightness_s1,fixed_0_5,Receding_Hairline,oracle_seed0,m3_seed0,-0.5939758807468776,0.4713907211497115
brightness_s1,fixed_0_5,Blond_Hair,oracle_seed0,m3_seed0,-0.31236853759293304,0.2934751912672895
brightness_s1,fixed_0_5,Brown_Hair,oracle_seed0,m3_seed0,0.9001905959239442,0.19977573335894228
brightness_s1,fixed_0_5,Gray_Hair,oracle_seed0,m3_seed0,-1.0793078406330592,0.2455127101074539
brightness_s1,fixed_0_5,Bald,oracle_seed0,m3_seed0,-0.5589366570913912,-0.1286061552195794
brightness_s1,fixed_0_5,Straight_Hair,oracle_seed0,m3_seed0,-4.88587671686772,1.3968013033208604
brightness_s1,fixed_0_5,Wavy_Hair,oracle_seed0,m3_seed0,4.338247063956102,-0.1448069492667292
brightness_s1,fixed_0_5,Sideburns,oracle_seed0,m3_seed0,0.6045491925370516,-0.22861056217875486
brightness_s1,fixed_0_5,Smiling,oracle_seed0,r18_seed0,-0.2811830956759298,-0.07077018135197566
brightness_s1,fixed_0_5,Mouth_Slightly_Open,oracle_seed0,r18_seed0,0.025164111790165755,-0.06415429955343166
brightness_s1,fixed_0_5,Eyeglasses,oracle_seed0,r18_seed0,0.00418300910911551,-0.0047283181277557595
brightness_s1,fixed_0_5,Bangs,oracle_seed0,r18_seed0,-0.6842218483342877,-0.057917563539411354
brightness_s1,fixed_0_5,Wearing_Hat,oracle_seed0,r18_seed0,-0.7696392185755241,0.23654710237344112
brightness_s1,fixed_0_5,Mustache,oracle_seed0,r18_seed0,13.20889395649334,-2.055361546188239
brightness_s1,fixed_0_5,No_Beard,oracle_seed0,r18_seed0,0.09743868409278766,0.004689394779333611
brightness_s1,fixed_0_5,Black_Hair,oracle_seed0,r18_seed0,3.286549922514803,0.23501297944517052
brightness_s1,fixed_0_5,Bushy_Eyebrows,oracle_seed0,r18_seed0,7.014440136277256,0.5078628973409494
brightness_s1,fixed_0_5,Arched_Eyebrows,oracle_seed0,r18_seed0,0.6320990323705145,0.09798534895498756
brightness_s1,fixed_0_5,High_Cheekbones,oracle_seed0,r18_seed0,-0.13385202496237758,-0.20399678826616974
brightness_s1,fixed_0_5,Bags_Under_Eyes,oracle_seed0,r18_seed0,2.79398735124593,0.4497194415795658
brightness_s1,fixed_0_5,Big_Lips,oracle_seed0,r18_seed0,19.244592921842184,0.802131951856444
brightness_s1,fixed_0_5,Big_Nose,oracle_seed0,r18_seed0,5.823928896977259,0.47516083074066184
brightness_s1,fixed_0_5,Double_Chin,oracle_seed0,r18_seed0,3.7164910117501506,0.6582480955567238
brightness_s1,fixed_0_5,Oval_Face,oracle_seed0,r18_seed0,-6.436152448566624,0.29303940984473087
brightness_s1,fixed_0_5,Receding_Hairline,oracle_seed0,r18_seed0,8.055995320423548,2.0784423974575694
brightness_s1,fixed_0_5,Blond_Hair,oracle_seed0,r18_seed0,-0.9021594349623574,0.37499132697124127
brightness_s1,fixed_0_5,Brown_Hair,oracle_seed0,r18_seed0,-0.4590268136426823,0.11484474272860368
brightness_s1,fixed_0_5,Gray_Hair,oracle_seed0,r18_seed0,-0.29938519112536754,-0.5471279617013436
brightness_s1,fixed_0_5,Bald,oracle_seed0,r18_seed0,-0.24439019836903775,-1.1307250797834345
brightness_s1,fixed_0_5,Straight_Hair,oracle_seed0,r18_seed0,-7.147845692760313,0.2702556533999312
brightness_s1,fixed_0_5,Wavy_Hair,oracle_seed0,r18_seed0,1.1228902266035679,-0.13019226640588188
brightness_s1,fixed_0_5,Sideburns,oracle_seed0,r18_seed0,-0.11321119247551525,0.11432898115024681
brightness_s1,fixed_0_5,Smiling,r50_seed0,r18_seed0,0.04405569495198325,0.011879586979701706
brightness_s1,fixed_0_5,Mouth_Slightly_Open,r50_seed0,r18_seed0,-0.08181378630898184,0.06610224153651423
brightness_s1,fixed_0_5,Eyeglasses,r50_seed0,r18_seed0,0.3341294614223944,0.00446616676408329
brightness_s1,fixed_0_5,Bangs,r50_seed0,r18_seed0,0.09294782337271323,-0.4317596856074801
brightness_s1,fixed_0_5,Wearing_Hat,r50_seed0,r18_seed0,-0.32859863086363017,-0.6403776222184021
brightness_s1,fixed_0_5,Mustache,r50_seed0,r18_seed0,10.278353706365461,0.9760112098510243
brightness_s1,fixed_0_5,No_Beard,r50_seed0,r18_seed0,-0.10639201433089163,-0.029008107793693227
brightness_s1,fixed_0_5,Black_Hair,r50_seed0,r18_seed0,-0.07659818390840512,0.035105973400106905
brightness_s1,fixed_0_5,Bushy_Eyebrows,r50_seed0,r18_seed0,1.4852741068751563,0.47537763160223623
brightness_s1,fixed_0_5,Arched_Eyebrows,r50_seed0,r18_seed0,3.251124161336616,0.5897657975402537
brightness_s1,fixed_0_5,High_Cheekbones,r50_seed0,r18_seed0,-0.2629491530450445,-0.08313246942237562
brightness_s1,fixed_0_5,Bags_Under_Eyes,r50_seed0,r18_seed0,1.5230248924984813,-0.5557235169077912
brightness_s1,fixed_0_5,Big_Lips,r50_seed0,r18_seed0,2.0127516850539315,0.0861165744389214
brightness_s1,fixed_0_5,Big_Nose,r50_seed0,r18_seed0,-1.5680353825071602,0.3860564629633134
brightness_s1,fixed_0_5,Double_Chin,r50_seed0,r18_seed0,0.3613140785915625,-0.9440429132071548
brightness_s1,fixed_0_5,Oval_Face,r50_seed0,r18_seed0,-2.619746812852297,-0.0751664427564469
brightness_s1,fixed_0_5,Receding_Hairline,r50_seed0,r18_seed0,-0.984554980296104,-0.6405292998896472
brightness_s1,fixed_0_5,Blond_Hair,r50_seed0,r18_seed0,-0.5494727198743332,0.13458070021641344
brightness_s1,fixed_0_5,Brown_Hair,r50_seed0,r18_seed0,-0.3602320136752102,0.3541913680027653
brightness_s1,fixed_0_5,Gray_Hair,r50_seed0,r18_seed0,-0.20746618490113944,0.6967030442805222
brightness_s1,fixed_0_5,Bald,r50_seed0,r18_seed0,-0.32244610099569915,0.06037611166871404
brightness_s1,fixed_0_5,Straight_Hair,r50_seed0,r18_seed0,-0.10409251988090507,-0.376623777626528
brightness_s1,fixed_0_5,Wavy_Hair,r50_seed0,r18_seed0,-1.047441192717402,-0.061572499247042334
brightness_s1,fixed_0_5,Sideburns,r50_seed0,r18_seed0,-0.6802700312251053,-0.3458207739685415
brightness_s2,frozen_thresholds,Smiling,m3_seed0,r18_seed0,0.2523018155887846,0.02253808330211493
brightness_s2,frozen_thresholds,Mouth_Slightly_Open,m3_seed0,r18_seed0,0.25403742738762114,0.028877497371448957
brightness_s2,frozen_thresholds,Eyeglasses,m3_seed0,r18_seed0,-0.3755322582514875,0.1241685699152284
brightness_s2,frozen_thresholds,Bangs,m3_seed0,r18_seed0,0.32160106545144895,-0.03802766132852131
brightness_s2,frozen_thresholds,Wearing_Hat,m3_seed0,r18_seed0,0.8576092484537612,0.19623613368386916
brightness_s2,frozen_thresholds,Mustache,m3_seed0,r18_seed0,-1.1265620516398345,-1.8905900484458171
brightness_s2,frozen_thresholds,No_Beard,m3_seed0,r18_seed0,0.024735932296149343,0.0009473374721569172
brightness_s2,frozen_thresholds,Black_Hair,m3_seed0,r18_seed0,0.014830078758232279,-0.3315558690001219
brightness_s2,frozen_thresholds,Bushy_Eyebrows,m3_seed0,r18_seed0,2.262023639492161,0.8100084774783078
brightness_s2,frozen_thresholds,Arched_Eyebrows,m3_seed0,r18_seed0,0.978493975052297,0.48562766213532393
brightness_s2,frozen_thresholds,High_Cheekbones,m3_seed0,r18_seed0,0.19267847209554212,0.004516267590548573
brightness_s2,frozen_thresholds,Bags_Under_Eyes,m3_seed0,r18_seed0,0.3501043928747394,0.43574036616528256
brightness_s2,frozen_thresholds,Big_Lips,m3_seed0,r18_seed0,4.2161279720807245,-0.3626196621642652
brightness_s2,frozen_thresholds,Big_Nose,m3_seed0,r18_seed0,0.14517207750760486,-0.11333559922265257
brightness_s2,frozen_thresholds,Double_Chin,m3_seed0,r18_seed0,1.0860810060701276,1.1378581516265918
brightness_s2,frozen_thresholds,Oval_Face,m3_seed0,r18_seed0,0.6332225461499474,0.46053160053347586
brightness_s2,frozen_thresholds,Receding_Hairline,m3_seed0,r18_seed0,1.7498499329423267,1.3629179622475007
brightness_s2,frozen_thresholds,Blond_Hair,m3_seed0,r18_seed0,-1.5185530584191587,-0.09251789188202686
brightness_s2,frozen_thresholds,Brown_Hair,m3_seed0,r18_seed0,0.0877209696934167,0.03743484603907499
brightness_s2,frozen_thresholds,Gray_Hair,m3_seed0,r18_seed0,1.2522399636256676,-0.9436005035887818
brightness_s2,frozen_thresholds,Bald,m3_seed0,r18_seed0,-1.3981907838723107,-1.5353121427788996
brightness_s2,frozen_thresholds,Straight_Hair,m3_seed0,r18_seed0,-1.2286718425718712,-1.7247384114571607
brightness_s2,frozen_thresholds,Wavy_Hair,m3_seed0,r18_seed0,-2.6032117324381154,0.0691362450012667
brightness_s2,frozen_thresholds,Sideburns,m3_seed0,r18_seed0,0.10341974627688932,0.2321242223958131
brightness_s2,frozen_thresholds,Smiling,oracle_seed0,m3_seed0,-0.5988757723220384,-0.11429402167326685
brightness_s2,frozen_thresholds,Mouth_Slightly_Open,oracle_seed0,m3_seed0,-0.6644548188510901,-0.07411495455706962
brightness_s2,frozen_thresholds,Eyeglasses,oracle_seed0,m3_seed0,0.400043388920146,-0.10523116536762522
brightness_s2,frozen_thresholds,Bangs,oracle_seed0,m3_seed0,0.6567031551766966,0.049474747047029144
brightness_s2,frozen_thresholds,Wearing_Hat,oracle_seed0,m3_seed0,-0.1356547162285504,-0.017772322018494435
brightness_s2,frozen_thresholds,Mustache,oracle_seed0,m3_seed0,-3.2096226742313494,0.45264197525395344
brightness_s2,frozen_thresholds,No_Beard,oracle_seed0,m3_seed0,-0.15956257893166015,0.0072356988001232025
brightness_s2,frozen_thresholds,Black_Hair,oracle_seed0,m3_seed0,2.429390671942089,0.6945289063492566
brightness_s2,frozen_thresholds,Bushy_Eyebrows,oracle_seed0,m3_seed0,-1.941081090561969,-0.2115233853703269
brightness_s2,frozen_thresholds,Arched_Eyebrows,oracle_seed0,m3_seed0,-0.41802808357925825,-0.21081027947530417
brightness_s2,frozen_thresholds,High_Cheekbones,oracle_seed0,m3_seed0,-0.2040868813081742,-0.23887410975023116
brightness_s2,frozen_thresholds,Bags_Under_Eyes,oracle_seed0,m3_seed0,0.07327765374379736,-0.0018477340059330771
brightness_s2,frozen_thresholds,Big_Lips,oracle_seed0,m3_seed0,-11.005214872295227,1.2145000016021812
brightness_s2,frozen_thresholds,Big_Nose,oracle_seed0,m3_seed0,0.12397464260271995,0.6260853446656722
brightness_s2,frozen_thresholds,Double_Chin,oracle_seed0,m3_seed0,-3.183828540564393,-0.233889280404731
brightness_s2,frozen_thresholds,Oval_Face,oracle_seed0,m3_seed0,-1.9268180072059105,-0.26842707162197943
brightness_s2,frozen_thresholds,Receding_Hairline,oracle_seed0,m3_seed0,0.052692625512507085,0.40525334446792627
brightness_s2,frozen_thresholds,Blond_Hair,oracle_seed0,m3_seed0,3.2145625666143984,0.6498854227804829
brightness_s2,frozen_thresholds,Brown_Hair,oracle_seed0,m3_seed0,-0.036393205116524996,-0.26077449073748094
brightness_s2,frozen_thresholds,Gray_Hair,oracle_seed0,m3_seed0,0.0994527411325774,0.4410206482609369
brightness_s2,frozen_thresholds,Bald,oracle_seed0,m3_seed0,-0.9245573908561067,-0.4241969937917145
brightness_s2,frozen_thresholds,Straight_Hair,oracle_seed0,m3_seed0,1.3034472891312765,1.979374102559206
brightness_s2,frozen_thresholds,Wavy_Hair,oracle_seed0,m3_seed0,0.8626626054624942,0.09106838480146262
brightness_s2,frozen_thresholds,Sideburns,oracle_seed0,m3_seed0,0.19885621389381658,-0.15303826611888782
brightness_s2,frozen_thresholds,Smiling,oracle_seed0,r18_seed0,-0.34657395673325375,-0.09175593837115192
brightness_s2,frozen_thresholds,Mouth_Slightly_Open,oracle_seed0,r18_seed0,-0.410417391463469,-0.045237457185620666
brightness_s2,frozen_thresholds,Eyeglasses,oracle_seed0,r18_seed0,0.02451113066865851,0.018937404547603176
brightness_s2,frozen_thresholds,Bangs,oracle_seed0,r18_seed0,0.9783042206281456,0.011447085718507832
brightness_s2,frozen_thresholds,Wearing_Hat,oracle_seed0,r18_seed0,0.7219545322252108,0.17846381166537473
brightness_s2,frozen_thresholds,Mustache,oracle_seed0,r18_seed0,-4.336184725871184,-1.4379480731918637
brightness_s2,frozen_thresholds,No_Beard,oracle_seed0,r18_seed0,-0.1348266466355108,0.00818303627228012
brightness_s2,frozen_thresholds,Black_Hair,oracle_seed0,r18_seed0,2.444220750700321,0.36297303734913466
brightness_s2,frozen_thresholds,Bushy_Eyebrows,oracle_seed0,r18_seed0,0.32094254893019203,0.598485092107981
brightness_s2,frozen_thresholds,Arched_Eyebrows,oracle_seed0,r18_seed0,0.5604658914730387,0.27481738266001976
brightness_s2,frozen_thresholds,High_Cheekbones,oracle_seed0,r18_seed0,-0.011408409212632087,-0.23435784215968258
brightness_s2,frozen_thresholds,Bags_Under_Eyes,oracle_seed0,r18_seed0,0.42338204661853673,0.4338926321593495
brightness_s2,frozen_thresholds,Big_Lips,oracle_seed0,r18_seed0,-6.789086900214503,0.851880339437916
brightness_s2,frozen_thresholds,Big_Nose,oracle_seed0,r18_seed0,0.2691467201103248,0.5127497454430197
brightness_s2,frozen_thresholds,Double_Chin,oracle_seed0,r18_seed0,-2.0977475344942653,0.9039688712218608
brightness_s2,frozen_thresholds,Oval_Face,oracle_seed0,r18_seed0,-1.293595461055963,0.19210452891149643
brightness_s2,frozen_thresholds,Receding_Hairline,oracle_seed0,r18_seed0,1.8025425584548338,1.768171306715427
brightness_s2,frozen_thresholds,Blond_Hair,oracle_seed0,r18_seed0,1.6960095081952398,0.557367530898456
brightness_s2,frozen_thresholds,Brown_Hair,oracle_seed0,r18_seed0,0.0513277645768917,-0.22333964469840595
brightness_s2,frozen_thresholds,Gray_Hair,oracle_seed0,r18_seed0,1.351692704758245,-0.5025798553278449
brightness_s2,frozen_thresholds,Bald,oracle_seed0,r18_seed0,-2.3227481747284173,-1.959509136570614
brightness_s2,frozen_thresholds,Straight_Hair,oracle_seed0,r18_seed0,0.07477544655940527,0.2546356911020453
brightness_s2,frozen_thresholds,Wavy_Hair,oracle_seed0,r18_seed0,-1.7405491269756213,0.16020462980272931
brightness_s2,frozen_thresholds,Sideburns,oracle_seed0,r18_seed0,0.3022759601707059,0.07908595627692527
brightness_s2,frozen_thresholds,Smiling,r50_seed0,r18_seed0,0.06418280505193774,0.0011194525219360152
brightness_s2,frozen_thresholds,Mouth_Slightly_Open,r50_seed0,r18_seed0,0.26286364430575526,0.08051058681211032
brightness_s2,frozen_thresholds,Eyeglasses,r50_seed0,r18_seed0,-0.013618726722008923,0.04618945598696689
brightness_s2,frozen_thresholds,Bangs,r50_seed0,r18_seed0,-0.6152262971092615,-0.42089878391786684
brightness_s2,frozen_thresholds,Wearing_Hat,r50_seed0,r18_seed0,0.1918977139262923,-0.6900716526288431
brightness_s2,frozen_thresholds,Mustache,r50_seed0,r18_seed0,1.2156086893247875,0.7781013684509452
brightness_s2,frozen_thresholds,No_Beard,r50_seed0,r18_seed0,-0.03303632187560135,-0.02954506821040148
brightness_s2,frozen_thresholds,Black_Hair,r50_seed0,r18_seed0,-0.7400792354834484,0.24094122587414724
brightness_s2,frozen_thresholds,Bushy_Eyebrows,r50_seed0,r18_seed0,1.1224690545685312,0.715628185469086
brightness_s2,frozen_thresholds,Arched_Eyebrows,r50_seed0,r18_seed0,0.672094661831768,0.822061801097207
brightness_s2,frozen_thresholds,High_Cheekbones,r50_seed0,r18_seed0,-1.0754349226058335,-0.18469563710075132
brightness_s2,frozen_thresholds,Bags_Under_Eyes,r50_seed0,r18_seed0,-0.526528586375119,-0.7970967686176
brightness_s2,frozen_thresholds,Big_Lips,r50_seed0,r18_seed0,3.859652051555323,0.12205187634091175
brightness_s2,frozen_thresholds,Big_Nose,r50_seed0,r18_seed0,0.45170955317899164,0.42975644822573766
brightness_s2,frozen_thresholds,Double_Chin,r50_seed0,r18_seed0,-2.2206855651184743,-1.2028315540444257
brightness_s2,frozen_thresholds,Oval_Face,r50_seed0,r18_seed0,0.5578035269415249,-0.3212491319244726
brightness_s2,frozen_thresholds,Receding_Hairline,r50_seed0,r18_seed0,1.5454897884992214,-0.639852824649445
brightness_s2,frozen_thresholds,Blond_Hair,r50_seed0,r18_seed0,-0.12992724148117585,0.12353591288507548
brightness_s2,frozen_thresholds,Brown_Hair,r50_seed0,r18_seed0,0.23216332072829582,1.1924679800000892
brightness_s2,frozen_thresholds,Gray_Hair,r50_seed0,r18_seed0,1.3360881542699654,0.994350169511371
brightness_s2,frozen_thresholds,Bald,r50_seed0,r18_seed0,-0.7471578563718717,-0.48601976724550466
brightness_s2,frozen_thresholds,Straight_Hair,r50_seed0,r18_seed0,0.8397666616773436,-0.2760825007477874
brightness_s2,frozen_thresholds,Wavy_Hair,r50_seed0,r18_seed0,-4.037344896110639,0.05267664565895558
brightness_s2,frozen_thresholds,Sideburns,r50_seed0,r18_seed0,0.5310463552672506,-0.2466595600227217
brightness_s2,fixed_0_5,Smiling,m3_seed0,r18_seed0,0.0229741401243988,0.02253808330211493
brightness_s2,fixed_0_5,Mouth_Slightly_Open,m3_seed0,r18_seed0,0.47614643308377946,0.028877497371448957
brightness_s2,fixed_0_5,Eyeglasses,m3_seed0,r18_seed0,-0.06959294923299941,0.1241685699152284
brightness_s2,fixed_0_5,Bangs,m3_seed0,r18_seed0,-0.04170176592847019,-0.03802766132852131
brightness_s2,fixed_0_5,Wearing_Hat,m3_seed0,r18_seed0,-0.21413823197599102,0.19623613368386916
brightness_s2,fixed_0_5,Mustache,m3_seed0,r18_seed0,18.154806239918763,-1.8905900484458171
brightness_s2,fixed_0_5,No_Beard,m3_seed0,r18_seed0,0.5385569207210339,0.0009473374721569172
brightness_s2,fixed_0_5,Black_Hair,m3_seed0,r18_seed0,1.9459381485042115,-0.3315558690001219
brightness_s2,fixed_0_5,Bushy_Eyebrows,m3_seed0,r18_seed0,9.579734536049067,0.8100084774783078
brightness_s2,fixed_0_5,Arched_Eyebrows,m3_seed0,r18_seed0,5.458062237182837,0.48562766213532393
brightness_s2,fixed_0_5,High_Cheekbones,m3_seed0,r18_seed0,-0.3852808486808357,0.004516267590548573
brightness_s2,fixed_0_5,Bags_Under_Eyes,m3_seed0,r18_seed0,10.873774509803924,0.43574036616528256
brightness_s2,fixed_0_5,Big_Lips,m3_seed0,r18_seed0,11.867229140852775,-0.3626196621642652
brightness_s2,fixed_0_5,Big_Nose,m3_seed0,r18_seed0,9.184986553663554,-0.11333559922265257
brightness_s2,fixed_0_5,Double_Chin,m3_seed0,r18_seed0,8.0748476394924,1.1378581516265918
brightness_s2,fixed_0_5,Oval_Face,m3_seed0,r18_seed0,-4.635199018875625,0.46053160053347586
brightness_s2,fixed_0_5,Receding_Hairline,m3_seed0,r18_seed0,10.928503594399814,1.3629179622475007
brightness_s2,fixed_0_5,Blond_Hair,m3_seed0,r18_seed0,-3.0603458754646096,-0.09251789188202686
brightness_s2,fixed_0_5,Brown_Hair,m3_seed0,r18_seed0,-2.067429838863799,0.03743484603907499
brightness_s2,fixed_0_5,Gray_Hair,m3_seed0,r18_seed0,0.6300246103363438,-0.9436005035887818
brightness_s2,fixed_0_5,Bald,m3_seed0,r18_seed0,1.6349847335762835,-1.5353121427788996
brightness_s2,fixed_0_5,Straight_Hair,m3_seed0,r18_seed0,-0.18830685757064147,-1.7247384114571607
brightness_s2,fixed_0_5,Wavy_Hair,m3_seed0,r18_seed0,-5.276276592083606,0.0691362450012667
brightness_s2,fixed_0_5,Sideburns,m3_seed0,r18_seed0,-0.6293403972926326,0.2321242223958131
brightness_s2,fixed_0_5,Smiling,oracle_seed0,m3_seed0,-0.4507970875254008,-0.11429402167326685
brightness_s2,fixed_0_5,Mouth_Slightly_Open,oracle_seed0,m3_seed0,-0.21108347639865466,-0.07411495455706962
brightness_s2,fixed_0_5,Eyeglasses,oracle_seed0,m3_seed0,0.06959294923299941,-0.10523116536762522
brightness_s2,fixed_0_5,Bangs,oracle_seed0,m3_seed0,-1.5648985035435103,0.049474747047029144
brightness_s2,fixed_0_5,Wearing_Hat,oracle_seed0,m3_seed0,-0.412051832071092,-0.017772322018494435
brightness_s2,fixed_0_5,Mustache,oracle_seed0,m3_seed0,-2.735965012389696,0.45264197525395344
brightness_s2,fixed_0_5,No_Beard,oracle_seed0,m3_seed0,-0.13721191587711123,0.0072356988001232025
brightness_s2,fixed_0_5,Black_Hair,oracle_seed0,m3_seed0,3.867210784879005,0.6945289063492566
brightness_s2,fixed_0_5,Bushy_Eyebrows,oracle_seed0,m3_seed0,0.03224453771347724,-0.2115233853703269
brightness_s2,fixed_0_5,Arched_Eyebrows,oracle_seed0,m3_seed0,-4.786250607153941,-0.21081027947530417
brightness_s2,fixed_0_5,High_Cheekbones,oracle_seed0,m3_seed0,0.09510956051803632,-0.23887410975023116
brightness_s2,fixed_0_5,Bags_Under_Eyes,oracle_seed0,m3_seed0,-9.455212588893936,-0.0018477340059330771
brightness_s2,fixed_0_5,Big_Lips,oracle_seed0,m3_seed0,5.51504045985502,1.2145000016021812
brightness_s2,fixed_0_5,Big_Nose,oracle_seed0,m3_seed0,-4.364608590459406,0.6260853446656722
brightness_s2,fixed_0_5,Double_Chin,oracle_seed0,m3_seed0,-2.1685209107765893,-0.233889280404731
brightness_s2,fixed_0_5,Oval_Face,oracle_seed0,m3_seed0,0.7631797159255438,-0.26842707162197943
brightness_s2,fixed_0_5,Receding_Hairline,oracle_seed0,m3_seed0,-2.178980341072312,0.40525334446792627
brightness_s2,fixed_0_5,Blond_Hair,oracle_seed0,m3_seed0,1.2556696928054278,0.6498854227804829
brightness_s2,fixed_0_5,Brown_Hair,oracle_seed0,m3_seed0,1.0010358725669133,-0.26077449073748094
brightness_s2,fixed_0_5,Gray_Hair,oracle_seed0,m3_seed0,-5.708920187793421,0.4410206482609369
brightness_s2,fixed_0_5,Bald,oracle_seed0,m3_seed0,-1.2474012474012475,-0.4241969937917145
brightness_s2,fixed_0_5,Straight_Hair,oracle_seed0,m3_seed0,-6.454849793332418,1.979374102559206
brightness_s2,fixed_0_5,Wavy_Hair,oracle_seed0,m3_seed0,6.430430172846025,0.09106838480146262
brightness_s2,fixed_0_5,Sideburns,oracle_seed0,m3_seed0,1.368373473007567,-0.15303826611888782
brightness_s2,fixed_0_5,Smiling,oracle_seed0,r18_seed0,-0.427822947401002,-0.09175593837115192
brightness_s2,fixed_0_5,Mouth_Slightly_Open,oracle_seed0,r18_seed0,0.2650629566851248,-0.045237457185620666
brightness_s2,fixed_0_5,Eyeglasses,oracle_seed0,r18_seed0,0.0,0.018937404547603176
brightness_s2,fixed_0_5,Bangs,oracle_seed0,r18_seed0,-1.6066002694719805,0.011447085718507832
brightness_s2,fixed_0_5,Wearing_Hat,oracle_seed0,r18_seed0,-0.626190064047083,0.17846381166537473
brightness_s2,fixed_0_5,Mustache,oracle_seed0,r18_seed0,15.418841227529068,-1.4379480731918637
brightness_s2,fixed_0_5,No_Beard,oracle_seed0,r18_seed0,0.40134500484392266,0.00818303627228012
brightness_s2,fixed_0_5,Black_Hair,oracle_seed0,r18_seed0,5.813148933383216,0.36297303734913466
brightness_s2,fixed_0_5,Bushy_Eyebrows,oracle_seed0,r18_seed0,9.611979073762544,0.598485092107981
brightness_s2,fixed_0_5,Arched_Eyebrows,oracle_seed0,r18_seed0,0.6718116300288957,0.27481738266001976
brightness_s2,fixed_0_5,High_Cheekbones,oracle_seed0,r18_seed0,-0.29017128816279936,-0.23435784215968258
brightness_s2,fixed_0_5,Bags_Under_Eyes,oracle_seed0,r18_seed0,1.4185619209099887,0.4338926321593495
brightness_s2,fixed_0_5,Big_Lips,oracle_seed0,r18_seed0,17.382269600707794,0.851880339437916
brightness_s2,fixed_0_5,Big_Nose,oracle_seed0,r18_seed0,4.820377963204148,0.5127497454430197
brightness_s2,fixed_0_5,Double_Chin,oracle_seed0,r18_seed0,5.90632672871581,0.9039688712218608
brightness_s2,fixed_0_5,Oval_Face,oracle_seed0,r18_seed0,-3.8720193029500805,0.19210452891149643
brightness_s2,fixed_0_5,Receding_Hairline,oracle_seed0,r18_seed0,8.749523253327501,1.768171306715427
brightness_s2,fixed_0_5,Blond_Hair,oracle_seed0,r18_seed0,-1.8046761826591817,0.557367530898456
brightness_s2,fixed_0_5,Brown_Hair,oracle_seed0,r18_seed0,-1.0663939662968858,-0.22333964469840595
brightness_s2,fixed_0_5,Gray_Hair,oracle_seed0,r18_seed0,-5.078895577457077,-0.5025798553278449
brightness_s2,fixed_0_5,Bald,oracle_seed0,r18_seed0,0.387583486175036,-1.959509136570614
brightness_s2,fixed_0_5,Straight_Hair,oracle_seed0,r18_seed0,-6.643156650903059,0.2546356911020453
brightness_s2,fixed_0_5,Wavy_Hair,oracle_seed0,r18_seed0,1.1541535807624181,0.16020462980272931
brightness_s2,fixed_0_5,Sideburns,oracle_seed0,r18_seed0,0.7390330757149344,0.07908595627692527
brightness_s2,fixed_0_5,Smiling,r50_seed0,r18_seed0,-0.03648008773323719,0.0011194525219360152
brightness_s2,fixed_0_5,Mouth_Slightly_Open,r50_seed0,r18_seed0,-0.020745784075104634,0.08051058681211032
brightness_s2,fixed_0_5,Eyeglasses,r50_seed0,r18_seed0,0.45833090497501283,0.04618945598696689
brightness_s2,fixed_0_5,Bangs,r50_seed0,r18_seed0,-0.31727264580494463,-0.42089878391786684
brightness_s2,fixed_0_5,Wearing_Hat,r50_seed0,r18_seed0,-0.9989928619780652,-0.6900716526288431
brightness_s2,fixed_0_5,Mustache,r50_seed0,r18_seed0,13.102785014480478,0.7781013684509452
brightness_s2,fixed_0_5,No_Beard,r50_seed0,r18_seed0,0.10702177691708226,-0.02954506821040148
brightness_s2,fixed_0_5,Black_Hair,r50_seed0,r18_seed0,0.11456921998794778,0.24094122587414724
brightness_s2,fixed_0_5,Bushy_Eyebrows,r50_seed0,r18_seed0,2.4490610041345895,0.715628185469086
brightness_s2,fixed_0_5,Arched_Eyebrows,r50_seed0,r18_seed0,4.798504870898956,0.822061801097207
brightness_s2,fixed_0_5,High_Cheekbones,r50_seed0,r18_seed0,-1.1584538652443466,-0.18469563710075132
brightness_s2,fixed_0_5,Bags_Under_Eyes,r50_seed0,r18_seed0,2.4413005095109686,-0.7970967686176
brightness_s2,fixed_0_5,Big_Lips,r50_seed0,r18_seed0,4.224860655921104,0.12205187634091175
brightness_s2,fixed_0_5,Big_Nose,r50_seed0,r18_seed0,-1.647354937524781,0.42975644822573766
brightness_s2,fixed_0_5,Double_Chin,r50_seed0,r18_seed0,3.8276527513693037,-1.2028315540444257
brightness_s2,fixed_0_5,Oval_Face,r50_seed0,r18_seed0,-2.487920456176962,-0.3212491319244726
brightness_s2,fixed_0_5,Receding_Hairline,r50_seed0,r18_seed0,1.5251793882040843,-0.639852824649445
brightness_s2,fixed_0_5,Blond_Hair,r50_seed0,r18_seed0,-0.28654006610699945,0.12353591288507548
brightness_s2,fixed_0_5,Brown_Hair,r50_seed0,r18_seed0,0.3303003250674008,1.1924679800000892
brightness_s2,fixed_0_5,Gray_Hair,r50_seed0,r18_seed0,0.44531123454016885,0.994350169511371
brightness_s2,fixed_0_5,Bald,r50_seed0,r18_seed0,1.030926215407335,-0.48601976724550466
brightness_s2,fixed_0_5,Straight_Hair,r50_seed0,r18_seed0,0.9472778392957126,-0.2760825007477874
brightness_s2,fixed_0_5,Wavy_Hair,r50_seed0,r18_seed0,-1.929865082811033,0.05267664565895558
brightness_s2,fixed_0_5,Sideburns,r50_seed0,r18_seed0,0.12417017650770967,-0.2466595600227217
brightness_s3,frozen_thresholds,Smiling,m3_seed0,r18_seed0,0.08526989443131683,0.04632368955881372
brightness_s3,frozen_thresholds,Mouth_Slightly_Open,m3_seed0,r18_seed0,0.48485053704617753,0.021340572328021334
brightness_s3,frozen_thresholds,Eyeglasses,m3_seed0,r18_seed0,-0.616544298507371,0.1544954106791785
brightness_s3,frozen_thresholds,Bangs,m3_seed0,r18_seed0,0.15753797053714713,-0.07812716025827893
brightness_s3,frozen_thresholds,Wearing_Hat,m3_seed0,r18_seed0,1.0699103599522974,0.18101726918999805
brightness_s3,frozen_thresholds,Mustache,m3_seed0,r18_seed0,0.7839355405649839,-1.6378240331975769
brightness_s3,frozen_thresholds,No_Beard,m3_seed0,r18_seed0,0.3722185212323148,0.01626378018244612
brightness_s3,frozen_thresholds,Black_Hair,m3_seed0,r18_seed0,-2.162627151522678,-0.6392825711607042
brightness_s3,frozen_thresholds,Bushy_Eyebrows,m3_seed0,r18_seed0,8.634512026520868,1.4568643961929806
brightness_s3,frozen_thresholds,Arched_Eyebrows,m3_seed0,r18_seed0,2.8107497558806815,0.4237100318897902
brightness_s3,frozen_thresholds,High_Cheekbones,m3_seed0,r18_seed0,0.8109653095673353,0.10523919303224716
brightness_s3,frozen_thresholds,Bags_Under_Eyes,m3_seed0,r18_seed0,1.3593874052376775,0.14584707512285133
brightness_s3,frozen_thresholds,Big_Lips,m3_seed0,r18_seed0,9.683523557517471,-0.4952566742382425
brightness_s3,frozen_thresholds,Big_Nose,m3_seed0,r18_seed0,0.1337036325017471,-0.08294545649989438
brightness_s3,frozen_thresholds,Double_Chin,m3_seed0,r18_seed0,3.1785692293846535,1.7583249037828375
brightness_s3,frozen_thresholds,Oval_Face,m3_seed0,r18_seed0,2.274622876130439,0.39404521140451454
brightness_s3,frozen_thresholds,Receding_Hairline,m3_seed0,r18_seed0,4.209462281424137,1.3074860268951438
brightness_s3,frozen_thresholds,Blond_Hair,m3_seed0,r18_seed0,-3.0613310662701565,-0.2851202308025713
brightness_s3,frozen_thresholds,Brown_Hair,m3_seed0,r18_seed0,-0.3841340119372094,-0.04468945996947138
brightness_s3,frozen_thresholds,Gray_Hair,m3_seed0,r18_seed0,-1.3182674199623379,-1.271860564742
brightness_s3,frozen_thresholds,Bald,m3_seed0,r18_seed0,-0.9695280386903926,-1.7961651601659745
brightness_s3,frozen_thresholds,Straight_Hair,m3_seed0,r18_seed0,-1.799705312582256,-3.3465883335281
brightness_s3,frozen_thresholds,Wavy_Hair,m3_seed0,r18_seed0,-6.3448083307211185,0.07302636758113046
brightness_s3,frozen_thresholds,Sideburns,m3_seed0,r18_seed0,1.7057374249890178,-0.18190435787134307
brightness_s3,frozen_thresholds,Smiling,oracle_seed0,m3_seed0,-0.6204734018824931,-0.1410683835344928
brightness_s3,frozen_thresholds,Mouth_Slightly_Open,oracle_seed0,m3_seed0,-1.101745414994415,-0.04275466225286406
brightness_s3,frozen_thresholds,Eyeglasses,oracle_seed0,m3_seed0,0.3227541689080127,-0.15116487028269399
brightness_s3,frozen_thresholds,Bangs,oracle_seed0,m3_seed0,1.1221752364373838,0.3008098272607507
brightness_s3,frozen_thresholds,Wearing_Hat,oracle_seed0,m3_seed0,-0.9365599676172454,0.03295377621379547
brightness_s3,frozen_thresholds,Mustache,oracle_seed0,m3_seed0,-4.974081224081228,0.9916557766056711
brightness_s3,frozen_thresholds,No_Beard,oracle_seed0,m3_seed0,-0.04900871690108888,0.0007015406027210958
brightness_s3,frozen_thresholds,Black_Hair,oracle_seed0,m3_seed0,4.957660221214111,0.9403801955880975
brightness_s3,frozen_thresholds,Bushy_Eyebrows,oracle_seed0,m3_seed0,-7.697813498945639,-0.9452671230988696
brightness_s3,frozen_thresholds,Arched_Eyebrows,oracle_seed0,m3_seed0,-1.2301118876174022,-0.05164596567300839
brightness_s3,frozen_thresholds,High_Cheekbones,oracle_seed0,m3_seed0,-0.5624878478196815,-0.4850089935360735
brightness_s3,frozen_thresholds,Bags_Under_Eyes,oracle_seed0,m3_seed0,-0.7886236928648427,0.12814364655524546
brightness_s3,frozen_thresholds,Big_Lips,oracle_seed0,m3_seed0,-17.361418910407327,1.264501046116595
brightness_s3,frozen_thresholds,Big_Nose,oracle_seed0,m3_seed0,0.23371523315829368,0.47375552910094987
brightness_s3,frozen_thresholds,Double_Chin,oracle_seed0,m3_seed0,-5.400535895777514,-0.073551193385335
brightness_s3,frozen_thresholds,Oval_Face,oracle_seed0,m3_seed0,-3.9616848827940476,-1.2824233845608268
brightness_s3,frozen_thresholds,Receding_Hairline,oracle_seed0,m3_seed0,-1.4600713090525352,0.19109591147432603
brightness_s3,frozen_thresholds,Blond_Hair,oracle_seed0,m3_seed0,9.751340335442105,1.0423823283298495
brightness_s3,frozen_thresholds,Brown_Hair,oracle_seed0,m3_seed0,-0.32040634610369656,-0.9259563503926316
brightness_s3,frozen_thresholds,Gray_Hair,oracle_seed0,m3_seed0,-0.35743843567275224,0.5937233324457836
brightness_s3,frozen_thresholds,Bald,oracle_seed0,m3_seed0,-1.5375254263710114,-0.5954365866127964
brightness_s3,frozen_thresholds,Straight_Hair,oracle_seed0,m3_seed0,2.408314154796709,3.534370225717387
brightness_s3,frozen_thresholds,Wavy_Hair,oracle_seed0,m3_seed0,3.951882749730551,0.5329405873714443
brightness_s3,frozen_thresholds,Sideburns,oracle_seed0,m3_seed0,0.19920147067272742,0.07890286737980423
brightness_s3,frozen_thresholds,Smiling,oracle_seed0,r18_seed0,-0.5352035074511763,-0.09474469397567908
brightness_s3,frozen_thresholds,Mouth_Slightly_Open,oracle_seed0,r18_seed0,-0.6168948779482375,-0.021414089924842727
brightness_s3,frozen_thresholds,Eyeglasses,oracle_seed0,r18_seed0,-0.29379012959935835,0.003330540396484505
brightness_s3,frozen_thresholds,Bangs,oracle_seed0,r18_seed0,1.279713206974531,0.22268266700247175
brightness_s3,frozen_thresholds,Wearing_Hat,oracle_seed0,r18_seed0,0.13335039233505208,0.21397104540379352
brightness_s3,frozen_thresholds,Mustache,oracle_seed0,r18_seed0,-4.190145683516244,-0.6461682565919058
brightness_s3,frozen_thresholds,No_Beard,oracle_seed0,r18_seed0,0.3232098043312259,0.016965320785167215
brightness_s3,frozen_thresholds,Black_Hair,oracle_seed0,r18_seed0,2.7950330696914327,0.3010976244273933
brightness_s3,frozen_thresholds,Bushy_Eyebrows,oracle_seed0,r18_seed0,0.9366985275752304,0.511597273094111
brightness_s3,frozen_thresholds,Arched_Eyebrows,oracle_seed0,r18_seed0,1.5806378682632793,0.3720640662167818
brightness_s3,frozen_thresholds,High_Cheekbones,oracle_seed0,r18_seed0,0.24847746174765373,-0.37976980050382636
brightness_s3,frozen_thresholds,Bags_Under_Eyes,oracle_seed0,r18_seed0,0.5707637123728349,0.2739907216780968
brightness_s3,frozen_thresholds,Big_Lips,oracle_seed0,r18_seed0,-7.677895352889857,0.7692443718783526
brightness_s3,frozen_thresholds,Big_Nose,oracle_seed0,r18_seed0,0.3674188656600408,0.3908100726010555
brightness_s3,frozen_thresholds,Double_Chin,oracle_seed0,r18_seed0,-2.2219666663928606,1.6847737103975025
brightness_s3,frozen_thresholds,Oval_Face,oracle_seed0,r18_seed0,-1.6870620066636088,-0.8883781731563123
brightness_s3,frozen_thresholds,Receding_Hairline,oracle_seed0,r18_seed0,2.7493909723716015,1.4985819383694698
brightness_s3,frozen_thresholds,Blond_Hair,oracle_seed0,r18_seed0,6.690009269171949,0.7572620975272781
brightness_s3,frozen_thresholds,Brown_Hair,oracle_seed0,r18_seed0,-0.704540358040906,-0.970645810362103
brightness_s3,frozen_thresholds,Gray_Hair,oracle_seed0,r18_seed0,-1.6757058556350901,-0.6781372322962165
brightness_s3,frozen_thresholds,Bald,oracle_seed0,r18_seed0,-2.507053465061404,-2.391601746778771
brightness_s3,frozen_thresholds,Straight_Hair,oracle_seed0,r18_seed0,0.6086088422144531,0.1877818921892871
brightness_s3,frozen_thresholds,Wavy_Hair,oracle_seed0,r18_seed0,-2.392925580990568,0.6059669549525748
brightness_s3,frozen_thresholds,Sideburns,oracle_seed0,r18_seed0,1.9049388956617452,-0.10300149049153884
brightness_s3,frozen_thresholds,Smiling,r50_seed0,r18_seed0,-0.3923972837737044,-0.003372664499523559
brightness_s3,frozen_thresholds,Mouth_Slightly_Open,r50_seed0,r18_seed0,0.6472925978195931,0.1262981590243739
brightness_s3,frozen_thresholds,Eyeglasses,r50_seed0,r18_seed0,-0.08923278218486708,0.04381187982530621
brightness_s3,frozen_thresholds,Bangs,r50_seed0,r18_seed0,-0.4844814534443631,-0.39414182479827753
brightness_s3,frozen_thresholds,Wearing_Hat,r50_seed0,r18_seed0,0.032005797894640864,-0.675984192989143
brightness_s3,frozen_thresholds,Mustache,r50_seed0,r18_seed0,1.5479797861528533,0.7441428108569403
brightness_s3,frozen_thresholds,No_Beard,r50_seed0,r18_seed0,0.376633034970808,-0.028832868793915445
brightness_s3,frozen_thresholds,Black_Hair,r50_seed0,r18_seed0,-0.5692803718217121,1.1451848825266397
brightness_s3,frozen_thresholds,Bushy_Eyebrows,r50_seed0,r18_seed0,6.330867200432422,1.336500871518187
brightness_s3,frozen_thresholds,Arched_Eyebrows,r50_seed0,r18_seed0,2.2574115272540163,0.9246141163565147
brightness_s3,frozen_thresholds,High_Cheekbones,r50_seed0,r18_seed0,-3.6942854659032354,-0.38782524114697736
brightness_s3,frozen_thresholds,Bags_Under_Eyes,r50_seed0,r18_seed0,0.8918497151964577,-1.0622386013884544
brightness_s3,frozen_thresholds,Big_Lips,r50_seed0,r18_seed0,9.281231367703558,-0.0022984201204501176
brightness_s3,frozen_thresholds,Big_Nose,r50_seed0,r18_seed0,0.10850187833985059,0.27072834477134267
brightness_s3,frozen_thresholds,Double_Chin,r50_seed0,r18_seed0,1.3660746206575647,-1.0804050845973134
brightness_s3,frozen_thresholds,Oval_Face,r50_seed0,r18_seed0,1.7944918776592544,-1.0618936476864516
brightness_s3,frozen_thresholds,Receding_Hairline,r50_seed0,r18_seed0,4.201032563008544,-0.4412523943738367
brightness_s3,frozen_thresholds,Blond_Hair,r50_seed0,r18_seed0,2.1666367689460397,-0.12500096899978885
brightness_s3,frozen_thresholds,Brown_Hair,r50_seed0,r18_seed0,1.6344603760539034,2.9774385272802184
brightness_s3,frozen_thresholds,Gray_Hair,r50_seed0,r18_seed0,4.516984027341842,1.3509388573714531
brightness_s3,frozen_thresholds,Bald,r50_seed0,r18_seed0,-0.07843231603892331,-1.1509783401674634
brightness_s3,frozen_thresholds,Straight_Hair,r50_seed0,r18_seed0,1.8020976492750584,0.019652087827859432
brightness_s3,frozen_thresholds,Wavy_Hair,r50_seed0,r18_seed0,-5.414605731086553,0.455016395341723
brightness_s3,frozen_thresholds,Sideburns,r50_seed0,r18_seed0,2.145854346179976,-0.2884321337979445
brightness_s3,fixed_0_5,Smiling,m3_seed0,r18_seed0,-0.034216507869844204,0.04632368955881372
brightness_s3,fixed_0_5,Mouth_Slightly_Open,m3_seed0,r18_seed0,0.9657016493752724,0.021340572328021334
brightness_s3,fixed_0_5,Eyeglasses,m3_seed0,r18_seed0,-0.12476209824672235,0.1544954106791785
brightness_s3,fixed_0_5,Bangs,m3_seed0,r18_seed0,-0.5672186711301874,-0.07812716025827893
brightness_s3,fixed_0_5,Wearing_Hat,m3_seed0,r18_seed0,0.3524925937008483,0.18101726918999805
brightness_s3,fixed_0_5,Mustache,m3_seed0,r18_seed0,24.74320656385188,-1.6378240331975769
brightness_s3,fixed_0_5,No_Beard,m3_seed0,r18_seed0,1.0250543262197431,0.01626378018244612
brightness_s3,fixed_0_5,Black_Hair,m3_seed0,r18_seed0,-0.29086487740622724,-0.6392825711607042
brightness_s3,fixed_0_5,Bushy_Eyebrows,m3_seed0,r18_seed0,17.610358702387032,1.4568643961929806
brightness_s3,fixed_0_5,Arched_Eyebrows,m3_seed0,r18_seed0,10.627130234650917,0.4237100318897902
brightness_s3,fixed_0_5,High_Cheekbones,m3_seed0,r18_seed0,-0.660520146160748,0.10523919303224716
brightness_s3,fixed_0_5,Bags_Under_Eyes,m3_seed0,r18_seed0,16.84509833375448,0.14584707512285133
brightness_s3,fixed_0_5,Big_Lips,m3_seed0,r18_seed0,17.865836025592728,-0.4952566742382425
brightness_s3,fixed_0_5,Big_Nose,m3_seed0,r18_seed0,13.604126235054853,-0.08294545649989438
brightness_s3,fixed_0_5,Double_Chin,m3_seed0,r18_seed0,12.428356986899564,1.7583249037828375
brightness_s3,fixed_0_5,Oval_Face,m3_seed0,r18_seed0,-8.23824835842315,0.39404521140451454
brightness_s3,fixed_0_5,Receding_Hairline,m3_seed0,r18_seed0,16.363317831931006,1.3074860268951438
brightness_s3,fixed_0_5,Blond_Hair,m3_seed0,r18_seed0,-7.394556296560961,-0.2851202308025713
brightness_s3,fixed_0_5,Brown_Hair,m3_seed0,r18_seed0,-5.249470544589718,-0.04468945996947138
brightness_s3,fixed_0_5,Gray_Hair,m3_seed0,r18_seed0,1.5023474178403773,-1.271860564742
brightness_s3,fixed_0_5,Bald,m3_seed0,r18_seed0,5.441606985945258,-1.7961651601659745
brightness_s3,fixed_0_5,Straight_Hair,m3_seed0,r18_seed0,0.4743130215226099,-3.3465883335281
brightness_s3,fixed_0_5,Wavy_Hair,m3_seed0,r18_seed0,-10.262376932369765,0.07302636758113046
brightness_s3,fixed_0_5,Sideburns,m3_seed0,r18_seed0,1.3144463897289071,-0.18190435787134307
brightness_s3,fixed_0_5,Smiling,oracle_seed0,m3_seed0,-0.3616382632613768,-0.1410683835344928
brightness_s3,fixed_0_5,Mouth_Slightly_Open,oracle_seed0,m3_seed0,-0.15706491994271765,-0.04275466225286406
brightness_s3,fixed_0_5,Eyeglasses,oracle_seed0,m3_seed0,-0.1689396313301228,-0.15116487028269399
brightness_s3,fixed_0_5,Bangs,oracle_seed0,m3_seed0,-1.5475161240531832,0.3008098272607507
brightness_s3,fixed_0_5,Wearing_Hat,oracle_seed0,m3_seed0,-1.162318577099053,0.03295377621379547
brightness_s3,fixed_0_5,Mustache,oracle_seed0,m3_seed0,-9.00275258336718,0.9916557766056711
brightness_s3,fixed_0_5,No_Beard,oracle_seed0,m3_seed0,-0.15848910883631273,0.0007015406027210958
brightness_s3,fixed_0_5,Black_Hair,oracle_seed0,m3_seed0,7.415633802468413,0.9403801955880975
brightness_s3,fixed_0_5,Bushy_Eyebrows,oracle_seed0,m3_seed0,-6.643411938901844,-0.9452671230988696
brightness_s3,fixed_0_5,Arched_Eyebrows,oracle_seed0,m3_seed0,-8.433562967450003,-0.05164596567300839
brightness_s3,fixed_0_5,High_Cheekbones,oracle_seed0,m3_seed0,0.4024947947383506,-0.4850089935360735
brightness_s3,fixed_0_5,Bags_Under_Eyes,oracle_seed0,m3_seed0,-16.11732226201147,0.12814364655524546
brightness_s3,fixed_0_5,Big_Lips,oracle_seed0,m3_seed0,-1.3006476032209557,1.264501046116595
brightness_s3,fixed_0_5,Big_Nose,oracle_seed0,m3_seed0,-7.916008922090157,0.47375552910094987
brightness_s3,fixed_0_5,Double_Chin,oracle_seed0,m3_seed0,-4.618084442595677,-0.073551193385335
brightness_s3,fixed_0_5,Oval_Face,oracle_seed0,m3_seed0,4.982896502907597,-1.2824233845608268
brightness_s3,fixed_0_5,Receding_Hairline,oracle_seed0,m3_seed0,-4.0201037631021785,0.19109591147432603
brightness_s3,fixed_0_5,Blond_Hair,oracle_seed0,m3_seed0,5.788202759185612,1.0423823283298495
brightness_s3,fixed_0_5,Brown_Hair,oracle_seed0,m3_seed0,4.013572936043364,-0.9259563503926316
brightness_s3,fixed_0_5,Gray_Hair,oracle_seed0,m3_seed0,-12.356321839080453,0.5937233324457836
brightness_s3,fixed_0_5,Bald,oracle_seed0,m3_seed0,-2.3514094381195227,-0.5954365866127964
brightness_s3,fixed_0_5,Straight_Hair,oracle_seed0,m3_seed0,-7.929575631895164,3.534370225717387
brightness_s3,fixed_0_5,Wavy_Hair,oracle_seed0,m3_seed0,11.88607030152421,0.5329405873714443
brightness_s3,fixed_0_5,Sideburns,oracle_seed0,m3_seed0,2.559267777407137,0.07890286737980423
brightness_s3,fixed_0_5,Smiling,oracle_seed0,r18_seed0,-0.39585477113122103,-0.09474469397567908
brightness_s3,fixed_0_5,Mouth_Slightly_Open,oracle_seed0,r18_seed0,0.8086367294325547,-0.021414089924842727
brightness_s3,fixed_0_5,Eyeglasses,oracle_seed0,r18_seed0,-0.29370172957684515,0.003330540396484505
brightness_s3,fixed_0_5,Bangs,oracle_seed0,r18_seed0,-2.1147347951833706,0.22268266700247175
brightness_s3,fixed_0_5,Wearing_Hat,oracle_seed0,r18_seed0,-0.8098259833982047,0.21397104540379352
brightness_s3,fixed_0_5,Mustache,oracle_seed0,r18_seed0,15.740453980484704,-0.6461682565919058
brightness_s3,fixed_0_5,No_Beard,oracle_seed0,r18_seed0,0.8665652173834304,0.016965320785167215
brightness_s3,fixed_0_5,Black_Hair,oracle_seed0,r18_seed0,7.124768925062186,0.3010976244273933
brightness_s3,fixed_0_5,Bushy_Eyebrows,oracle_seed0,r18_seed0,10.966946763485186,0.511597273094111
brightness_s3,fixed_0_5,Arched_Eyebrows,oracle_seed0,r18_seed0,2.193567267200913,0.3720640662167818
brightness_s3,fixed_0_5,High_Cheekbones,oracle_seed0,r18_seed0,-0.25802535142239735,-0.37976980050382636
brightness_s3,fixed_0_5,Bags_Under_Eyes,oracle_seed0,r18_seed0,0.7277760717430082,0.2739907216780968
brightness_s3,fixed_0_5,Big_Lips,oracle_seed0,r18_seed0,16.565188422371772,0.7692443718783526
brightness_s3,fixed_0_5,Big_Nose,oracle_seed0,r18_seed0,5.688117312964697,0.3908100726010555
brightness_s3,fixed_0_5,Double_Chin,oracle_seed0,r18_seed0,7.810272544303887,1.6847737103975025
brightness_s3,fixed_0_5,Oval_Face,oracle_seed0,r18_seed0,-3.2553518555155536,-0.8883781731563123
brightness_s3,fixed_0_5,Receding_Hairline,oracle_seed0,r18_seed0,12.343214068828829,1.4985819383694698
brightness_s3,fixed_0_5,Blond_Hair,oracle_seed0,r18_seed0,-1.606353537375349,0.7572620975272781
brightness_s3,fixed_0_5,Brown_Hair,oracle_seed0,r18_seed0,-1.2358976085463547,-0.970645810362103
brightness_s3,fixed_0_5,Gray_Hair,oracle_seed0,r18_seed0,-10.853974421240075,-0.6781372322962165
brightness_s3,fixed_0_5,Bald,oracle_seed0,r18_seed0,3.090197547825735,-2.391601746778771
brightness_s3,fixed_0_5,Straight_Hair,oracle_seed0,r18_seed0,-7.455262610372554,0.1877818921892871
brightness_s3,fixed_0_5,Wavy_Hair,oracle_seed0,r18_seed0,1.6236933691544442,0.6059669549525748
brightness_s3,fixed_0_5,Sideburns,oracle_seed0,r18_seed0,3.873714167136044,-0.10300149049153884
brightness_s3,fixed_0_5,Smiling,r50_seed0,r18_seed0,-0.26226694664164274,-0.003372664499523559
brightness_s3,fixed_0_5,Mouth_Slightly_Open,r50_seed0,r18_seed0,0.0458020729276698,0.1262981590243739
brightness_s3,fixed_0_5,Eyeglasses,r50_seed0,r18_seed0,0.33325751807204984,0.04381187982530621
brightness_s3,fixed_0_5,Bangs,r50_seed0,r18_seed0,-0.7517625426206154,-0.39414182479827753
brightness_s3,fixed_0_5,Wearing_Hat,r50_seed0,r18_seed0,-0.7546802012865506,-0.675984192989143
brightness_s3,fixed_0_5,Mustache,r50_seed0,r18_seed0,17.82343793710609,0.7441428108569403
brightness_s3,fixed_0_5,No_Beard,r50_seed0,r18_seed0,0.40901321072457364,-0.028832868793915445
brightness_s3,fixed_0_5,Black_Hair,r50_seed0,r18_seed0,-0.06207321447760927,1.1451848825266397
brightness_s3,fixed_0_5,Bushy_Eyebrows,r50_seed0,r18_seed0,8.899409916035783,1.336500871518187
brightness_s3,fixed_0_5,Arched_Eyebrows,r50_seed0,r18_seed0,8.55656563782572,0.9246141163565147
brightness_s3,fixed_0_5,High_Cheekbones,r50_seed0,r18_seed0,-3.721721543028833,-0.38782524114697736
brightness_s3,fixed_0_5,Bags_Under_Eyes,r50_seed0,r18_seed0,6.470917038708462,-1.0622386013884544
brightness_s3,fixed_0_5,Big_Lips,r50_seed0,r18_seed0,9.002766345722959,-0.0022984201204501176
brightness_s3,fixed_0_5,Big_Nose,r50_seed0,r18_seed0,0.6188508827433881,0.27072834477134267
brightness_s3,fixed_0_5,Double_Chin,r50_seed0,r18_seed0,11.02258998535397,-1.0804050845973134
brightness_s3,fixed_0_5,Oval_Face,r50_seed0,r18_seed0,-4.300917246437752,-1.0618936476864516
brightness_s3,fixed_0_5,Receding_Hairline,r50_seed0,r18_seed0,5.143647631695441,-0.4412523943738367
brightness_s3,fixed_0_5,Blond_Hair,r50_seed0,r18_seed0,1.4564229548889362,-0.12500096899978885
brightness_s3,fixed_0_5,Brown_Hair,r50_seed0,r18_seed0,3.560716713873402,2.9774385272802184
brightness_s3,fixed_0_5,Gray_Hair,r50_seed0,r18_seed0,3.0854608743047574,1.3509388573714531
brightness_s3,fixed_0_5,Bald,r50_seed0,r18_seed0,6.445722083421135,-1.1509783401674634
brightness_s3,fixed_0_5,Straight_Hair,r50_seed0,r18_seed0,1.6015222861682776,0.019652087827859432
brightness_s3,fixed_0_5,Wavy_Hair,r50_seed0,r18_seed0,-3.052489967684713,0.455016395341723
brightness_s3,fixed_0_5,Sideburns,r50_seed0,r18_seed0,3.1133106505825348,-0.2884321337979445
brightness_s4,frozen_thresholds,Smiling,m3_seed0,r18_seed0,-0.7008628544924789,0.049776718043037516
brightness_s4,frozen_thresholds,Mouth_Slightly_Open,m3_seed0,r18_seed0,1.2945421560342618,0.09015562519750775
brightness_s4,frozen_thresholds,Eyeglasses,m3_seed0,r18_seed0,-1.2068996714565183,0.14157740876534763
brightness_s4,frozen_thresholds,Bangs,m3_seed0,r18_seed0,-5.170765486643358,-0.13150032096554964
brightness_s4,frozen_thresholds,Wearing_Hat,m3_seed0,r18_seed0,-0.15215716486902675,0.15764103768255433
brightness_s4,frozen_thresholds,Mustache,m3_seed0,r18_seed0,11.547332339411543,-2.06518860058289
brightness_s4,frozen_thresholds,No_Beard,m3_seed0,r18_seed0,0.5161419227095343,0.11139848007601927
brightness_s4,frozen_thresholds,Black_Hair,m3_seed0,r18_seed0,-21.45122416723442,-2.6016296275038098
brightness_s4,frozen_thresholds,Bushy_Eyebrows,m3_seed0,r18_seed0,20.34788862321531,2.0683184216065964
brightness_s4,frozen_thresholds,Arched_Eyebrows,m3_seed0,r18_seed0,13.117377068005876,-0.49523891379686935
brightness_s4,frozen_thresholds,High_Cheekbones,m3_seed0,r18_seed0,3.3212978444422503,0.15217561064253537
brightness_s4,frozen_thresholds,Bags_Under_Eyes,m3_seed0,r18_seed0,11.270581772240329,-0.9332533194397419
brightness_s4,frozen_thresholds,Big_Lips,m3_seed0,r18_seed0,23.544529121434177,-0.5243328489865084
brightness_s4,frozen_thresholds,Big_Nose,m3_seed0,r18_seed0,2.1439597305002334,0.21916730247971694
brightness_s4,frozen_thresholds,Double_Chin,m3_seed0,r18_seed0,2.4594066007067648,0.8159242037063419
brightness_s4,frozen_thresholds,Oval_Face,m3_seed0,r18_seed0,0.8274741240983263,-1.6355962974458516
brightness_s4,frozen_thresholds,Receding_Hairline,m3_seed0,r18_seed0,9.917303791543148,0.47248432640794036
brightness_s4,frozen_thresholds,Blond_Hair,m3_seed0,r18_seed0,1.3107157061091834,-0.16258241628027692
brightness_s4,frozen_thresholds,Brown_Hair,m3_seed0,r18_seed0,0.6400008839764437,-0.0543521893544896
brightness_s4,frozen_thresholds,Gray_Hair,m3_seed0,r18_seed0,-2.6607753685351563,-3.697040573869126
brightness_s4,frozen_thresholds,Bald,m3_seed0,r18_seed0,1.2823286834334646,-4.391807945527626
brightness_s4,frozen_thresholds,Straight_Hair,m3_seed0,r18_seed0,-4.451324969116188,-9.606999977213327
brightness_s4,frozen_thresholds,Wavy_Hair,m3_seed0,r18_seed0,-14.695112133120652,-0.5619652824602417
brightness_s4,frozen_thresholds,Sideburns,m3_seed0,r18_seed0,2.1774860722276745,-1.2246321510839597
brightness_s4,frozen_thresholds,Smiling,oracle_seed0,m3_seed0,0.19342076872641556,-0.09885037288753784
brightness_s4,frozen_thresholds,Mouth_Slightly_Open,oracle_seed0,m3_seed0,-2.766482216421373,-0.041686255966344454
brightness_s4,frozen_thresholds,Eyeglasses,oracle_seed0,m3_seed0,1.147178883704203,-0.1673680915331932
brightness_s4,frozen_thresholds,Bangs,oracle_seed0,m3_seed0,3.6186282184761054,0.6244185976044592
brightness_s4,frozen_thresholds,Wearing_Hat,oracle_seed0,m3_seed0,-0.1129943502824804,0.3189476735639296
brightness_s4,frozen_thresholds,Mustache,oracle_seed0,m3_seed0,-15.316868510104896,2.720169164512032
brightness_s4,frozen_thresholds,No_Beard,oracle_seed0,m3_seed0,0.39560984051177916,-0.025681117722675673
brightness_s4,frozen_thresholds,Black_Hair,oracle_seed0,m3_seed0,16.593266541563096,0.7771875907649717
brightness_s4,frozen_thresholds,Bushy_Eyebrows,oracle_seed0,m3_seed0,-17.662199004785418,-1.941571647466267
brightness_s4,frozen_thresholds,Arched_Eyebrows,oracle_seed0,m3_seed0,-8.725007259729622,0.08963759111307867
brightness_s4,frozen_thresholds,High_Cheekbones,oracle_seed0,m3_seed0,-1.0187614224546393,-0.9268971591400499
brightness_s4,frozen_thresholds,Bags_Under_Eyes,oracle_seed0,m3_seed0,-6.800817975891604,0.7575571114609492
brightness_s4,frozen_thresholds,Big_Lips,oracle_seed0,m3_seed0,-24.10485190855816,1.3102885905512673
brightness_s4,frozen_thresholds,Big_Nose,oracle_seed0,m3_seed0,-2.464081388014616,-0.1374314103575358
brightness_s4,frozen_thresholds,Double_Chin,oracle_seed0,m3_seed0,-7.556577520510588,1.5917848159015424
brightness_s4,frozen_thresholds,Oval_Face,oracle_seed0,m3_seed0,-1.3197101863997251,-2.215721621338229
brightness_s4,frozen_thresholds,Receding_Hairline,oracle_seed0,m3_seed0,-4.586739956662905,-0.28214547715028626
brightness_s4,frozen_thresholds,Blond_Hair,oracle_seed0,m3_seed0,28.440626248622603,1.1103473693946264
brightness_s4,frozen_thresholds,Brown_Hair,oracle_seed0,m3_seed0,-10.736219775729463,-1.7881666161527088
brightness_s4,frozen_thresholds,Gray_Hair,oracle_seed0,m3_seed0,6.526797641551113,1.0370927296922572
brightness_s4,frozen_thresholds,Bald,oracle_seed0,m3_seed0,-5.171998294538193,0.8644097546992136
brightness_s4,frozen_thresholds,Straight_Hair,oracle_seed0,m3_seed0,4.138648781413245,8.057627923248711
brightness_s4,frozen_thresholds,Wavy_Hair,oracle_seed0,m3_seed0,12.781988703425402,1.8723837518213493
brightness_s4,frozen_thresholds,Sideburns,oracle_seed0,m3_seed0,5.338989084870471,1.0044656545769914
brightness_s4,frozen_thresholds,Smiling,oracle_seed0,r18_seed0,-0.5074420857660633,-0.049073654844500325
brightness_s4,frozen_thresholds,Mouth_Slightly_Open,oracle_seed0,r18_seed0,-1.4719400603871113,0.048469369231163295
brightness_s4,frozen_thresholds,Eyeglasses,oracle_seed0,r18_seed0,-0.059720787752315374,-0.025790682767845574
brightness_s4,frozen_thresholds,Bangs,oracle_seed0,r18_seed0,-1.552137268167253,0.4929182766389095
brightness_s4,frozen_thresholds,Wearing_Hat,oracle_seed0,r18_seed0,-0.26515151515150714,0.47658871124648394
brightness_s4,frozen_thresholds,Mustache,oracle_seed0,r18_seed0,-3.769536170693355,0.6549805639291417
brightness_s4,frozen_thresholds,No_Beard,oracle_seed0,r18_seed0,0.9117517632213135,0.0857173623533436
brightness_s4,frozen_thresholds,Black_Hair,oracle_seed0,r18_seed0,-4.857957625671327,-1.824442036738838
brightness_s4,frozen_thresholds,Bushy_Eyebrows,oracle_seed0,r18_seed0,2.6856896184298957,0.12674677414032942
brightness_s4,frozen_thresholds,Arched_Eyebrows,oracle_seed0,r18_seed0,4.3923698082762535,-0.4056013226837907
brightness_s4,frozen_thresholds,High_Cheekbones,oracle_seed0,r18_seed0,2.302536421987611,-0.7747215484975145
brightness_s4,frozen_thresholds,Bags_Under_Eyes,oracle_seed0,r18_seed0,4.469763796348724,-0.1756962079787927
brightness_s4,frozen_thresholds,Big_Lips,oracle_seed0,r18_seed0,-0.5603227871239846,0.7859557415647589
brightness_s4,frozen_thresholds,Big_Nose,oracle_seed0,r18_seed0,-0.3201216575143828,0.08173589212218113
brightness_s4,frozen_thresholds,Double_Chin,oracle_seed0,r18_seed0,-5.097170919803823,2.4077090196078843
brightness_s4,frozen_thresholds,Oval_Face,oracle_seed0,r18_seed0,-0.4922360623013988,-3.8513179187840807
brightness_s4,frozen_thresholds,Receding_Hairline,oracle_seed0,r18_seed0,5.330563834880242,0.1903388492576541
brightness_s4,frozen_thresholds,Blond_Hair,oracle_seed0,r18_seed0,29.751341954731785,0.9477649531143495
brightness_s4,frozen_thresholds,Brown_Hair,oracle_seed0,r18_seed0,-10.09621889175302,-1.8425188055071984
brightness_s4,frozen_thresholds,Gray_Hair,oracle_seed0,r18_seed0,3.8660222730159566,-2.6599478441768687
brightness_s4,frozen_thresholds,Bald,oracle_seed0,r18_seed0,-3.889669611104729,-3.5273981908284124
brightness_s4,frozen_thresholds,Straight_Hair,oracle_seed0,r18_seed0,-0.3126761877029427,-1.549372053964615
brightness_s4,frozen_thresholds,Wavy_Hair,oracle_seed0,r18_seed0,-1.9131234296952515,1.3104184693611076
brightness_s4,frozen_thresholds,Sideburns,oracle_seed0,r18_seed0,7.516475157098146,-0.2201664965069683
brightness_s4,frozen_thresholds,Smiling,r50_seed0,r18_seed0,0.014622641991124397,0.11155557021685913
brightness_s4,frozen_thresholds,Mouth_Slightly_Open,r50_seed0,r18_seed0,2.1414041427137542,0.33518592632416633
brightness_s4,frozen_thresholds,Eyeglasses,r50_seed0,r18_seed0,0.8120163214013876,0.17824307760644365
brightness_s4,frozen_thresholds,Bangs,r50_seed0,r18_seed0,-0.6959546784972126,-0.414432439951784
brightness_s4,frozen_thresholds,Wearing_Hat,r50_seed0,r18_seed0,1.199791688922125,-0.39686634128887066
brightness_s4,frozen_thresholds,Mustache,r50_seed0,r18_seed0,9.666755459022324,1.7034013313796836
brightness_s4,frozen_thresholds,No_Beard,r50_seed0,r18_seed0,0.75577681207456,0.011659609428837925
brightness_s4,frozen_thresholds,Black_Hair,r50_seed0,r18_seed0,1.7459457367793862,3.927953236998327
brightness_s4,frozen_thresholds,Bushy_Eyebrows,r50_seed0,r18_seed0,26.103561803011477,3.8228248934015996
brightness_s4,frozen_thresholds,Arched_Eyebrows,r50_seed0,r18_seed0,11.53339102335621,0.79056218478879
brightness_s4,frozen_thresholds,High_Cheekbones,r50_seed0,r18_seed0,-4.155537658791308,-0.17274082831906235
brightness_s4,frozen_thresholds,Bags_Under_Eyes,r50_seed0,r18_seed0,11.228811380956794,-0.1050679596916404
brightness_s4,frozen_thresholds,Big_Lips,r50_seed0,r18_seed0,24.681019880156807,-0.2549760401425294
brightness_s4,frozen_thresholds,Big_Nose,r50_seed0,r18_seed0,1.1245074756280782,0.8314150009404386
brightness_s4,frozen_thresholds,Double_Chin,r50_seed0,r18_seed0,9.076297478128637,-0.7695112182286357
brightness_s4,frozen_thresholds,Oval_Face,r50_seed0,r18_seed0,0.4668264895269725,-2.545533156138391
brightness_s4,frozen_thresholds,Receding_Hairline,r50_seed0,r18_seed0,13.959198918550324,0.9541043541751337
brightness_s4,frozen_thresholds,Blond_Hair,r50_seed0,r18_seed0,12.523512523512526,-0.8115793056462928
brightness_s4,frozen_thresholds,Brown_Hair,r50_seed0,r18_seed0,5.883602419212597,6.0067235115818125
brightness_s4,frozen_thresholds,Gray_Hair,r50_seed0,r18_seed0,28.551745835435284,1.228479766663837
brightness_s4,frozen_thresholds,Bald,r50_seed0,r18_seed0,3.365877901757086,-1.094978749662756
brightness_s4,frozen_thresholds,Straight_Hair,r50_seed0,r18_seed0,3.789215827252934,1.407661126638926
brightness_s4,frozen_thresholds,Wavy_Hair,r50_seed0,r18_seed0,-3.5910934892152357,1.5621413159897513
brightness_s4,frozen_thresholds,Sideburns,r50_seed0,r18_seed0,8.840502023569652,-1.0844191486214072
brightness_s4,fixed_0_5,Smiling,m3_seed0,r18_seed0,-1.4649697752542545,0.049776718043037516
brightness_s4,fixed_0_5,Mouth_Slightly_Open,m3_seed0,r18_seed0,2.8541162728923486,0.09015562519750775
brightness_s4,fixed_0_5,Eyeglasses,m3_seed0,r18_seed0,0.39659611187148336,0.14157740876534763
brightness_s4,fixed_0_5,Bangs,m3_seed0,r18_seed0,-4.811042481138738,-0.13150032096554964
brightness_s4,fixed_0_5,Wearing_Hat,m3_seed0,r18_seed0,-0.17241332330597547,0.15764103768255433
brightness_s4,fixed_0_5,Mustache,m3_seed0,r18_seed0,27.694490333207966,-2.06518860058289
brightness_s4,fixed_0_5,No_Beard,m3_seed0,r18_seed0,1.3904320380642932,0.11139848007601927
brightness_s4,fixed_0_5,Black_Hair,m3_seed0,r18_seed0,-18.706430580174,-2.6016296275038098
brightness_s4,fixed_0_5,Bushy_Eyebrows,m3_seed0,r18_seed0,19.613233481846624,2.0683184216065964
brightness_s4,fixed_0_5,Arched_Eyebrows,m3_seed0,r18_seed0,23.68238026150188,-0.49523891379686935
brightness_s4,fixed_0_5,High_Cheekbones,m3_seed0,r18_seed0,-3.0881051200457255,0.15217561064253537
brightness_s4,fixed_0_5,Bags_Under_Eyes,m3_seed0,r18_seed0,28.368123814097245,-0.9332533194397419
brightness_s4,fixed_0_5,Big_Lips,m3_seed0,r18_seed0,27.814910755455717,-0.5243328489865084
brightness_s4,fixed_0_5,Big_Nose,m3_seed0,r18_seed0,22.93803523055716,0.21916730247971694
brightness_s4,fixed_0_5,Double_Chin,m3_seed0,r18_seed0,7.508868256854296,0.8159242037063419
brightness_s4,fixed_0_5,Oval_Face,m3_seed0,r18_seed0,-21.981061945171447,-1.6355962974458516
brightness_s4,fixed_0_5,Receding_Hairline,m3_seed0,r18_seed0,20.988133163080754,0.47248432640794036
brightness_s4,fixed_0_5,Blond_Hair,m3_seed0,r18_seed0,-6.471131973693586,-0.16258241628027692
brightness_s4,fixed_0_5,Brown_Hair,m3_seed0,r18_seed0,-1.6316382720296834,-0.0543521893544896
brightness_s4,fixed_0_5,Gray_Hair,m3_seed0,r18_seed0,4.966315310126834,-3.697040573869126
brightness_s4,fixed_0_5,Bald,m3_seed0,r18_seed0,24.491084238573478,-4.391807945527626
brightness_s4,fixed_0_5,Straight_Hair,m3_seed0,r18_seed0,-1.3521283152380326,-9.606999977213327
brightness_s4,fixed_0_5,Wavy_Hair,m3_seed0,r18_seed0,-21.04741439455251,-0.5619652824602417
brightness_s4,fixed_0_5,Sideburns,m3_seed0,r18_seed0,-0.5528764851566115,-1.2246321510839597
brightness_s4,fixed_0_5,Smiling,oracle_seed0,m3_seed0,0.7724347906068796,-0.09885037288753784
brightness_s4,fixed_0_5,Mouth_Slightly_Open,oracle_seed0,m3_seed0,-1.0140301554528164,-0.041686255966344454
brightness_s4,fixed_0_5,Eyeglasses,oracle_seed0,m3_seed0,-0.08107012565869987,-0.1673680915331932
brightness_s4,fixed_0_5,Bangs,oracle_seed0,m3_seed0,0.4304024072063872,0.6244185976044592
brightness_s4,fixed_0_5,Wearing_Hat,oracle_seed0,m3_seed0,1.3970465332333037,0.3189476735639296
brightness_s4,fixed_0_5,Mustache,oracle_seed0,m3_seed0,-14.968681034069983,2.720169164512032
brightness_s4,fixed_0_5,No_Beard,oracle_seed0,m3_seed0,0.13914351050152707,-0.025681117722675673
brightness_s4,fixed_0_5,Black_Hair,oracle_seed0,m3_seed0,23.032683929494674,0.7771875907649717
brightness_s4,fixed_0_5,Bushy_Eyebrows,oracle_seed0,m3_seed0,-11.561746780271113,-1.941571647466267
brightness_s4,fixed_0_5,Arched_Eyebrows,oracle_seed0,m3_seed0,-18.518606884385857,0.08963759111307867
brightness_s4,fixed_0_5,High_Cheekbones,oracle_seed0,m3_seed0,3.6238685380753477,-0.9268971591400499
brightness_s4,fixed_0_5,Bags_Under_Eyes,oracle_seed0,m3_seed0,-22.42833645173089,0.7575571114609492
brightness_s4,fixed_0_5,Big_Lips,oracle_seed0,m3_seed0,-5.940741491464569,1.3102885905512673
brightness_s4,fixed_0_5,Big_Nose,oracle_seed0,m3_seed0,-11.54765919334545,-0.1374314103575358
brightness_s4,fixed_0_5,Double_Chin,oracle_seed0,m3_seed0,-2.099216268051787,1.5917848159015424
brightness_s4,fixed_0_5,Oval_Face,oracle_seed0,m3_seed0,11.437938133832281,-2.215721621338229
brightness_s4,fixed_0_5,Receding_Hairline,oracle_seed0,m3_seed0,-6.4290570819297175,-0.28214547715028626
brightness_s4,fixed_0_5,Blond_Hair,oracle_seed0,m3_seed0,14.529407416572163,1.1103473693946264
brightness_s4,fixed_0_5,Brown_Hair,oracle_seed0,m3_seed0,1.4728957973146988,-1.7881666161527088
brightness_s4,fixed_0_5,Gray_Hair,oracle_seed0,m3_seed0,-17.138849118544545,1.0370927296922572
brightness_s4,fixed_0_5,Bald,oracle_seed0,m3_seed0,-8.128835395829803,0.8644097546992136
brightness_s4,fixed_0_5,Straight_Hair,oracle_seed0,m3_seed0,-8.067619842876212,8.057627923248711
brightness_s4,fixed_0_5,Wavy_Hair,oracle_seed0,m3_seed0,27.264698454053626,1.8723837518213493
brightness_s4,fixed_0_5,Sideburns,oracle_seed0,m3_seed0,11.306581940848826,1.0044656545769914
brightness_s4,fixed_0_5,Smiling,oracle_seed0,r18_seed0,-0.692534984647375,-0.049073654844500325
brightness_s4,fixed_0_5,Mouth_Slightly_Open,oracle_seed0,r18_seed0,1.8400861174395322,0.048469369231163295
brightness_s4,fixed_0_5,Eyeglasses,oracle_seed0,r18_seed0,0.3155259862127835,-0.025790682767845574
brightness_s4,fixed_0_5,Bangs,oracle_seed0,r18_seed0,-4.380640073932351,0.4929182766389095
brightness_s4,fixed_0_5,Wearing_Hat,oracle_seed0,r18_seed0,1.2246332099273283,0.47658871124648394
brightness_s4,fixed_0_5,Mustache,oracle_seed0,r18_seed0,12.72580929913798,0.6549805639291417
brightness_s4,fixed_0_5,No_Beard,oracle_seed0,r18_seed0,1.5295755485658202,0.0857173623533436
brightness_s4,fixed_0_5,Black_Hair,oracle_seed0,r18_seed0,4.326253349320675,-1.824442036738838
brightness_s4,fixed_0_5,Bushy_Eyebrows,oracle_seed0,r18_seed0,8.051486701575511,0.12674677414032942
brightness_s4,fixed_0_5,Arched_Eyebrows,oracle_seed0,r18_seed0,5.163773377116021,-0.4056013226837907
brightness_s4,fixed_0_5,High_Cheekbones,oracle_seed0,r18_seed0,0.5357634180296222,-0.7747215484975145
brightness_s4,fixed_0_5,Bags_Under_Eyes,oracle_seed0,r18_seed0,5.9397873623663555,-0.1756962079787927
brightness_s4,fixed_0_5,Big_Lips,oracle_seed0,r18_seed0,21.87416926399115,0.7859557415647589
brightness_s4,fixed_0_5,Big_Nose,oracle_seed0,r18_seed0,11.390376037211707,0.08173589212218113
brightness_s4,fixed_0_5,Double_Chin,oracle_seed0,r18_seed0,5.409651988802508,2.4077090196078843
brightness_s4,fixed_0_5,Oval_Face,oracle_seed0,r18_seed0,-10.543123811339166,-3.8513179187840807
brightness_s4,fixed_0_5,Receding_Hairline,oracle_seed0,r18_seed0,14.559076081151037,0.1903388492576541
brightness_s4,fixed_0_5,Blond_Hair,oracle_seed0,r18_seed0,8.058275442878577,0.9477649531143495
brightness_s4,fixed_0_5,Brown_Hair,oracle_seed0,r18_seed0,-0.1587424747149846,-1.8425188055071984
brightness_s4,fixed_0_5,Gray_Hair,oracle_seed0,r18_seed0,-12.172533808417713,-2.6599478441768687
brightness_s4,fixed_0_5,Bald,oracle_seed0,r18_seed0,16.362248842743675,-3.5273981908284124
brightness_s4,fixed_0_5,Straight_Hair,oracle_seed0,r18_seed0,-9.419748158114244,-1.549372053964615
brightness_s4,fixed_0_5,Wavy_Hair,oracle_seed0,r18_seed0,6.217284059501116,1.3104184693611076
brightness_s4,fixed_0_5,Sideburns,oracle_seed0,r18_seed0,10.753705455692215,-0.2201664965069683
brightness_s4,fixed_0_5,Smiling,r50_seed0,r18_seed0,-0.046403503239234034,0.11155557021685913
brightness_s4,fixed_0_5,Mouth_Slightly_Open,r50_seed0,r18_seed0,1.234417527041065,0.33518592632416633
brightness_s4,fixed_0_5,Eyeglasses,r50_seed0,r18_seed0,2.667297506409183,0.17824307760644365
brightness_s4,fixed_0_5,Bangs,r50_seed0,r18_seed0,1.0408754856371605,-0.414432439951784
brightness_s4,fixed_0_5,Wearing_Hat,r50_seed0,r18_seed0,1.1459204534894463,-0.39686634128887066
brightness_s4,fixed_0_5,Mustache,r50_seed0,r18_seed0,22.361629885524973,1.7034013313796836
brightness_s4,fixed_0_5,No_Beard,r50_seed0,r18_seed0,0.8202610653183062,0.011659609428837925
brightness_s4,fixed_0_5,Black_Hair,r50_seed0,r18_seed0,4.474773682594979,3.927953236998327
brightness_s4,fixed_0_5,Bushy_Eyebrows,r50_seed0,r18_seed0,19.81230448383733,3.8228248934015996
brightness_s4,fixed_0_5,Arched_Eyebrows,r50_seed0,r18_seed0,24.346282174901457,0.79056218478879
brightness_s4,fixed_0_5,High_Cheekbones,r50_seed0,r18_seed0,-5.898973549065644,-0.17274082831906235
brightness_s4,fixed_0_5,Bags_Under_Eyes,r50_seed0,r18_seed0,23.44988891463464,-0.1050679596916404
brightness_s4,fixed_0_5,Big_Lips,r50_seed0,r18_seed0,18.320455522285258,-0.2549760401425294
brightness_s4,fixed_0_5,Big_Nose,r50_seed0,r18_seed0,7.4833935043546855,0.8314150009404386
brightness_s4,fixed_0_5,Double_Chin,r50_seed0,r18_seed0,20.535576647801097,-0.7695112182286357
brightness_s4,fixed_0_5,Oval_Face,r50_seed0,r18_seed0,-17.824310943554384,-2.545533156138391
brightness_s4,fixed_0_5,Receding_Hairline,r50_seed0,r18_seed0,9.983718376597736,0.9541043541751337
brightness_s4,fixed_0_5,Blond_Hair,r50_seed0,r18_seed0,12.011520488707767,-0.8115793056462928
brightness_s4,fixed_0_5,Brown_Hair,r50_seed0,r18_seed0,2.670429901891216,6.0067235115818125
brightness_s4,fixed_0_5,Gray_Hair,r50_seed0,r18_seed0,20.337190238054664,1.228479766663837
brightness_s4,fixed_0_5,Bald,r50_seed0,r18_seed0,25.162930335502807,-1.094978749662756
brightness_s4,fixed_0_5,Straight_Hair,r50_seed0,r18_seed0,5.083734728517742,1.407661126638926
brightness_s4,fixed_0_5,Wavy_Hair,r50_seed0,r18_seed0,-0.16286347273450907,1.5621413159897513
brightness_s4,fixed_0_5,Sideburns,r50_seed0,r18_seed0,9.827779529766284,-1.0844191486214072
rotation_s1,frozen_thresholds,Smiling,m3_seed0,r18_seed0,0.07712466901172998,-0.004509357933646374
rotation_s1,frozen_thresholds,Mouth_Slightly_Open,m3_seed0,r18_seed0,0.35390892611989466,0.127910823924271
rotation_s1,frozen_thresholds,Eyeglasses,m3_seed0,r18_seed0,-0.46929996089166703,0.0035816536540611565
rotation_s1,frozen_thresholds,Bangs,m3_seed0,r18_seed0,0.5775454642190647,0.06174725826777472
rotation_s1,frozen_thresholds,Wearing_Hat,m3_seed0,r18_seed0,0.2402106634927681,0.44387463083180867
rotation_s1,frozen_thresholds,Mustache,m3_seed0,r18_seed0,-2.0514483985246357,-1.7312275947041322
rotation_s1,frozen_thresholds,No_Beard,m3_seed0,r18_seed0,-0.09968884679358858,0.00022442175338088788
rotation_s1,frozen_thresholds,Black_Hair,m3_seed0,r18_seed0,-0.03923943452940337,0.18132433641291357
rotation_s1,frozen_thresholds,Bushy_Eyebrows,m3_seed0,r18_seed0,-1.257687107139549,-0.3444830955251943
rotation_s1,frozen_thresholds,Arched_Eyebrows,m3_seed0,r18_seed0,0.691982233204036,0.7863426533542661
rotation_s1,frozen_thresholds,High_Cheekbones,m3_seed0,r18_seed0,0.03646892147400882,0.0837882357218156
rotation_s1,frozen_thresholds,Bags_Under_Eyes,m3_seed0,r18_seed0,-1.7998170855958784,0.0843434721772951
rotation_s1,frozen_thresholds,Big_Lips,m3_seed0,r18_seed0,-4.250878657008739,1.3676415694711563
rotation_s1,frozen_thresholds,Big_Nose,m3_seed0,r18_seed0,0.07923067592690014,0.7552905830172874
rotation_s1,frozen_thresholds,Double_Chin,m3_seed0,r18_seed0,-1.8769673873581083,1.4656229698767786
rotation_s1,frozen_thresholds,Oval_Face,m3_seed0,r18_seed0,-0.6935318062825768,1.4531045021900946
rotation_s1,frozen_thresholds,Receding_Hairline,m3_seed0,r18_seed0,3.63287071597328,1.714532236216748
rotation_s1,frozen_thresholds,Blond_Hair,m3_seed0,r18_seed0,0.6866354130161678,0.3537511521063186
rotation_s1,frozen_thresholds,Brown_Hair,m3_seed0,r18_seed0,-1.0464696124078632,-0.47579663102115255
rotation_s1,frozen_thresholds,Gray_Hair,m3_seed0,r18_seed0,0.40564180572142394,-0.471588852389937
rotation_s1,frozen_thresholds,Bald,m3_seed0,r18_seed0,-0.21834061135370675,-0.0024829752584221154
rotation_s1,frozen_thresholds,Straight_Hair,m3_seed0,r18_seed0,-0.31030231965620825,-0.6433662769194548
rotation_s1,frozen_thresholds,Wavy_Hair,m3_seed0,r18_seed0,0.6959426444345995,0.11343797086578178
rotation_s1,frozen_thresholds,Sideburns,m3_seed0,r18_seed0,0.5276955657514737,-0.2147553210240738
rotation_s1,frozen_thresholds,Smiling,oracle_seed0,m3_seed0,-0.10497243548791557,-0.03655179954000776
rotation_s1,frozen_thresholds,Mouth_Slightly_Open,oracle_seed0,m3_seed0,-0.5225287294036596,-0.20240978582992675
rotation_s1,frozen_thresholds,Eyeglasses,oracle_seed0,m3_seed0,0.15866458883604384,-0.07263508782506811
rotation_s1,frozen_thresholds,Bangs,oracle_seed0,m3_seed0,-0.43616700352158144,-0.26832683900772647
rotation_s1,frozen_thresholds,Wearing_Hat,oracle_seed0,m3_seed0,0.5298708837055077,-0.2963589319757043
rotation_s1,frozen_thresholds,Mustache,oracle_seed0,m3_seed0,-2.6266988126888657,-0.5801182014086859
rotation_s1,frozen_thresholds,No_Beard,oracle_seed0,m3_seed0,-0.012445783985037817,-0.002169147511910108
rotation_s1,frozen_thresholds,Black_Hair,oracle_seed0,m3_seed0,0.27379407206226114,0.01869574037569599
rotation_s1,frozen_thresholds,Bushy_Eyebrows,oracle_seed0,m3_seed0,0.8547382641705736,0.7311846602681804
rotation_s1,frozen_thresholds,Arched_Eyebrows,oracle_seed0,m3_seed0,0.4905475629845002,-0.4759590850488493
rotation_s1,frozen_thresholds,High_Cheekbones,oracle_seed0,m3_seed0,-0.330921991718347,-0.275316661872016
rotation_s1,frozen_thresholds,Bags_Under_Eyes,oracle_seed0,m3_seed0,1.0469866727511046,-0.778724844232348
rotation_s1,frozen_thresholds,Big_Lips,oracle_seed0,m3_seed0,-0.48245965439237537,-0.4833578711030406
rotation_s1,frozen_thresholds,Big_Nose,oracle_seed0,m3_seed0,-0.5291505432875376,-0.7416038252016977
rotation_s1,frozen_thresholds,Double_Chin,oracle_seed0,m3_seed0,-0.2766259265515436,-0.8221215857298847
rotation_s1,frozen_thresholds,Oval_Face,oracle_seed0,m3_seed0,-1.08989864824649,-1.459552379543494
rotation_s1,frozen_thresholds,Receding_Hairline,oracle_seed0,m3_seed0,-0.00020004160865561005,0.519657767451176
rotation_s1,frozen_thresholds,Blond_Hair,oracle_seed0,m3_seed0,-0.0855294321625566,-0.1617547239919359
rotation_s1,frozen_thresholds,Brown_Hair,oracle_seed0,m3_seed0,1.0254308964363856,0.9396025653675699
rotation_s1,frozen_thresholds,Gray_Hair,oracle_seed0,m3_seed0,-0.3666858980148735,-0.366110579620782
rotation_s1,frozen_thresholds,Bald,oracle_seed0,m3_seed0,-1.3172975090310346,0.23433215808169594
rotation_s1,frozen_thresholds,Straight_Hair,oracle_seed0,m3_seed0,0.1998175354097964,0.9571484203513392
rotation_s1,frozen_thresholds,Wavy_Hair,oracle_seed0,m3_seed0,-1.1381314245061946,-0.305386172512212
rotation_s1,frozen_thresholds,Sideburns,oracle_seed0,m3_seed0,-0.6490940158827119,-0.5148937009633148
rotation_s1,frozen_thresholds,Smiling,oracle_seed0,r18_seed0,-0.027847766476185587,-0.04106115747365413
rotation_s1,frozen_thresholds,Mouth_Slightly_Open,oracle_seed0,r18_seed0,-0.1686198032837649,-0.07449896190565575
rotation_s1,frozen_thresholds,Eyeglasses,oracle_seed0,r18_seed0,-0.3106353720556232,-0.06905343417100696
rotation_s1,frozen_thresholds,Bangs,oracle_seed0,r18_seed0,0.14137846069748328,-0.20657958073995175
rotation_s1,frozen_thresholds,Wearing_Hat,oracle_seed0,r18_seed0,0.7700815471982758,0.14751569885610438
rotation_s1,frozen_thresholds,Mustache,oracle_seed0,r18_seed0,-4.678147211213501,-2.311345796112818
rotation_s1,frozen_thresholds,No_Beard,oracle_seed0,r18_seed0,-0.1121346307786264,-0.00194472575852922
rotation_s1,frozen_thresholds,Black_Hair,oracle_seed0,r18_seed0,0.23455463753285777,0.20002007678860956
rotation_s1,frozen_thresholds,Bushy_Eyebrows,oracle_seed0,r18_seed0,-0.4029488429689754,0.3867015647429861
rotation_s1,frozen_thresholds,Arched_Eyebrows,oracle_seed0,r18_seed0,1.1825297961885362,0.3103835683054168
rotation_s1,frozen_thresholds,High_Cheekbones,oracle_seed0,r18_seed0,-0.2944530702443382,-0.19152842615020038
rotation_s1,frozen_thresholds,Bags_Under_Eyes,oracle_seed0,r18_seed0,-0.7528304128447738,-0.6943813720550529
rotation_s1,frozen_thresholds,Big_Lips,oracle_seed0,r18_seed0,-4.7333383114011145,0.8842836983681157
rotation_s1,frozen_thresholds,Big_Nose,oracle_seed0,r18_seed0,-0.4499198673606375,0.0136867578155897
rotation_s1,frozen_thresholds,Double_Chin,oracle_seed0,r18_seed0,-2.153593313909652,0.643501384146894
rotation_s1,frozen_thresholds,Oval_Face,oracle_seed0,r18_seed0,-1.783430454529067,-0.006447877353399356
rotation_s1,frozen_thresholds,Receding_Hairline,oracle_seed0,r18_seed0,3.632670674364624,2.234190003667924
rotation_s1,frozen_thresholds,Blond_Hair,oracle_seed0,r18_seed0,0.6011059808536112,0.19199642811438267
rotation_s1,frozen_thresholds,Brown_Hair,oracle_seed0,r18_seed0,-0.02103871597147755,0.46380593434641737
rotation_s1,frozen_thresholds,Gray_Hair,oracle_seed0,r18_seed0,0.03895590770655044,-0.837699432010719
rotation_s1,frozen_thresholds,Bald,oracle_seed0,r18_seed0,-1.5356381203847413,0.23184918282327382
rotation_s1,frozen_thresholds,Straight_Hair,oracle_seed0,r18_seed0,-0.11048478424641184,0.3137821434318844
rotation_s1,frozen_thresholds,Wavy_Hair,oracle_seed0,r18_seed0,-0.4421887800715951,-0.19194820164643023
rotation_s1,frozen_thresholds,Sideburns,oracle_seed0,r18_seed0,-0.12139845013123818,-0.7296490219873886
rotation_s1,frozen_thresholds,Smiling,r50_seed0,r18_seed0,0.08996194703237981,-0.011344095773335727
rotation_s1,frozen_thresholds,Mouth_Slightly_Open,r50_seed0,r18_seed0,0.3771964357713431,0.04979121693522437
rotation_s1,frozen_thresholds,Eyeglasses,r50_seed0,r18_seed0,-0.0019898563247244816,-0.0802400063440234
rotation_s1,frozen_thresholds,Bangs,r50_seed0,r18_seed0,-0.71476452397774,-0.527533236885358
rotation_s1,frozen_thresholds,Wearing_Hat,r50_seed0,r18_seed0,0.7720175485258163,-0.25219575859853904
rotation_s1,frozen_thresholds,Mustache,r50_seed0,r18_seed0,-3.691014794188585,0.33362070302119795
rotation_s1,frozen_thresholds,No_Beard,r50_seed0,r18_seed0,-0.20596853595068465,-0.031019117091524162
rotation_s1,frozen_thresholds,Black_Hair,r50_seed0,r18_seed0,0.01017747524348911,0.22704500439741926
rotation_s1,frozen_thresholds,Bushy_Eyebrows,r50_seed0,r18_seed0,-0.24212334731096297,0.0888208933039647
rotation_s1,frozen_thresholds,Arched_Eyebrows,r50_seed0,r18_seed0,0.08508167858360949,0.3226525017437254
rotation_s1,frozen_thresholds,High_Cheekbones,r50_seed0,r18_seed0,-0.48952645650340854,-0.0896442266997699
rotation_s1,frozen_thresholds,Bags_Under_Eyes,r50_seed0,r18_seed0,-1.7843192371568506,-1.1359239534360466
rotation_s1,frozen_thresholds,Big_Lips,r50_seed0,r18_seed0,-2.7135755358013047,-1.02536700517033
rotation_s1,frozen_thresholds,Big_Nose,r50_seed0,r18_seed0,-1.1205856869508923,0.24219227887011252
rotation_s1,frozen_thresholds,Double_Chin,r50_seed0,r18_seed0,-1.186708977801454,-0.44587019253228277
rotation_s1,frozen_thresholds,Oval_Face,r50_seed0,r18_seed0,-0.65172117689275,0.23895898192095588
rotation_s1,frozen_thresholds,Receding_Hairline,r50_seed0,r18_seed0,-0.8640250444362563,-0.2931047751652538
rotation_s1,frozen_thresholds,Blond_Hair,r50_seed0,r18_seed0,0.3712047120521422,0.2501674290067757
rotation_s1,frozen_thresholds,Brown_Hair,r50_seed0,r18_seed0,0.024525996008795126,-0.35259686007762525
rotation_s1,frozen_thresholds,Gray_Hair,r50_seed0,r18_seed0,-0.4082525333527709,0.4099703886708661
rotation_s1,frozen_thresholds,Bald,r50_seed0,r18_seed0,-0.313189651124568,0.43514495387851904
rotation_s1,frozen_thresholds,Straight_Hair,r50_seed0,r18_seed0,0.7843770968537833,-0.18122108360832945
rotation_s1,frozen_thresholds,Wavy_Hair,r50_seed0,r18_seed0,-2.9427444788739487,0.07946066611501656
rotation_s1,frozen_thresholds,Sideburns,r50_seed0,r18_seed0,0.14907404794822776,-0.5160214407805563
rotation_s1,fixed_0_5,Smiling,m3_seed0,r18_seed0,0.1942477957257438,-0.004509357933646374
rotation_s1,fixed_0_5,Mouth_Slightly_Open,m3_seed0,r18_seed0,0.4943614143193109,0.127910823924271
rotation_s1,fixed_0_5,Eyeglasses,m3_seed0,r18_seed0,0.14614599029895148,0.0035816536540611565
rotation_s1,fixed_0_5,Bangs,m3_seed0,r18_seed0,1.6366577903172086,0.06174725826777472
rotation_s1,fixed_0_5,Wearing_Hat,m3_seed0,r18_seed0,0.2159684086452507,0.44387463083180867
rotation_s1,fixed_0_5,Mustache,m3_seed0,r18_seed0,11.803709274198315,-1.7312275947041322
rotation_s1,fixed_0_5,No_Beard,m3_seed0,r18_seed0,0.32865519855787007,0.00022442175338088788
rotation_s1,fixed_0_5,Black_Hair,m3_seed0,r18_seed0,0.7572910416768996,0.18132433641291357
rotation_s1,fixed_0_5,Bushy_Eyebrows,m3_seed0,r18_seed0,3.034696365613365,-0.3444830955251943
rotation_s1,fixed_0_5,Arched_Eyebrows,m3_seed0,r18_seed0,2.3126334481673116,0.7863426533542661
rotation_s1,fixed_0_5,High_Cheekbones,m3_seed0,r18_seed0,0.11680277497063685,0.0837882357218156
rotation_s1,fixed_0_5,Bags_Under_Eyes,m3_seed0,r18_seed0,4.592739740442764,0.0843434721772951
rotation_s1,fixed_0_5,Big_Lips,m3_seed0,r18_seed0,3.3459152557032077,1.3676415694711563
rotation_s1,fixed_0_5,Big_Nose,m3_seed0,r18_seed0,8.838744266473636,0.7552905830172874
rotation_s1,fixed_0_5,Double_Chin,m3_seed0,r18_seed0,1.6213285184617399,1.4656229698767786
rotation_s1,fixed_0_5,Oval_Face,m3_seed0,r18_seed0,-0.007705400472157731,1.4531045021900946
rotation_s1,fixed_0_5,Receding_Hairline,m3_seed0,r18_seed0,10.776379412495462,1.714532236216748
rotation_s1,fixed_0_5,Blond_Hair,m3_seed0,r18_seed0,0.2688416845764374,0.3537511521063186
rotation_s1,fixed_0_5,Brown_Hair,m3_seed0,r18_seed0,-1.2451978508342787,-0.47579663102115255
rotation_s1,fixed_0_5,Gray_Hair,m3_seed0,r18_seed0,0.4991195733414444,-0.471588852389937
rotation_s1,fixed_0_5,Bald,m3_seed0,r18_seed0,0.6234729126295302,-0.0024829752584221154
rotation_s1,fixed_0_5,Straight_Hair,m3_seed0,r18_seed0,-3.33922829156561,-0.6433662769194548
rotation_s1,fixed_0_5,Wavy_Hair,m3_seed0,r18_seed0,-2.2286240689424974,0.11343797086578178
rotation_s1,fixed_0_5,Sideburns,m3_seed0,r18_seed0,-0.9330094836004776,-0.2147553210240738
rotation_s1,fixed_0_5,Smiling,oracle_seed0,m3_seed0,-0.13748102220633163,-0.03655179954000776
rotation_s1,fixed_0_5,Mouth_Slightly_Open,oracle_seed0,m3_seed0,-0.35486188088090787,-0.20240978582992675
rotation_s1,fixed_0_5,Eyeglasses,oracle_seed0,m3_seed0,0.10931286687037023,-0.07263508782506811
rotation_s1,fixed_0_5,Bangs,oracle_seed0,m3_seed0,-1.8139642058088823,-0.26832683900772647
rotation_s1,fixed_0_5,Wearing_Hat,oracle_seed0,m3_seed0,0.21916228202464305,-0.2963589319757043
rotation_s1,fixed_0_5,Mustache,oracle_seed0,m3_seed0,0.8420479639050127,-0.5801182014086859
rotation_s1,fixed_0_5,No_Beard,oracle_seed0,m3_seed0,-0.0662249512066393,-0.002169147511910108
rotation_s1,fixed_0_5,Black_Hair,oracle_seed0,m3_seed0,0.3954787964419282,0.01869574037569599
rotation_s1,fixed_0_5,Bushy_Eyebrows,oracle_seed0,m3_seed0,5.164388595473635,0.7311846602681804
rotation_s1,fixed_0_5,Arched_Eyebrows,oracle_seed0,m3_seed0,-0.7731051036692249,-0.4759590850488493
rotation_s1,fixed_0_5,High_Cheekbones,oracle_seed0,m3_seed0,-0.3303576521590301,-0.275316661872016
rotation_s1,fixed_0_5,Bags_Under_Eyes,oracle_seed0,m3_seed0,-1.8775491595475702,-0.778724844232348
rotation_s1,fixed_0_5,Big_Lips,oracle_seed0,m3_seed0,15.30669407388195,-0.4833578711030406
rotation_s1,fixed_0_5,Big_Nose,oracle_seed0,m3_seed0,-2.1482838712936103,-0.7416038252016977
rotation_s1,fixed_0_5,Double_Chin,oracle_seed0,m3_seed0,2.9875067164561955,-0.8221215857298847
rotation_s1,fixed_0_5,Oval_Face,oracle_seed0,m3_seed0,-5.360975882644836,-1.459552379543494
rotation_s1,fixed_0_5,Receding_Hairline,oracle_seed0,m3_seed0,-0.7361406406942272,0.519657767451176
rotation_s1,fixed_0_5,Blond_Hair,oracle_seed0,m3_seed0,-0.6509196955720609,-0.1617547239919359
rotation_s1,fixed_0_5,Brown_Hair,oracle_seed0,m3_seed0,1.6840325568231673,0.9396025653675699
rotation_s1,fixed_0_5,Gray_Hair,oracle_seed0,m3_seed0,-2.6050730369667208,-0.366110579620782
rotation_s1,fixed_0_5,Bald,oracle_seed0,m3_seed0,-0.3211163096949021,0.23433215808169594
rotation_s1,fixed_0_5,Straight_Hair,oracle_seed0,m3_seed0,-3.464967869465163,0.9571484203513392
rotation_s1,fixed_0_5,Wavy_Hair,oracle_seed0,m3_seed0,4.419221231365444,-0.305386172512212
rotation_s1,fixed_0_5,Sideburns,oracle_seed0,m3_seed0,1.1405965082662672,-0.5148937009633148
rotation_s1,fixed_0_5,Smiling,oracle_seed0,r18_seed0,0.05676677351941217,-0.04106115747365413
rotation_s1,fixed_0_5,Mouth_Slightly_Open,oracle_seed0,r18_seed0,0.13949953343840304,-0.07449896190565575
rotation_s1,fixed_0_5,Eyeglasses,oracle_seed0,r18_seed0,0.2554588571693217,-0.06905343417100696
rotation_s1,fixed_0_5,Bangs,oracle_seed0,r18_seed0,-0.1773064154916737,-0.20657958073995175
rotation_s1,fixed_0_5,Wearing_Hat,oracle_seed0,r18_seed0,0.43513069066989374,0.14751569885610438
rotation_s1,fixed_0_5,Mustache,oracle_seed0,r18_seed0,12.645757238103329,-2.311345796112818
rotation_s1,fixed_0_5,No_Beard,oracle_seed0,r18_seed0,0.26243024735123077,-0.00194472575852922
rotation_s1,fixed_0_5,Black_Hair,oracle_seed0,r18_seed0,1.1527698381188278,0.20002007678860956
rotation_s1,fixed_0_5,Bushy_Eyebrows,oracle_seed0,r18_seed0,8.199084961087,0.3867015647429861
rotation_s1,fixed_0_5,Arched_Eyebrows,oracle_seed0,r18_seed0,1.5395283444980867,0.3103835683054168
rotation_s1,fixed_0_5,High_Cheekbones,oracle_seed0,r18_seed0,-0.21355487718839328,-0.19152842615020038
rotation_s1,fixed_0_5,Bags_Under_Eyes,oracle_seed0,r18_seed0,2.715190580895194,-0.6943813720550529
rotation_s1,fixed_0_5,Big_Lips,oracle_seed0,r18_seed0,18.652609329585157,0.8842836983681157
rotation_s1,fixed_0_5,Big_Nose,oracle_seed0,r18_seed0,6.690460395180025,0.0136867578155897
rotation_s1,fixed_0_5,Double_Chin,oracle_seed0,r18_seed0,4.608835234917935,0.643501384146894
rotation_s1,fixed_0_5,Oval_Face,oracle_seed0,r18_seed0,-5.368681283116993,-0.006447877353399356
rotation_s1,fixed_0_5,Receding_Hairline,oracle_seed0,r18_seed0,10.040238771801235,2.234190003667924
rotation_s1,fixed_0_5,Blond_Hair,oracle_seed0,r18_seed0,-0.38207801099562344,0.19199642811438267
rotation_s1,fixed_0_5,Brown_Hair,oracle_seed0,r18_seed0,0.43883470598888863,0.46380593434641737
rotation_s1,fixed_0_5,Gray_Hair,oracle_seed0,r18_seed0,-2.1059534636252764,-0.837699432010719
rotation_s1,fixed_0_5,Bald,oracle_seed0,r18_seed0,0.30235660293462807,0.23184918282327382
rotation_s1,fixed_0_5,Straight_Hair,oracle_seed0,r18_seed0,-6.804196161030774,0.3137821434318844
rotation_s1,fixed_0_5,Wavy_Hair,oracle_seed0,r18_seed0,2.190597162422947,-0.19194820164643023
rotation_s1,fixed_0_5,Sideburns,oracle_seed0,r18_seed0,0.2075870246657896,-0.7296490219873886
rotation_s1,fixed_0_5,Smiling,r50_seed0,r18_seed0,-0.11817757563944431,-0.011344095773335727
rotation_s1,fixed_0_5,Mouth_Slightly_Open,r50_seed0,r18_seed0,-0.122594603474524,0.04979121693522437
rotation_s1,fixed_0_5,Eyeglasses,r50_seed0,r18_seed0,0.8159071054736677,-0.0802400063440234
rotation_s1,fixed_0_5,Bangs,r50_seed0,r18_seed0,0.4579468127421715,-0.527533236885358
rotation_s1,fixed_0_5,Wearing_Hat,r50_seed0,r18_seed0,-0.03585617689048082,-0.25219575859853904
rotation_s1,fixed_0_5,Mustache,r50_seed0,r18_seed0,4.60692128965996,0.33362070302119795
rotation_s1,fixed_0_5,No_Beard,r50_seed0,r18_seed0,-0.20634196461251086,-0.031019117091524162
rotation_s1,fixed_0_5,Black_Hair,r50_seed0,r18_seed0,-0.09969740302052665,0.22704500439741926
rotation_s1,fixed_0_5,Bushy_Eyebrows,r50_seed0,r18_seed0,-0.5264317436022292,0.0888208933039647
rotation_s1,fixed_0_5,Arched_Eyebrows,r50_seed0,r18_seed0,4.507634286109274,0.3226525017437254
rotation_s1,fixed_0_5,High_Cheekbones,r50_seed0,r18_seed0,-0.20021737677203832,-0.0896442266997699
rotation_s1,fixed_0_5,Bags_Under_Eyes,r50_seed0,r18_seed0,-1.8387741747525277,-1.1359239534360466
rotation_s1,fixed_0_5,Big_Lips,r50_seed0,r18_seed0,-3.411914561994858,-1.02536700517033
rotation_s1,fixed_0_5,Big_Nose,r50_seed0,r18_seed0,-5.313136609093727,0.24219227887011252
rotation_s1,fixed_0_5,Double_Chin,r50_seed0,r18_seed0,0.6004160296593397,-0.44587019253228277
rotation_s1,fixed_0_5,Oval_Face,r50_seed0,r18_seed0,-1.2080630243375357,0.23895898192095588
rotation_s1,fixed_0_5,Receding_Hairline,r50_seed0,r18_seed0,-5.8602806902353475,-0.2931047751652538
rotation_s1,fixed_0_5,Blond_Hair,r50_seed0,r18_seed0,0.2225859845687017,0.2501674290067757
rotation_s1,fixed_0_5,Brown_Hair,r50_seed0,r18_seed0,-0.09789256853237616,-0.35259686007762525
rotation_s1,fixed_0_5,Gray_Hair,r50_seed0,r18_seed0,-0.5370205605430556,0.4099703886708661
rotation_s1,fixed_0_5,Bald,r50_seed0,r18_seed0,0.47250047250047,0.43514495387851904
rotation_s1,fixed_0_5,Straight_Hair,r50_seed0,r18_seed0,0.49198957575706803,-0.18122108360832945
rotation_s1,fixed_0_5,Wavy_Hair,r50_seed0,r18_seed0,-1.045068961256057,0.07946066611501656
rotation_s1,fixed_0_5,Sideburns,r50_seed0,r18_seed0,-1.2386812568202843,-0.5160214407805563
rotation_s2,frozen_thresholds,Smiling,m3_seed0,r18_seed0,0.14921077313516662,0.0006745649734574144
rotation_s2,frozen_thresholds,Mouth_Slightly_Open,m3_seed0,r18_seed0,0.31054987777208165,0.19825647976577931
rotation_s2,frozen_thresholds,Eyeglasses,m3_seed0,r18_seed0,-0.06607239802285392,0.00779049525437836
rotation_s2,frozen_thresholds,Bangs,m3_seed0,r18_seed0,0.8112048647906267,0.23404419012703626
rotation_s2,frozen_thresholds,Wearing_Hat,m3_seed0,r18_seed0,0.3299488069119172,0.601361949827417
rotation_s2,frozen_thresholds,Mustache,m3_seed0,r18_seed0,1.486599313015169,1.2001051790818895
rotation_s2,frozen_thresholds,No_Beard,m3_seed0,r18_seed0,0.01460464471286782,0.019063535507335416
rotation_s2,frozen_thresholds,Black_Hair,m3_seed0,r18_seed0,-0.020833819306254053,0.1168356293561712
rotation_s2,frozen_thresholds,Bushy_Eyebrows,m3_seed0,r18_seed0,-1.6395520742354952,0.0007555479589749226
rotation_s2,frozen_thresholds,Arched_Eyebrows,m3_seed0,r18_seed0,3.7801699925409604,1.5580062165663877
rotation_s2,frozen_thresholds,High_Cheekbones,m3_seed0,r18_seed0,0.3802941533366133,0.24098808638313152
rotation_s2,frozen_thresholds,Bags_Under_Eyes,m3_seed0,r18_seed0,-0.8520660516491585,0.12489417945256154
rotation_s2,frozen_thresholds,Big_Lips,m3_seed0,r18_seed0,-0.565248782707034,2.081021393945792
rotation_s2,frozen_thresholds,Big_Nose,m3_seed0,r18_seed0,-0.138483986611726,0.9905139166061727
rotation_s2,frozen_thresholds,Double_Chin,m3_seed0,r18_seed0,-1.192762395572522,2.54433828730406
rotation_s2,frozen_thresholds,Oval_Face,m3_seed0,r18_seed0,-0.12073303337725161,2.312577842056751
rotation_s2,frozen_thresholds,Receding_Hairline,m3_seed0,r18_seed0,3.8128342245989266,1.2129704432924493
rotation_s2,frozen_thresholds,Blond_Hair,m3_seed0,r18_seed0,0.45293582476030325,0.5205140579619516
rotation_s2,frozen_thresholds,Brown_Hair,m3_seed0,r18_seed0,-0.7187930792525776,-0.197843247874796
rotation_s2,frozen_thresholds,Gray_Hair,m3_seed0,r18_seed0,0.454507589010511,-0.3197880937151898
rotation_s2,frozen_thresholds,Bald,m3_seed0,r18_seed0,-1.1429714257143564,-0.30784795741785054
rotation_s2,frozen_thresholds,Straight_Hair,m3_seed0,r18_seed0,-0.601518272775603,-1.1256052392493165
rotation_s2,frozen_thresholds,Wavy_Hair,m3_seed0,r18_seed0,0.10775192960450486,0.3787143428313877
rotation_s2,frozen_thresholds,Sideburns,m3_seed0,r18_seed0,1.778529317403832,0.34517447527130374
rotation_s2,frozen_thresholds,Smiling,oracle_seed0,m3_seed0,-0.4337502312352193,-0.14520404611987336
rotation_s2,frozen_thresholds,Mouth_Slightly_Open,oracle_seed0,m3_seed0,-0.674454245235967,-0.25637363311817873
rotation_s2,frozen_thresholds,Eyeglasses,oracle_seed0,m3_seed0,-0.43401410762423653,-0.05703002815903302
rotation_s2,frozen_thresholds,Bangs,oracle_seed0,m3_seed0,-0.7937237925722762,-0.2886460369324273
rotation_s2,frozen_thresholds,Wearing_Hat,oracle_seed0,m3_seed0,-0.44519875093532724,-0.5261628540140895
rotation_s2,frozen_thresholds,Mustache,oracle_seed0,m3_seed0,-7.113466508672572,-2.0437822738166966
rotation_s2,frozen_thresholds,No_Beard,oracle_seed0,m3_seed0,0.024948908962063587,-0.0077850732670303735
rotation_s2,frozen_thresholds,Black_Hair,oracle_seed0,m3_seed0,-0.03398125511301364,-0.03952108335835147
rotation_s2,frozen_thresholds,Bushy_Eyebrows,oracle_seed0,m3_seed0,0.6453509646881073,0.025308114008482097
rotation_s2,frozen_thresholds,Arched_Eyebrows,oracle_seed0,m3_seed0,-1.2808198376992541,-1.064086103892392
rotation_s2,frozen_thresholds,High_Cheekbones,oracle_seed0,m3_seed0,-0.8414226977223938,-0.7346009188781144
rotation_s2,frozen_thresholds,Bags_Under_Eyes,oracle_seed0,m3_seed0,-1.6320434547794194,-1.093659192727947
rotation_s2,frozen_thresholds,Big_Lips,oracle_seed0,m3_seed0,-3.184491795678046,-0.978070824901911
rotation_s2,frozen_thresholds,Big_Nose,oracle_seed0,m3_seed0,-1.6872728357314015,-1.709356181028654
rotation_s2,frozen_thresholds,Double_Chin,oracle_seed0,m3_seed0,-6.313240318698282,-1.167838140377775
rotation_s2,frozen_thresholds,Oval_Face,oracle_seed0,m3_seed0,-1.3216983288142026,-2.6196613122011714
rotation_s2,frozen_thresholds,Receding_Hairline,oracle_seed0,m3_seed0,-1.0365559473000552,0.7056625568643171
rotation_s2,frozen_thresholds,Blond_Hair,oracle_seed0,m3_seed0,-0.0014964459408850495,-0.5139412401106491
rotation_s2,frozen_thresholds,Brown_Hair,oracle_seed0,m3_seed0,0.9369792452833758,0.37559807775494614
rotation_s2,frozen_thresholds,Gray_Hair,oracle_seed0,m3_seed0,-0.47678355848466136,-0.6349629249726929
rotation_s2,frozen_thresholds,Bald,oracle_seed0,m3_seed0,-0.5163257463603355,-0.12554476269466264
rotation_s2,frozen_thresholds,Straight_Hair,oracle_seed0,m3_seed0,-0.04008322418211918,1.0826096202009028
rotation_s2,frozen_thresholds,Wavy_Hair,oracle_seed0,m3_seed0,-0.6466046601345643,-0.31547348071141457
rotation_s2,frozen_thresholds,Sideburns,oracle_seed0,m3_seed0,-2.3777864341550714,-0.6128757004539409
rotation_s2,frozen_thresholds,Smiling,oracle_seed0,r18_seed0,-0.28453945810005266,-0.14452948114641595
rotation_s2,frozen_thresholds,Mouth_Slightly_Open,oracle_seed0,r18_seed0,-0.3639043674638853,-0.05811715335239942
rotation_s2,frozen_thresholds,Eyeglasses,oracle_seed0,r18_seed0,-0.5000865056470905,-0.04923953290465466
rotation_s2,frozen_thresholds,Bangs,oracle_seed0,r18_seed0,0.01748107221835049,-0.05460184680539104
rotation_s2,frozen_thresholds,Wearing_Hat,oracle_seed0,r18_seed0,-0.11524994402341004,0.07519909581332751
rotation_s2,frozen_thresholds,Mustache,oracle_seed0,r18_seed0,-5.626867195657404,-0.8436770947348071
rotation_s2,frozen_thresholds,No_Beard,oracle_seed0,r18_seed0,0.03955355367493141,0.011278462240305043
rotation_s2,frozen_thresholds,Black_Hair,oracle_seed0,r18_seed0,-0.054815074419267695,0.07731454599781973
rotation_s2,frozen_thresholds,Bushy_Eyebrows,oracle_seed0,r18_seed0,-0.9942011095473879,0.02606366196745702
rotation_s2,frozen_thresholds,Arched_Eyebrows,oracle_seed0,r18_seed0,2.4993501548417063,0.4939201126739956
rotation_s2,frozen_thresholds,High_Cheekbones,oracle_seed0,r18_seed0,-0.46112854438578044,-0.4936128324949829
rotation_s2,frozen_thresholds,Bags_Under_Eyes,oracle_seed0,r18_seed0,-2.484109506428578,-0.9687650132753856
rotation_s2,frozen_thresholds,Big_Lips,oracle_seed0,r18_seed0,-3.7497405783850803,1.1029505690438812
rotation_s2,frozen_thresholds,Big_Nose,oracle_seed0,r18_seed0,-1.8257568223431275,-0.7188422644224812
rotation_s2,frozen_thresholds,Double_Chin,oracle_seed0,r18_seed0,-7.506002714270804,1.376500146926285
rotation_s2,frozen_thresholds,Oval_Face,oracle_seed0,r18_seed0,-1.4424313621914542,-0.3070834701444203
rotation_s2,frozen_thresholds,Receding_Hairline,oracle_seed0,r18_seed0,2.7762782772988714,1.9186330001567664
rotation_s2,frozen_thresholds,Blond_Hair,oracle_seed0,r18_seed0,0.4514393788194182,0.0065728178513024815
rotation_s2,frozen_thresholds,Brown_Hair,oracle_seed0,r18_seed0,0.2181861660307982,0.17775482988015012
rotation_s2,frozen_thresholds,Gray_Hair,oracle_seed0,r18_seed0,-0.022275969474150337,-0.9547510186878827
rotation_s2,frozen_thresholds,Bald,oracle_seed0,r18_seed0,-1.6592971720746919,-0.4333927201125132
rotation_s2,frozen_thresholds,Straight_Hair,oracle_seed0,r18_seed0,-0.6416014969577222,-0.04299561904841376
rotation_s2,frozen_thresholds,Wavy_Hair,oracle_seed0,r18_seed0,-0.5388527305300594,0.06324086211997315
rotation_s2,frozen_thresholds,Sideburns,oracle_seed0,r18_seed0,-0.5992571167512395,-0.26770122518263717
rotation_s2,frozen_thresholds,Smiling,r50_seed0,r18_seed0,-0.35447213170866076,-0.24536423493811688
rotation_s2,frozen_thresholds,Mouth_Slightly_Open,r50_seed0,r18_seed0,0.27258796595031054,-0.17055416091749098
rotation_s2,frozen_thresholds,Eyeglasses,r50_seed0,r18_seed0,0.16270837868788135,0.0593167674316164
rotation_s2,frozen_thresholds,Bangs,r50_seed0,r18_seed0,-0.39526073922714344,-0.48954313602598276
rotation_s2,frozen_thresholds,Wearing_Hat,r50_seed0,r18_seed0,-0.8286941711787232,-0.42913112153136757
rotation_s2,frozen_thresholds,Mustache,r50_seed0,r18_seed0,-6.024993659357635,2.3451897216649753
rotation_s2,frozen_thresholds,No_Beard,r50_seed0,r18_seed0,-0.155420804481321,-0.057781865222905626
rotation_s2,frozen_thresholds,Black_Hair,r50_seed0,r18_seed0,-0.01807861882081596,0.2891767238110021
rotation_s2,frozen_thresholds,Bushy_Eyebrows,r50_seed0,r18_seed0,-1.1705474477775146,-0.3886380587303173
rotation_s2,frozen_thresholds,Arched_Eyebrows,r50_seed0,r18_seed0,2.0650567132230235,0.3727427926863758
rotation_s2,frozen_thresholds,High_Cheekbones,r50_seed0,r18_seed0,-0.45036245787610785,-0.2513454958937622
rotation_s2,frozen_thresholds,Bags_Under_Eyes,r50_seed0,r18_seed0,-0.9308121719836415,-1.2602058845757602
rotation_s2,frozen_thresholds,Big_Lips,r50_seed0,r18_seed0,1.2732431130057231,-2.9592483747093112
rotation_s2,frozen_thresholds,Big_Nose,r50_seed0,r18_seed0,-0.3757678945501164,0.23965911242560534
rotation_s2,frozen_thresholds,Double_Chin,r50_seed0,r18_seed0,-2.001582646743938,-0.5082706379628488
rotation_s2,frozen_thresholds,Oval_Face,r50_seed0,r18_seed0,-0.07983202857263505,0.29761191123983677
rotation_s2,frozen_thresholds,Receding_Hairline,r50_seed0,r18_seed0,-2.0892403641986967,-0.3805283284353034
rotation_s2,frozen_thresholds,Blond_Hair,r50_seed0,r18_seed0,0.5941835829396891,0.12283764826040988
rotation_s2,frozen_thresholds,Brown_Hair,r50_seed0,r18_seed0,0.516356843920518,-0.46791511277776143
rotation_s2,frozen_thresholds,Gray_Hair,r50_seed0,r18_seed0,0.8210239744306458,0.38644998752548343
rotation_s2,frozen_thresholds,Bald,r50_seed0,r18_seed0,0.07373141564317454,1.381922249513734
rotation_s2,frozen_thresholds,Straight_Hair,r50_seed0,r18_seed0,0.8347993024493516,-0.49733938027256563
rotation_s2,frozen_thresholds,Wavy_Hair,r50_seed0,r18_seed0,-2.3618135251115224,0.3400838394158612
rotation_s2,frozen_thresholds,Sideburns,r50_seed0,r18_seed0,0.11634010270396011,0.016785193576995816
rotation_s2,fixed_0_5,Smiling,m3_seed0,r18_seed0,0.2013496689494021,0.0006745649734574144
rotation_s2,fixed_0_5,Mouth_Slightly_Open,m3_seed0,r18_seed0,0.8431366594502498,0.19825647976577931
rotation_s2,fixed_0_5,Eyeglasses,m3_seed0,r18_seed0,0.8924619128726441,0.00779049525437836
rotation_s2,fixed_0_5,Bangs,m3_seed0,r18_seed0,3.0221871467450145,0.23404419012703626
rotation_s2,fixed_0_5,Wearing_Hat,m3_seed0,r18_seed0,0.43656874238053867,0.601361949827417
rotation_s2,fixed_0_5,Mustache,m3_seed0,r18_seed0,19.782688789646414,1.2001051790818895
rotation_s2,fixed_0_5,No_Beard,m3_seed0,r18_seed0,0.6981733222908071,0.019063535507335416
rotation_s2,fixed_0_5,Black_Hair,m3_seed0,r18_seed0,0.7811106637332088,0.1168356293561712
rotation_s2,fixed_0_5,Bushy_Eyebrows,m3_seed0,r18_seed0,3.673028556734914,0.0007555479589749226
rotation_s2,fixed_0_5,Arched_Eyebrows,m3_seed0,r18_seed0,7.099876378246483,1.5580062165663877
rotation_s2,fixed_0_5,High_Cheekbones,m3_seed0,r18_seed0,0.1948678529714698,0.24098808638313152
rotation_s2,fixed_0_5,Bags_Under_Eyes,m3_seed0,r18_seed0,8.804650752216297,0.12489417945256154
rotation_s2,fixed_0_5,Big_Lips,m3_seed0,r18_seed0,6.561806858336644,2.081021393945792
rotation_s2,fixed_0_5,Big_Nose,m3_seed0,r18_seed0,12.896566851304264,0.9905139166061727
rotation_s2,fixed_0_5,Double_Chin,m3_seed0,r18_seed0,8.236153382210922,2.54433828730406
rotation_s2,fixed_0_5,Oval_Face,m3_seed0,r18_seed0,0.1518343270213829,2.312577842056751
rotation_s2,fixed_0_5,Receding_Hairline,m3_seed0,r18_seed0,12.124972570305125,1.2129704432924493
rotation_s2,fixed_0_5,Blond_Hair,m3_seed0,r18_seed0,-0.47409552301477254,0.5205140579619516
rotation_s2,fixed_0_5,Brown_Hair,m3_seed0,r18_seed0,-2.123448284492868,-0.197843247874796
rotation_s2,fixed_0_5,Gray_Hair,m3_seed0,r18_seed0,0.6298742528148327,-0.3197880937151898
rotation_s2,fixed_0_5,Bald,m3_seed0,r18_seed0,1.9627135609800561,-0.30784795741785054
rotation_s2,fixed_0_5,Straight_Hair,m3_seed0,r18_seed0,-2.854347682366065,-1.1256052392493165
rotation_s2,fixed_0_5,Wavy_Hair,m3_seed0,r18_seed0,-3.010921740259609,0.3787143428313877
rotation_s2,fixed_0_5,Sideburns,m3_seed0,r18_seed0,0.7692215426701288,0.34517447527130374
rotation_s2,fixed_0_5,Smiling,oracle_seed0,m3_seed0,-0.41450603835707645,-0.14520404611987336
rotation_s2,fixed_0_5,Mouth_Slightly_Open,oracle_seed0,m3_seed0,-0.2704050972945571,-0.25637363311817873
rotation_s2,fixed_0_5,Eyeglasses,oracle_seed0,m3_seed0,-0.4146482877288804,-0.05703002815903302
rotation_s2,fixed_0_5,Bangs,oracle_seed0,m3_seed0,-2.8747575481202325,-0.2886460369324273
rotation_s2,fixed_0_5,Wearing_Hat,oracle_seed0,m3_seed0,-0.3030161895608341,-0.5261628540140895
rotation_s2,fixed_0_5,Mustache,oracle_seed0,m3_seed0,-3.934144870927059,-2.0437822738166966
rotation_s2,fixed_0_5,No_Beard,oracle_seed0,m3_seed0,-0.04787173850999693,-0.0077850732670303735
rotation_s2,fixed_0_5,Black_Hair,oracle_seed0,m3_seed0,-0.058345882241361835,-0.03952108335835147
rotation_s2,fixed_0_5,Bushy_Eyebrows,oracle_seed0,m3_seed0,4.451767248265936,0.025308114008482097
rotation_s2,fixed_0_5,Arched_Eyebrows,oracle_seed0,m3_seed0,-6.029712570288204,-1.064086103892392
rotation_s2,fixed_0_5,High_Cheekbones,oracle_seed0,m3_seed0,-0.7778509405870437,-0.7346009188781144
rotation_s2,fixed_0_5,Bags_Under_Eyes,oracle_seed0,m3_seed0,-5.497158295211824,-1.093659192727947
rotation_s2,fixed_0_5,Big_Lips,oracle_seed0,m3_seed0,10.98603967305863,-0.978070824901911
rotation_s2,fixed_0_5,Big_Nose,oracle_seed0,m3_seed0,-4.671836268349022,-1.709356181028654
rotation_s2,fixed_0_5,Double_Chin,oracle_seed0,m3_seed0,-3.9072954022373265,-1.167838140377775
rotation_s2,fixed_0_5,Oval_Face,oracle_seed0,m3_seed0,-5.8190534375813066,-2.6196613122011714
rotation_s2,fixed_0_5,Receding_Hairline,oracle_seed0,m3_seed0,-2.3778989878330936,0.7056625568643171
rotation_s2,fixed_0_5,Blond_Hair,oracle_seed0,m3_seed0,-1.4291804948549869,-0.5139412401106491
rotation_s2,fixed_0_5,Brown_Hair,oracle_seed0,m3_seed0,1.5541931868417236,0.37559807775494614
rotation_s2,fixed_0_5,Gray_Hair,oracle_seed0,m3_seed0,-2.4923918117687016,-0.6349629249726929
rotation_s2,fixed_0_5,Bald,oracle_seed0,m3_seed0,-0.9576371361937341,-0.12554476269466264
rotation_s2,fixed_0_5,Straight_Hair,oracle_seed0,m3_seed0,-4.016789370362305,1.0826096202009028
rotation_s2,fixed_0_5,Wavy_Hair,oracle_seed0,m3_seed0,5.608715453801416,-0.31547348071141457
rotation_s2,fixed_0_5,Sideburns,oracle_seed0,m3_seed0,0.8323580796810726,-0.6128757004539409
rotation_s2,fixed_0_5,Smiling,oracle_seed0,r18_seed0,-0.21315636940767435,-0.14452948114641595
rotation_s2,fixed_0_5,Mouth_Slightly_Open,oracle_seed0,r18_seed0,0.5727315621556928,-0.05811715335239942
rotation_s2,fixed_0_5,Eyeglasses,oracle_seed0,r18_seed0,0.4778136251437637,-0.04923953290465466
rotation_s2,fixed_0_5,Bangs,oracle_seed0,r18_seed0,0.147429598624782,-0.05460184680539104
rotation_s2,fixed_0_5,Wearing_Hat,oracle_seed0,r18_seed0,0.13355255281970457,0.07519909581332751
rotation_s2,fixed_0_5,Mustache,oracle_seed0,r18_seed0,15.848543918719354,-0.8436770947348071
rotation_s2,fixed_0_5,No_Beard,oracle_seed0,r18_seed0,0.6503015837808102,0.011278462240305043
rotation_s2,fixed_0_5,Black_Hair,oracle_seed0,r18_seed0,0.722764781491847,0.07731454599781973
rotation_s2,fixed_0_5,Bushy_Eyebrows,oracle_seed0,r18_seed0,8.12479580500085,0.02606366196745702
rotation_s2,fixed_0_5,Arched_Eyebrows,oracle_seed0,r18_seed0,1.0701638079582798,0.4939201126739956
rotation_s2,fixed_0_5,High_Cheekbones,oracle_seed0,r18_seed0,-0.5829830876155739,-0.4936128324949829
rotation_s2,fixed_0_5,Bags_Under_Eyes,oracle_seed0,r18_seed0,3.307492457004474,-0.9687650132753856
rotation_s2,fixed_0_5,Big_Lips,oracle_seed0,r18_seed0,17.547846531395273,1.1029505690438812
rotation_s2,fixed_0_5,Big_Nose,oracle_seed0,r18_seed0,8.224730582955242,-0.7188422644224812
rotation_s2,fixed_0_5,Double_Chin,oracle_seed0,r18_seed0,4.328857979973597,1.376500146926285
rotation_s2,fixed_0_5,Oval_Face,oracle_seed0,r18_seed0,-5.667219110559923,-0.3070834701444203
rotation_s2,fixed_0_5,Receding_Hairline,oracle_seed0,r18_seed0,9.747073582472032,1.9186330001567664
rotation_s2,fixed_0_5,Blond_Hair,oracle_seed0,r18_seed0,-1.9032760178697594,0.0065728178513024815
rotation_s2,fixed_0_5,Brown_Hair,oracle_seed0,r18_seed0,-0.5692550976511446,0.17775482988015012
rotation_s2,fixed_0_5,Gray_Hair,oracle_seed0,r18_seed0,-1.862517558953869,-0.9547510186878827
rotation_s2,fixed_0_5,Bald,oracle_seed0,r18_seed0,1.005076424786322,-0.4333927201125132
rotation_s2,fixed_0_5,Straight_Hair,oracle_seed0,r18_seed0,-6.871137052728371,-0.04299561904841376
rotation_s2,fixed_0_5,Wavy_Hair,oracle_seed0,r18_seed0,2.597793713541807,0.06324086211997315
rotation_s2,fixed_0_5,Sideburns,oracle_seed0,r18_seed0,1.6015796223512013,-0.26770122518263717
rotation_s2,fixed_0_5,Smiling,r50_seed0,r18_seed0,-0.763334806529159,-0.24536423493811688
rotation_s2,fixed_0_5,Mouth_Slightly_Open,r50_seed0,r18_seed0,-0.16393553036579966,-0.17055416091749098
rotation_s2,fixed_0_5,Eyeglasses,r50_seed0,r18_seed0,1.4906954375689785,0.0593167674316164
rotation_s2,fixed_0_5,Bangs,r50_seed0,r18_seed0,0.5622336505807457,-0.48954313602598276
rotation_s2,fixed_0_5,Wearing_Hat,r50_seed0,r18_seed0,-0.6312397487683641,-0.42913112153136757
rotation_s2,fixed_0_5,Mustache,r50_seed0,r18_seed0,6.266142009113896,2.3451897216649753
rotation_s2,fixed_0_5,No_Beard,r50_seed0,r18_seed0,-0.12951994929869537,-0.057781865222905626
rotation_s2,fixed_0_5,Black_Hair,r50_seed0,r18_seed0,-0.09693190333308621,0.2891767238110021
rotation_s2,fixed_0_5,Bushy_Eyebrows,r50_seed0,r18_seed0,-0.7575464437880819,-0.3886380587303173
rotation_s2,fixed_0_5,Arched_Eyebrows,r50_seed0,r18_seed0,10.210298617629032,0.3727427926863758
rotation_s2,fixed_0_5,High_Cheekbones,r50_seed0,r18_seed0,-0.4210025858292443,-0.2513454958937622
rotation_s2,fixed_0_5,Bags_Under_Eyes,r50_seed0,r18_seed0,-0.11305575789441469,-1.2602058845757602
rotation_s2,fixed_0_5,Big_Lips,r50_seed0,r18_seed0,0.4211987219727459,-2.9592483747093112
rotation_s2,fixed_0_5,Big_Nose,r50_seed0,r18_seed0,-4.042693436940226,0.23965911242560534
rotation_s2,fixed_0_5,Double_Chin,r50_seed0,r18_seed0,4.118773946360152,-0.5082706379628488
rotation_s2,fixed_0_5,Oval_Face,r50_seed0,r18_seed0,-1.1090778512373278,0.29761191123983677
rotation_s2,fixed_0_5,Receding_Hairline,r50_seed0,r18_seed0,-7.781981777640063,-0.3805283284353034
rotation_s2,fixed_0_5,Blond_Hair,r50_seed0,r18_seed0,-0.17875474254144263,0.12283764826040988
rotation_s2,fixed_0_5,Brown_Hair,r50_seed0,r18_seed0,-0.5926713471686607,-0.46791511277776143
rotation_s2,fixed_0_5,Gray_Hair,r50_seed0,r18_seed0,-0.20155795256474596,0.38644998752548343
rotation_s2,fixed_0_5,Bald,r50_seed0,r18_seed0,1.9399430984866628,1.381922249513734
rotation_s2,fixed_0_5,Straight_Hair,r50_seed0,r18_seed0,0.43681430246181874,-0.49733938027256563
rotation_s2,fixed_0_5,Wavy_Hair,r50_seed0,r18_seed0,-0.6052904680146187,0.3400838394158612
rotation_s2,fixed_0_5,Sideburns,r50_seed0,r18_seed0,0.3750629346878087,0.016785193576995816
rotation_s3,frozen_thresholds,Smiling,m3_seed0,r18_seed0,0.30997375664315596,0.05676421967878431
rotation_s3,frozen_thresholds,Mouth_Slightly_Open,m3_seed0,r18_seed0,0.031458631264547066,0.2712007525363047
rotation_s3,frozen_thresholds,Eyeglasses,m3_seed0,r18_seed0,0.4875467947125012,0.03288019683985732
rotation_s3,frozen_thresholds,Bangs,m3_seed0,r18_seed0,0.9981656862111277,0.3819777486605336
rotation_s3,frozen_thresholds,Wearing_Hat,m3_seed0,r18_seed0,-0.25112363050578956,0.9501691585525274
rotation_s3,frozen_thresholds,Mustache,m3_seed0,r18_seed0,7.507329054750023,3.435392949182503
rotation_s3,frozen_thresholds,No_Beard,m3_seed0,r18_seed0,0.22302295472512723,0.05348417456921828
rotation_s3,frozen_thresholds,Black_Hair,m3_seed0,r18_seed0,-0.043162393162388124,0.043329256975732644
rotation_s3,frozen_thresholds,Bushy_Eyebrows,m3_seed0,r18_seed0,-0.6516949319133714,1.2340837451858433
rotation_s3,frozen_thresholds,Arched_Eyebrows,m3_seed0,r18_seed0,8.348008206980994,1.7044390652033892
rotation_s3,frozen_thresholds,High_Cheekbones,m3_seed0,r18_seed0,0.7906549913911931,0.5570119395412076
rotation_s3,frozen_thresholds,Bags_Under_Eyes,m3_seed0,r18_seed0,-0.14600370630114545,0.5184259832884397
rotation_s3,frozen_thresholds,Big_Lips,m3_seed0,r18_seed0,4.24931054830979,2.0258220059456655
rotation_s3,frozen_thresholds,Big_Nose,m3_seed0,r18_seed0,1.3137693359682512,2.426839683695514
rotation_s3,frozen_thresholds,Double_Chin,m3_seed0,r18_seed0,3.6636207782710537,3.4690955229283116
rotation_s3,frozen_thresholds,Oval_Face,m3_seed0,r18_seed0,0.7566665361322888,3.4806499035307192
rotation_s3,frozen_thresholds,Receding_Hairline,m3_seed0,r18_seed0,5.35035343733552,0.683653120409744
rotation_s3,frozen_thresholds,Blond_Hair,m3_seed0,r18_seed0,0.10888676545258713,0.5120385882823375
rotation_s3,frozen_thresholds,Brown_Hair,m3_seed0,r18_seed0,0.0163389585636442,-0.10435289045251928
rotation_s3,frozen_thresholds,Gray_Hair,m3_seed0,r18_seed0,1.8154984844109823,0.48076519287396646
rotation_s3,frozen_thresholds,Bald,m3_seed0,r18_seed0,0.1542864252830567,-0.7034583403024763
rotation_s3,frozen_thresholds,Straight_Hair,m3_seed0,r18_seed0,-0.6199642428135643,-1.501229451294428
rotation_s3,frozen_thresholds,Wavy_Hair,m3_seed0,r18_seed0,-0.9414162564165718,0.7927866363446334
rotation_s3,frozen_thresholds,Sideburns,m3_seed0,r18_seed0,4.747096432489695,0.9824838485614551
rotation_s3,frozen_thresholds,Smiling,oracle_seed0,m3_seed0,-1.0463339526625592,-0.2893042729818829
rotation_s3,frozen_thresholds,Mouth_Slightly_Open,oracle_seed0,m3_seed0,-0.5258214082894841,-0.22563823441036357
rotation_s3,frozen_thresholds,Eyeglasses,oracle_seed0,m3_seed0,-0.3681879269349819,-0.0630674075202231
rotation_s3,frozen_thresholds,Bangs,oracle_seed0,m3_seed0,-1.190304880612325,-0.45354030313909943
rotation_s3,frozen_thresholds,Wearing_Hat,oracle_seed0,m3_seed0,0.45740103641239704,-0.5731849133262301
rotation_s3,frozen_thresholds,Mustache,oracle_seed0,m3_seed0,-15.399205605391176,-3.0709468964107645
rotation_s3,frozen_thresholds,No_Beard,oracle_seed0,m3_seed0,-0.07387005998849006,-0.021453226915313373
rotation_s3,frozen_thresholds,Black_Hair,oracle_seed0,m3_seed0,-0.11983606962809867,-0.26501586529434906
rotation_s3,frozen_thresholds,Bushy_Eyebrows,oracle_seed0,m3_seed0,-2.57682620174553,-0.9688157506379635
rotation_s3,frozen_thresholds,Arched_Eyebrows,oracle_seed0,m3_seed0,-6.035409440059802,-1.59729709301617
rotation_s3,frozen_thresholds,High_Cheekbones,oracle_seed0,m3_seed0,-1.9273102147911891,-1.6087720893012358
rotation_s3,frozen_thresholds,Bags_Under_Eyes,oracle_seed0,m3_seed0,-3.9837850832121657,-1.6279589822614793
rotation_s3,frozen_thresholds,Big_Lips,oracle_seed0,m3_seed0,-4.460618136506028,-1.3749988529455082
rotation_s3,frozen_thresholds,Big_Nose,oracle_seed0,m3_seed0,-2.55880888950738,-2.7770442356621183
rotation_s3,frozen_thresholds,Double_Chin,oracle_seed0,m3_seed0,-9.30487650600168,-0.9136192019556288
rotation_s3,frozen_thresholds,Oval_Face,oracle_seed0,m3_seed0,-1.9184830440215905,-3.747160788708326
rotation_s3,frozen_thresholds,Receding_Hairline,oracle_seed0,m3_seed0,-2.0455381321261568,0.7062769962182247
rotation_s3,frozen_thresholds,Blond_Hair,oracle_seed0,m3_seed0,-0.026120686343344968,-0.48684555203873936
rotation_s3,frozen_thresholds,Brown_Hair,oracle_seed0,m3_seed0,0.8099970726008543,-0.21862432329300407
rotation_s3,frozen_thresholds,Gray_Hair,oracle_seed0,m3_seed0,-1.3858340312487116,-1.2029988995228447
rotation_s3,frozen_thresholds,Bald,oracle_seed0,m3_seed0,-2.55430865028341,-0.8933160530657847
rotation_s3,frozen_thresholds,Straight_Hair,oracle_seed0,m3_seed0,0.2811782893277215,0.7257330312332888
rotation_s3,frozen_thresholds,Wavy_Hair,oracle_seed0,m3_seed0,-1.5400796686964036,-0.4892871233828311
rotation_s3,frozen_thresholds,Sideburns,oracle_seed0,m3_seed0,-3.305305454274876,-0.9648232485104824
rotation_s3,frozen_thresholds,Smiling,oracle_seed0,r18_seed0,-0.7363601960194033,-0.23254005330309857
rotation_s3,frozen_thresholds,Mouth_Slightly_Open,oracle_seed0,r18_seed0,-0.49436277702493703,0.04556251812594114
rotation_s3,frozen_thresholds,Eyeglasses,oracle_seed0,r18_seed0,0.11935886777751925,-0.030187210680365784
rotation_s3,frozen_thresholds,Bangs,oracle_seed0,r18_seed0,-0.19213919440119742,-0.07156255447856585
rotation_s3,frozen_thresholds,Wearing_Hat,oracle_seed0,r18_seed0,0.20627740590660748,0.37698424522629725
rotation_s3,frozen_thresholds,Mustache,oracle_seed0,r18_seed0,-7.891876550641152,0.3644460527717386
rotation_s3,frozen_thresholds,No_Beard,oracle_seed0,r18_seed0,0.14915289473663718,0.032030947653904907
rotation_s3,frozen_thresholds,Black_Hair,oracle_seed0,r18_seed0,-0.1629984627904868,-0.22168660831861642
rotation_s3,frozen_thresholds,Bushy_Eyebrows,oracle_seed0,r18_seed0,-3.2285211336589015,0.26526799454787975
rotation_s3,frozen_thresholds,Arched_Eyebrows,oracle_seed0,r18_seed0,2.3125987669211923,0.1071419721872191
rotation_s3,frozen_thresholds,High_Cheekbones,oracle_seed0,r18_seed0,-1.136655223399996,-1.0517601497600282
rotation_s3,frozen_thresholds,Bags_Under_Eyes,oracle_seed0,r18_seed0,-4.129788789513311,-1.1095329989730396
rotation_s3,frozen_thresholds,Big_Lips,oracle_seed0,r18_seed0,-0.2113075881962384,0.6508231530001574
rotation_s3,frozen_thresholds,Big_Nose,oracle_seed0,r18_seed0,-1.245039553539129,-0.35020455196660416
rotation_s3,frozen_thresholds,Double_Chin,oracle_seed0,r18_seed0,-5.641255727730626,2.5554763209726827
rotation_s3,frozen_thresholds,Oval_Face,oracle_seed0,r18_seed0,-1.1618165078893017,-0.26651088517760657
rotation_s3,frozen_thresholds,Receding_Hairline,oracle_seed0,r18_seed0,3.304815305209363,1.3899301166279687
rotation_s3,frozen_thresholds,Blond_Hair,oracle_seed0,r18_seed0,0.08276607910924216,0.025193036243598144
rotation_s3,frozen_thresholds,Brown_Hair,oracle_seed0,r18_seed0,0.8263360311644985,-0.32297721374552335
rotation_s3,frozen_thresholds,Gray_Hair,oracle_seed0,r18_seed0,0.42966445316227064,-0.7222337066488782
rotation_s3,frozen_thresholds,Bald,oracle_seed0,r18_seed0,-2.4000222250003533,-1.596774393368261
rotation_s3,frozen_thresholds,Straight_Hair,oracle_seed0,r18_seed0,-0.33878595348584284,-0.7754964200611392
rotation_s3,frozen_thresholds,Wavy_Hair,oracle_seed0,r18_seed0,-2.4814959251129753,0.30349951296180233
rotation_s3,frozen_thresholds,Sideburns,oracle_seed0,r18_seed0,1.4417909782148186,0.017660600050972697
rotation_s3,frozen_thresholds,Smiling,r50_seed0,r18_seed0,-1.690900071895518,-1.006519298609021
rotation_s3,frozen_thresholds,Mouth_Slightly_Open,r50_seed0,r18_seed0,-0.0034671659385532294,-0.2905109121080218
rotation_s3,frozen_thresholds,Eyeglasses,r50_seed0,r18_seed0,-0.33043079111508833,0.3439675082992255
rotation_s3,frozen_thresholds,Bangs,r50_seed0,r18_seed0,-0.13903337756734357,-0.32206209936556096
rotation_s3,frozen_thresholds,Wearing_Hat,r50_seed0,r18_seed0,-0.6638886131486554,-0.14157993263038682
rotation_s3,frozen_thresholds,Mustache,r50_seed0,r18_seed0,-11.179253606064554,3.250988596676385
rotation_s3,frozen_thresholds,No_Beard,r50_seed0,r18_seed0,-0.2962984422045456,-0.08779787892633228
rotation_s3,frozen_thresholds,Black_Hair,r50_seed0,r18_seed0,-0.32988929889298246,0.2598362205332938
rotation_s3,frozen_thresholds,Bushy_Eyebrows,r50_seed0,r18_seed0,-0.6895955233480855,-0.5748202330995045
rotation_s3,frozen_thresholds,Arched_Eyebrows,r50_seed0,r18_seed0,2.692411820943008,0.14485141617429642
rotation_s3,frozen_thresholds,High_Cheekbones,r50_seed0,r18_seed0,-1.21627008036298,-0.5445547484569824
rotation_s3,frozen_thresholds,Bags_Under_Eyes,r50_seed0,r18_seed0,-2.9426784459212985,-1.4725739210563527
rotation_s3,frozen_thresholds,Big_Lips,r50_seed0,r18_seed0,4.83235421737504,-4.160257062742412
rotation_s3,frozen_thresholds,Big_Nose,r50_seed0,r18_seed0,1.6451528878191235,1.1059437457875854
rotation_s3,frozen_thresholds,Double_Chin,r50_seed0,r18_seed0,1.6296101402249963,-0.5693369558474992
rotation_s3,frozen_thresholds,Oval_Face,r50_seed0,r18_seed0,0.7167551316865417,0.38769138088403654
rotation_s3,frozen_thresholds,Receding_Hairline,r50_seed0,r18_seed0,-3.9465231402340817,-0.8215099169359363
rotation_s3,frozen_thresholds,Blond_Hair,r50_seed0,r18_seed0,0.4842536026300359,0.16992831917561624
rotation_s3,frozen_thresholds,Brown_Hair,r50_seed0,r18_seed0,1.451214033836834,-0.241507987067191
rotation_s3,frozen_thresholds,Gray_Hair,r50_seed0,r18_seed0,-0.06995203666014804,-0.19525522627860115
rotation_s3,frozen_thresholds,Bald,r50_seed0,r18_seed0,1.2244535882686036,1.8273656799060123
rotation_s3,frozen_thresholds,Straight_Hair,r50_seed0,r18_seed0,1.3469737184209962,-0.09536290462925923
rotation_s3,frozen_thresholds,Wavy_Hair,r50_seed0,r18_seed0,-3.6310061784351477,0.55303891756181
rotation_s3,frozen_thresholds,Sideburns,r50_seed0,r18_seed0,-1.628153682948208,-0.6580140776209498
rotation_s3,fixed_0_5,Smiling,m3_seed0,r18_seed0,0.3132371583359883,0.05676421967878431
rotation_s3,fixed_0_5,Mouth_Slightly_Open,m3_seed0,r18_seed0,0.8717329394933526,0.2712007525363047
rotation_s3,fixed_0_5,Eyeglasses,m3_seed0,r18_seed0,3.366967566305634,0.03288019683985732
rotation_s3,fixed_0_5,Bangs,m3_seed0,r18_seed0,4.1375078459477415,0.3819777486605336
rotation_s3,fixed_0_5,Wearing_Hat,m3_seed0,r18_seed0,1.5196529202329612,0.9501691585525274
rotation_s3,fixed_0_5,Mustache,m3_seed0,r18_seed0,17.759777178704216,3.435392949182503
rotation_s3,fixed_0_5,No_Beard,m3_seed0,r18_seed0,1.0286035756649325,0.05348417456921828
rotation_s3,fixed_0_5,Black_Hair,m3_seed0,r18_seed0,1.313280252479876,0.043329256975732644
rotation_s3,fixed_0_5,Bushy_Eyebrows,m3_seed0,r18_seed0,4.689285127774645,1.2340837451858433
rotation_s3,fixed_0_5,Arched_Eyebrows,m3_seed0,r18_seed0,13.992463848440334,1.7044390652033892
rotation_s3,fixed_0_5,High_Cheekbones,m3_seed0,r18_seed0,0.053175237125635544,0.5570119395412076
rotation_s3,fixed_0_5,Bags_Under_Eyes,m3_seed0,r18_seed0,11.636487576919208,0.5184259832884397
rotation_s3,fixed_0_5,Big_Lips,m3_seed0,r18_seed0,7.0610790926303375,2.0258220059456655
rotation_s3,fixed_0_5,Big_Nose,m3_seed0,r18_seed0,16.808612334266172,2.426839683695514
rotation_s3,fixed_0_5,Double_Chin,m3_seed0,r18_seed0,9.534715525554484,3.4690955229283116
rotation_s3,fixed_0_5,Oval_Face,m3_seed0,r18_seed0,-1.1639423417255435,3.4806499035307192
rotation_s3,fixed_0_5,Receding_Hairline,m3_seed0,r18_seed0,14.008762131344932,0.683653120409744
rotation_s3,fixed_0_5,Blond_Hair,m3_seed0,r18_seed0,-0.9090696909578866,0.5120385882823375
rotation_s3,fixed_0_5,Brown_Hair,m3_seed0,r18_seed0,-1.7292476492905329,-0.10435289045251928
rotation_s3,fixed_0_5,Gray_Hair,m3_seed0,r18_seed0,2.111241274129816,0.48076519287396646
rotation_s3,fixed_0_5,Bald,m3_seed0,r18_seed0,3.602145218973618,-0.7034583403024763
rotation_s3,fixed_0_5,Straight_Hair,m3_seed0,r18_seed0,-3.5317930753757776,-1.501229451294428
rotation_s3,fixed_0_5,Wavy_Hair,m3_seed0,r18_seed0,-4.134097225129086,0.7927866363446334
rotation_s3,fixed_0_5,Sideburns,m3_seed0,r18_seed0,3.6640262113722177,0.9824838485614551
rotation_s3,fixed_0_5,Smiling,oracle_seed0,m3_seed0,-0.6036492197916354,-0.2893042729818829
rotation_s3,fixed_0_5,Mouth_Slightly_Open,oracle_seed0,m3_seed0,0.021791809485638414,-0.22563823441036357
rotation_s3,fixed_0_5,Eyeglasses,oracle_seed0,m3_seed0,-1.3261731450986969,-0.0630674075202231
rotation_s3,fixed_0_5,Bangs,oracle_seed0,m3_seed0,-4.584976813571318,-0.45354030313909943
rotation_s3,fixed_0_5,Wearing_Hat,oracle_seed0,m3_seed0,0.24562249907768008,-0.5731849133262301
rotation_s3,fixed_0_5,Mustache,oracle_seed0,m3_seed0,-7.487051124319824,-3.0709468964107645
rotation_s3,fixed_0_5,No_Beard,oracle_seed0,m3_seed0,-0.20406703150477323,-0.021453226915313373
rotation_s3,fixed_0_5,Black_Hair,oracle_seed0,m3_seed0,-0.4520815182028959,-0.26501586529434906
rotation_s3,fixed_0_5,Bushy_Eyebrows,oracle_seed0,m3_seed0,2.2581508671235317,-0.9688157506379635
rotation_s3,fixed_0_5,Arched_Eyebrows,oracle_seed0,m3_seed0,-14.236593234156391,-1.59729709301617
rotation_s3,fixed_0_5,High_Cheekbones,oracle_seed0,m3_seed0,-1.0673421892527069,-1.6087720893012358
rotation_s3,fixed_0_5,Bags_Under_Eyes,oracle_seed0,m3_seed0,-7.015776049903513,-1.6279589822614793
rotation_s3,fixed_0_5,Big_Lips,oracle_seed0,m3_seed0,7.6045061676948915,-1.3749988529455082
rotation_s3,fixed_0_5,Big_Nose,oracle_seed0,m3_seed0,-6.4147689940790285,-2.7770442356621183
rotation_s3,fixed_0_5,Double_Chin,oracle_seed0,m3_seed0,-5.799627978991529,-0.9136192019556288
rotation_s3,fixed_0_5,Oval_Face,oracle_seed0,m3_seed0,-6.812534204427018,-3.747160788708326
rotation_s3,fixed_0_5,Receding_Hairline,oracle_seed0,m3_seed0,-4.604437962287744,0.7062769962182247
rotation_s3,fixed_0_5,Blond_Hair,oracle_seed0,m3_seed0,-1.4607804278057968,-0.48684555203873936
rotation_s3,fixed_0_5,Brown_Hair,oracle_seed0,m3_seed0,1.0529296332213778,-0.21862432329300407
rotation_s3,fixed_0_5,Gray_Hair,oracle_seed0,m3_seed0,-4.170671500457679,-1.2029988995228447
rotation_s3,fixed_0_5,Bald,oracle_seed0,m3_seed0,-4.129329411496463,-0.8933160530657847
rotation_s3,fixed_0_5,Straight_Hair,oracle_seed0,m3_seed0,-2.909902380292362,0.7257330312332888
rotation_s3,fixed_0_5,Wavy_Hair,oracle_seed0,m3_seed0,5.6081215094394565,-0.4892871233828311
rotation_s3,fixed_0_5,Sideburns,oracle_seed0,m3_seed0,0.18243251571974373,-0.9648232485104824
rotation_s3,fixed_0_5,Smiling,oracle_seed0,r18_seed0,-0.29041206145564713,-0.23254005330309857
rotation_s3,fixed_0_5,Mouth_Slightly_Open,oracle_seed0,r18_seed0,0.893524748978991,0.04556251812594114
rotation_s3,fixed_0_5,Eyeglasses,oracle_seed0,r18_seed0,2.0407944212069373,-0.030187210680365784
rotation_s3,fixed_0_5,Bangs,oracle_seed0,r18_seed0,-0.4474689676235766,-0.07156255447856585
rotation_s3,fixed_0_5,Wearing_Hat,oracle_seed0,r18_seed0,1.7652754193106412,0.37698424522629725
rotation_s3,fixed_0_5,Mustache,oracle_seed0,r18_seed0,10.27272605438439,0.3644460527717386
rotation_s3,fixed_0_5,No_Beard,oracle_seed0,r18_seed0,0.8245365441601593,0.032030947653904907
rotation_s3,fixed_0_5,Black_Hair,oracle_seed0,r18_seed0,0.86119873427698,-0.22168660831861642
rotation_s3,fixed_0_5,Bushy_Eyebrows,oracle_seed0,r18_seed0,6.947435994898177,0.26526799454787975
rotation_s3,fixed_0_5,Arched_Eyebrows,oracle_seed0,r18_seed0,-0.24412938571605758,0.1071419721872191
rotation_s3,fixed_0_5,High_Cheekbones,oracle_seed0,r18_seed0,-1.0141669521270713,-1.0517601497600282
rotation_s3,fixed_0_5,Bags_Under_Eyes,oracle_seed0,r18_seed0,4.620711527015694,-1.1095329989730396
rotation_s3,fixed_0_5,Big_Lips,oracle_seed0,r18_seed0,14.665585260325228,0.6508231530001574
rotation_s3,fixed_0_5,Big_Nose,oracle_seed0,r18_seed0,10.393843340187143,-0.35020455196660416
rotation_s3,fixed_0_5,Double_Chin,oracle_seed0,r18_seed0,3.7350875465629554,2.5554763209726827
rotation_s3,fixed_0_5,Oval_Face,oracle_seed0,r18_seed0,-7.976476546152561,-0.26651088517760657
rotation_s3,fixed_0_5,Receding_Hairline,oracle_seed0,r18_seed0,9.404324169057187,1.3899301166279687
rotation_s3,fixed_0_5,Blond_Hair,oracle_seed0,r18_seed0,-2.3698501187636833,0.025193036243598144
rotation_s3,fixed_0_5,Brown_Hair,oracle_seed0,r18_seed0,-0.6763180160691551,-0.32297721374552335
rotation_s3,fixed_0_5,Gray_Hair,oracle_seed0,r18_seed0,-2.059430226327863,-0.7222337066488782
rotation_s3,fixed_0_5,Bald,oracle_seed0,r18_seed0,-0.5271841925228449,-1.596774393368261
rotation_s3,fixed_0_5,Straight_Hair,oracle_seed0,r18_seed0,-6.441695455668139,-0.7754964200611392
rotation_s3,fixed_0_5,Wavy_Hair,oracle_seed0,r18_seed0,1.4740242843103712,0.30349951296180233
rotation_s3,fixed_0_5,Sideburns,oracle_seed0,r18_seed0,3.8464587270919615,0.017660600050972697
rotation_s3,fixed_0_5,Smiling,r50_seed0,r18_seed0,-2.256437720355242,-1.006519298609021
rotation_s3,fixed_0_5,Mouth_Slightly_Open,r50_seed0,r18_seed0,-0.019366738027093433,-0.2905109121080218
rotation_s3,fixed_0_5,Eyeglasses,r50_seed0,r18_seed0,3.1012148572206577,0.3439675082992255
rotation_s3,fixed_0_5,Bangs,r50_seed0,r18_seed0,0.22992269358548256,-0.32206209936556096
rotation_s3,fixed_0_5,Wearing_Hat,r50_seed0,r18_seed0,0.7416730412300843,-0.14157993263038682
rotation_s3,fixed_0_5,Mustache,r50_seed0,r18_seed0,3.0473991775485167,3.250988596676385
rotation_s3,fixed_0_5,No_Beard,r50_seed0,r18_seed0,-0.20604375580184353,-0.08779787892633228
rotation_s3,fixed_0_5,Black_Hair,r50_seed0,r18_seed0,-0.08458019560853014,0.2598362205332938
rotation_s3,fixed_0_5,Bushy_Eyebrows,r50_seed0,r18_seed0,-3.678188546170685,-0.5748202330995045
rotation_s3,fixed_0_5,Arched_Eyebrows,r50_seed0,r18_seed0,13.131601484441907,0.14485141617429642
rotation_s3,fixed_0_5,High_Cheekbones,r50_seed0,r18_seed0,-1.0518333708856353,-0.5445547484569824
rotation_s3,fixed_0_5,Bags_Under_Eyes,r50_seed0,r18_seed0,0.1715219655878425,-1.4725739210563527
rotation_s3,fixed_0_5,Big_Lips,r50_seed0,r18_seed0,-0.30865025130976803,-4.160257062742412
rotation_s3,fixed_0_5,Big_Nose,r50_seed0,r18_seed0,0.48669475100265314,1.1059437457875854
rotation_s3,fixed_0_5,Double_Chin,r50_seed0,r18_seed0,3.873012111207362,-0.5693369558474992
rotation_s3,fixed_0_5,Oval_Face,r50_seed0,r18_seed0,-3.8268820771686918,0.38769138088403654
rotation_s3,fixed_0_5,Receding_Hairline,r50_seed0,r18_seed0,-13.998996905602073,-0.8215099169359363
rotation_s3,fixed_0_5,Blond_Hair,r50_seed0,r18_seed0,0.12532023418091454,0.16992831917561624
rotation_s3,fixed_0_5,Brown_Hair,r50_seed0,r18_seed0,0.2393154166051903,-0.241507987067191
rotation_s3,fixed_0_5,Gray_Hair,r50_seed0,r18_seed0,-0.267096387680843,-0.19525522627860115
rotation_s3,fixed_0_5,Bald,r50_seed0,r18_seed0,-0.05184254071060046,1.8273656799060123
rotation_s3,fixed_0_5,Straight_Hair,r50_seed0,r18_seed0,0.0722339576053832,-0.09536290462925923
rotation_s3,fixed_0_5,Wavy_Hair,r50_seed0,r18_seed0,-1.2971828253528273,0.55303891756181
rotation_s3,fixed_0_5,Sideburns,r50_seed0,r18_seed0,-2.5411270707759614,-0.6580140776209498
rotation_s4,frozen_thresholds,Smiling,m3_seed0,r18_seed0,0.2267692080695327,0.31017205713190776
rotation_s4,frozen_thresholds,Mouth_Slightly_Open,m3_seed0,r18_seed0,-0.9371139521430871,0.38310076323814224
rotation_s4,frozen_thresholds,Eyeglasses,m3_seed0,r18_seed0,2.121834078215734,0.21457850251419552
rotation_s4,frozen_thresholds,Bangs,m3_seed0,r18_seed0,1.2078151994203035,0.5063922121884001
rotation_s4,frozen_thresholds,Wearing_Hat,m3_seed0,r18_seed0,0.7435840452294729,0.8468056688099246
rotation_s4,frozen_thresholds,Mustache,m3_seed0,r18_seed0,13.649526607900754,4.799839581790066
rotation_s4,frozen_thresholds,No_Beard,m3_seed0,r18_seed0,0.35919469529538395,0.11886659928537213
rotation_s4,frozen_thresholds,Black_Hair,m3_seed0,r18_seed0,0.4624632041535959,-0.17100634861659803
rotation_s4,frozen_thresholds,Bushy_Eyebrows,m3_seed0,r18_seed0,-1.3771022297395241,1.4918792485301924
rotation_s4,frozen_thresholds,Arched_Eyebrows,m3_seed0,r18_seed0,11.039700718628765,1.547330514109413
rotation_s4,frozen_thresholds,High_Cheekbones,m3_seed0,r18_seed0,1.3094959875224688,0.8756130694972719
rotation_s4,frozen_thresholds,Bags_Under_Eyes,m3_seed0,r18_seed0,1.4157224623291664,0.9183938517788204
rotation_s4,frozen_thresholds,Big_Lips,m3_seed0,r18_seed0,5.3743438969458825,2.276146241430499
rotation_s4,frozen_thresholds,Big_Nose,m3_seed0,r18_seed0,1.2093267242836436,3.7368823416441543
rotation_s4,frozen_thresholds,Double_Chin,m3_seed0,r18_seed0,5.933544303797467,4.671040612206917
rotation_s4,frozen_thresholds,Oval_Face,m3_seed0,r18_seed0,1.7964281353219036,4.910727614903454
rotation_s4,frozen_thresholds,Receding_Hairline,m3_seed0,r18_seed0,4.2113772277099,0.04699070658009674
rotation_s4,frozen_thresholds,Blond_Hair,m3_seed0,r18_seed0,-1.25709716854574,0.3534010163152246
rotation_s4,frozen_thresholds,Brown_Hair,m3_seed0,r18_seed0,0.06136766047252218,0.08729153730782091
rotation_s4,frozen_thresholds,Gray_Hair,m3_seed0,r18_seed0,1.6952502877629505,0.18215784594001194
rotation_s4,frozen_thresholds,Bald,m3_seed0,r18_seed0,0.3065868263472993,-0.864629531843375
rotation_s4,frozen_thresholds,Straight_Hair,m3_seed0,r18_seed0,0.6993046068254016,-1.3290547644657869
rotation_s4,frozen_thresholds,Wavy_Hair,m3_seed0,r18_seed0,-1.871335368326521,0.9823341984659062
rotation_s4,frozen_thresholds,Sideburns,m3_seed0,r18_seed0,9.14374864988119,1.5630944925099532
rotation_s4,frozen_thresholds,Smiling,oracle_seed0,m3_seed0,-3.4375637594802333,-0.646145278041288
rotation_s4,frozen_thresholds,Mouth_Slightly_Open,oracle_seed0,m3_seed0,-0.019677674721718663,-0.18642542089021275
rotation_s4,frozen_thresholds,Eyeglasses,oracle_seed0,m3_seed0,-0.8005192047522813,-0.34811033311515915
rotation_s4,frozen_thresholds,Bangs,oracle_seed0,m3_seed0,-1.9435773008209978,-0.6340225925516974
rotation_s4,frozen_thresholds,Wearing_Hat,oracle_seed0,m3_seed0,-0.20432937732541845,-0.6715073096784763
rotation_s4,frozen_thresholds,Mustache,oracle_seed0,m3_seed0,-20.799790356394134,-5.6613285464302
rotation_s4,frozen_thresholds,No_Beard,oracle_seed0,m3_seed0,-0.09951967894072933,-0.044406820916220724
rotation_s4,frozen_thresholds,Black_Hair,oracle_seed0,m3_seed0,-0.4099638823969576,-0.4469798241170664
rotation_s4,frozen_thresholds,Bushy_Eyebrows,oracle_seed0,m3_seed0,-4.539518024523548,-0.784766392791969
rotation_s4,frozen_thresholds,Arched_Eyebrows,oracle_seed0,m3_seed0,-11.650172612780285,-1.213373662575734
rotation_s4,frozen_thresholds,High_Cheekbones,oracle_seed0,m3_seed0,-5.80385058560422,-2.3284407835600485
rotation_s4,frozen_thresholds,Bags_Under_Eyes,oracle_seed0,m3_seed0,-5.181663576164198,-1.7866963493768928
rotation_s4,frozen_thresholds,Big_Lips,oracle_seed0,m3_seed0,-5.181045132218546,-1.2584129747712947
rotation_s4,frozen_thresholds,Big_Nose,oracle_seed0,m3_seed0,-3.9754858545839156,-3.604702934176207
rotation_s4,frozen_thresholds,Double_Chin,oracle_seed0,m3_seed0,-10.468303145853195,-0.8289505423854981
rotation_s4,frozen_thresholds,Oval_Face,oracle_seed0,m3_seed0,-1.8538178645686076,-4.263786359731636
rotation_s4,frozen_thresholds,Receding_Hairline,oracle_seed0,m3_seed0,-2.6470981889120004,0.6277299417676074
rotation_s4,frozen_thresholds,Blond_Hair,oracle_seed0,m3_seed0,1.6248080736066317,-0.48242069050012937
rotation_s4,frozen_thresholds,Brown_Hair,oracle_seed0,m3_seed0,1.1651233163865071,-0.5637342698387893
rotation_s4,frozen_thresholds,Gray_Hair,oracle_seed0,m3_seed0,-0.158795912731291,-0.7753136883977052
rotation_s4,frozen_thresholds,Bald,oracle_seed0,m3_seed0,-4.056852791878174,-1.495146602341535
rotation_s4,frozen_thresholds,Straight_Hair,oracle_seed0,m3_seed0,0.7062049005849058,0.9916574635476905
rotation_s4,frozen_thresholds,Wavy_Hair,oracle_seed0,m3_seed0,-2.328726818106608,-0.5645401544015494
rotation_s4,frozen_thresholds,Sideburns,oracle_seed0,m3_seed0,-6.854963082575683,-1.3337900410718917
rotation_s4,frozen_thresholds,Smiling,oracle_seed0,r18_seed0,-3.2107945514107006,-0.3359732209093802
rotation_s4,frozen_thresholds,Mouth_Slightly_Open,oracle_seed0,r18_seed0,-0.9567916268648058,0.1966753423479295
rotation_s4,frozen_thresholds,Eyeglasses,oracle_seed0,r18_seed0,1.3213148734634528,-0.13353183060096363
rotation_s4,frozen_thresholds,Bangs,oracle_seed0,r18_seed0,-0.7357621014006943,-0.1276303803632972
rotation_s4,frozen_thresholds,Wearing_Hat,oracle_seed0,r18_seed0,0.5392546679040544,0.1752983591314483
rotation_s4,frozen_thresholds,Mustache,oracle_seed0,r18_seed0,-7.15026374849338,-0.8614889646401336
rotation_s4,frozen_thresholds,No_Beard,oracle_seed0,r18_seed0,0.2596750163546546,0.07445977836915141
rotation_s4,frozen_thresholds,Black_Hair,oracle_seed0,r18_seed0,0.052499321756638295,-0.6179861727336644
rotation_s4,frozen_thresholds,Bushy_Eyebrows,oracle_seed0,r18_seed0,-5.916620254263072,0.7071128557382234
rotation_s4,frozen_thresholds,Arched_Eyebrows,oracle_seed0,r18_seed0,-0.6104718941515208,0.3339568515336788
rotation_s4,frozen_thresholds,High_Cheekbones,oracle_seed0,r18_seed0,-4.494354598081751,-1.4528277140627766
rotation_s4,frozen_thresholds,Bags_Under_Eyes,oracle_seed0,r18_seed0,-3.765941113835031,-0.8683024975980724
rotation_s4,frozen_thresholds,Big_Lips,oracle_seed0,r18_seed0,0.1932987647273371,1.0177332666592043
rotation_s4,frozen_thresholds,Big_Nose,oracle_seed0,r18_seed0,-2.766159130300272,0.1321794074679472
rotation_s4,frozen_thresholds,Double_Chin,oracle_seed0,r18_seed0,-4.534758842055727,3.8420900698214187
rotation_s4,frozen_thresholds,Oval_Face,oracle_seed0,r18_seed0,-0.057389729246704047,0.6469412551718179
rotation_s4,frozen_thresholds,Receding_Hairline,oracle_seed0,r18_seed0,1.5642790387979,0.6747206483477042
rotation_s4,frozen_thresholds,Blond_Hair,oracle_seed0,r18_seed0,0.36771090506089177,-0.1290196741849048
rotation_s4,frozen_thresholds,Brown_Hair,oracle_seed0,r18_seed0,1.2264909768590293,-0.47644273253096836
rotation_s4,frozen_thresholds,Gray_Hair,oracle_seed0,r18_seed0,1.5364543750316595,-0.5931558424576933
rotation_s4,frozen_thresholds,Bald,oracle_seed0,r18_seed0,-3.7502659655308745,-2.35977613418491
rotation_s4,frozen_thresholds,Straight_Hair,oracle_seed0,r18_seed0,1.4055095074103074,-0.3373973009180964
rotation_s4,frozen_thresholds,Wavy_Hair,oracle_seed0,r18_seed0,-4.200062186433129,0.41779404406435683
rotation_s4,frozen_thresholds,Sideburns,oracle_seed0,r18_seed0,2.288785567305507,0.22930445143806155
rotation_s4,frozen_thresholds,Smiling,r50_seed0,r18_seed0,-3.100871196826016,-2.65576747410019
rotation_s4,frozen_thresholds,Mouth_Slightly_Open,r50_seed0,r18_seed0,-1.010854611174794,-0.5186457014924151
rotation_s4,frozen_thresholds,Eyeglasses,r50_seed0,r18_seed0,-0.5126686061888486,0.4402502088174054
rotation_s4,frozen_thresholds,Bangs,r50_seed0,r18_seed0,-1.0446236965355071,-0.11669013783116577
rotation_s4,frozen_thresholds,Wearing_Hat,r50_seed0,r18_seed0,-0.3294573305302917,-0.585325100153844
rotation_s4,frozen_thresholds,Mustache,r50_seed0,r18_seed0,-5.793002127731434,4.161514266002309
rotation_s4,frozen_thresholds,No_Beard,r50_seed0,r18_seed0,-0.09273706770753787,-0.0759761704152151
rotation_s4,frozen_thresholds,Black_Hair,r50_seed0,r18_seed0,-0.18153032259045077,0.09363712436719629
rotation_s4,frozen_thresholds,Bushy_Eyebrows,r50_seed0,r18_seed0,-1.9488444254980863,-2.0866401857842387
rotation_s4,frozen_thresholds,Arched_Eyebrows,r50_seed0,r18_seed0,3.944732466975309,0.9325163657776026
rotation_s4,frozen_thresholds,High_Cheekbones,r50_seed0,r18_seed0,-2.482120914511443,-1.3499883847348904
rotation_s4,frozen_thresholds,Bags_Under_Eyes,r50_seed0,r18_seed0,-0.1697312588401667,-1.5500014626415592
rotation_s4,frozen_thresholds,Big_Lips,r50_seed0,r18_seed0,6.9092987116242925,-3.636621660254702
rotation_s4,frozen_thresholds,Big_Nose,r50_seed0,r18_seed0,3.979530680927579,1.3552043103278844
rotation_s4,frozen_thresholds,Double_Chin,r50_seed0,r18_seed0,7.740022709113081,-0.47419638004231324
rotation_s4,frozen_thresholds,Oval_Face,r50_seed0,r18_seed0,0.5455169373404622,1.3810592668548671
rotation_s4,frozen_thresholds,Receding_Hairline,r50_seed0,r18_seed0,-6.5400469726657695,-0.9765005194618648
rotation_s4,frozen_thresholds,Blond_Hair,r50_seed0,r18_seed0,0.268659850509656,0.29029727821560103
rotation_s4,frozen_thresholds,Brown_Hair,r50_seed0,r18_seed0,1.7601620331646806,0.4110760535316338
rotation_s4,frozen_thresholds,Gray_Hair,r50_seed0,r18_seed0,1.031392014892074,0.43890415037040054
rotation_s4,frozen_thresholds,Bald,r50_seed0,r18_seed0,1.524988763393309,2.4589637322487423
rotation_s4,frozen_thresholds,Straight_Hair,r50_seed0,r18_seed0,2.065649410686965,0.5695885150569735
rotation_s4,frozen_thresholds,Wavy_Hair,r50_seed0,r18_seed0,-4.927291569303027,0.8737992595967081
rotation_s4,frozen_thresholds,Sideburns,r50_seed0,r18_seed0,-2.1927072439517525,-1.2608136359735012
rotation_s4,fixed_0_5,Smiling,m3_seed0,r18_seed0,-1.195106104431154,0.31017205713190776
rotation_s4,fixed_0_5,Mouth_Slightly_Open,m3_seed0,r18_seed0,0.27222540908213855,0.38310076323814224
rotation_s4,fixed_0_5,Eyeglasses,m3_seed0,r18_seed0,8.670060451797646,0.21457850251419552
rotation_s4,fixed_0_5,Bangs,m3_seed0,r18_seed0,6.102012311378391,0.5063922121884001
rotation_s4,fixed_0_5,Wearing_Hat,m3_seed0,r18_seed0,2.385166455962917,0.8468056688099246
rotation_s4,fixed_0_5,Mustache,m3_seed0,r18_seed0,12.465553574323229,4.799839581790066
rotation_s4,fixed_0_5,No_Beard,m3_seed0,r18_seed0,1.3765138008217104,0.11886659928537213
rotation_s4,fixed_0_5,Black_Hair,m3_seed0,r18_seed0,1.6497743903194362,-0.17100634861659803
rotation_s4,fixed_0_5,Bushy_Eyebrows,m3_seed0,r18_seed0,3.946845480204386,1.4918792485301924
rotation_s4,fixed_0_5,Arched_Eyebrows,m3_seed0,r18_seed0,14.490373341320751,1.547330514109413
rotation_s4,fixed_0_5,High_Cheekbones,m3_seed0,r18_seed0,-2.391540457602581,0.8756130694972719
rotation_s4,fixed_0_5,Bags_Under_Eyes,m3_seed0,r18_seed0,11.652735261796535,0.9183938517788204
rotation_s4,fixed_0_5,Big_Lips,m3_seed0,r18_seed0,7.0875886750454,2.276146241430499
rotation_s4,fixed_0_5,Big_Nose,m3_seed0,r18_seed0,19.51716584866937,3.7368823416441543
rotation_s4,fixed_0_5,Double_Chin,m3_seed0,r18_seed0,8.699133493899959,4.671040612206917
rotation_s4,fixed_0_5,Oval_Face,m3_seed0,r18_seed0,-7.209434563283057,4.910727614903454
rotation_s4,fixed_0_5,Receding_Hairline,m3_seed0,r18_seed0,11.19607001959943,0.04699070658009674
rotation_s4,fixed_0_5,Blond_Hair,m3_seed0,r18_seed0,-2.579977029212499,0.3534010163152246
rotation_s4,fixed_0_5,Brown_Hair,m3_seed0,r18_seed0,-1.722186933691039,0.08729153730782091
rotation_s4,fixed_0_5,Gray_Hair,m3_seed0,r18_seed0,1.939930230579423,0.18215784594001194
rotation_s4,fixed_0_5,Bald,m3_seed0,r18_seed0,7.688443539645196,-0.864629531843375
rotation_s4,fixed_0_5,Straight_Hair,m3_seed0,r18_seed0,-3.074504112239962,-1.3290547644657869
rotation_s4,fixed_0_5,Wavy_Hair,m3_seed0,r18_seed0,-5.5469088254618715,0.9823341984659062
rotation_s4,fixed_0_5,Sideburns,m3_seed0,r18_seed0,8.113720456090013,1.5630944925099532
rotation_s4,fixed_0_5,Smiling,oracle_seed0,m3_seed0,-1.714237057551804,-0.646145278041288
rotation_s4,fixed_0_5,Mouth_Slightly_Open,oracle_seed0,m3_seed0,0.30827165553737323,-0.18642542089021275
rotation_s4,fixed_0_5,Eyeglasses,oracle_seed0,m3_seed0,-2.7685726336084904,-0.34811033311515915
rotation_s4,fixed_0_5,Bangs,oracle_seed0,m3_seed0,-6.67277800513112,-0.6340225925516974
rotation_s4,fixed_0_5,Wearing_Hat,oracle_seed0,m3_seed0,0.010951548230975217,-0.6715073096784763
rotation_s4,fixed_0_5,Mustache,oracle_seed0,m3_seed0,-6.075268817204302,-5.6613285464302
rotation_s4,fixed_0_5,No_Beard,oracle_seed0,m3_seed0,-0.3039240158123735,-0.044406820916220724
rotation_s4,fixed_0_5,Black_Hair,oracle_seed0,m3_seed0,-0.32889349588831607,-0.4469798241170664
rotation_s4,fixed_0_5,Bushy_Eyebrows,oracle_seed0,m3_seed0,1.9031973697128557,-0.784766392791969
rotation_s4,fixed_0_5,Arched_Eyebrows,oracle_seed0,m3_seed0,-18.693566196194464,-1.213373662575734
rotation_s4,fixed_0_5,High_Cheekbones,oracle_seed0,m3_seed0,-1.7112497442532515,-2.3284407835600485
rotation_s4,fixed_0_5,Bags_Under_Eyes,oracle_seed0,m3_seed0,-6.9548850941151565,-1.7866963493768928
rotation_s4,fixed_0_5,Big_Lips,oracle_seed0,m3_seed0,3.547506045869363,-1.2584129747712947
rotation_s4,fixed_0_5,Big_Nose,oracle_seed0,m3_seed0,-7.960918309747828,-3.604702934176207
rotation_s4,fixed_0_5,Double_Chin,oracle_seed0,m3_seed0,-5.100363330655869,-0.8289505423854981
rotation_s4,fixed_0_5,Oval_Face,oracle_seed0,m3_seed0,-8.029302489296613,-4.263786359731636
rotation_s4,fixed_0_5,Receding_Hairline,oracle_seed0,m3_seed0,-4.428307581733898,0.6277299417676074
rotation_s4,fixed_0_5,Blond_Hair,oracle_seed0,m3_seed0,-0.028210630373459722,-0.48242069050012937
rotation_s4,fixed_0_5,Brown_Hair,oracle_seed0,m3_seed0,0.3346919599816922,-0.5637342698387893
rotation_s4,fixed_0_5,Gray_Hair,oracle_seed0,m3_seed0,-4.573894775301424,-0.7753136883977052
rotation_s4,fixed_0_5,Bald,oracle_seed0,m3_seed0,-6.908008926357557,-1.495146602341535
rotation_s4,fixed_0_5,Straight_Hair,oracle_seed0,m3_seed0,-1.105975673109022,0.9916574635476905
rotation_s4,fixed_0_5,Wavy_Hair,oracle_seed0,m3_seed0,5.997669186174159,-0.5645401544015494
rotation_s4,fixed_0_5,Sideburns,oracle_seed0,m3_seed0,-2.1452186388871586,-1.3337900410718917
rotation_s4,fixed_0_5,Smiling,oracle_seed0,r18_seed0,-2.909343161982958,-0.3359732209093802
rotation_s4,fixed_0_5,Mouth_Slightly_Open,oracle_seed0,r18_seed0,0.5804970646195118,0.1966753423479295
rotation_s4,fixed_0_5,Eyeglasses,oracle_seed0,r18_seed0,5.901487818189155,-0.13353183060096363
rotation_s4,fixed_0_5,Bangs,oracle_seed0,r18_seed0,-0.5707656937527283,-0.1276303803632972
rotation_s4,fixed_0_5,Wearing_Hat,oracle_seed0,r18_seed0,2.3961180041938923,0.1752983591314483
rotation_s4,fixed_0_5,Mustache,oracle_seed0,r18_seed0,6.390284757118928,-0.8614889646401336
rotation_s4,fixed_0_5,No_Beard,oracle_seed0,r18_seed0,1.0725897850093369,0.07445977836915141
rotation_s4,fixed_0_5,Black_Hair,oracle_seed0,r18_seed0,1.3208808944311201,-0.6179861727336644
rotation_s4,fixed_0_5,Bushy_Eyebrows,oracle_seed0,r18_seed0,5.850042849917242,0.7071128557382234
rotation_s4,fixed_0_5,Arched_Eyebrows,oracle_seed0,r18_seed0,-4.203192854873714,0.3339568515336788
rotation_s4,fixed_0_5,High_Cheekbones,oracle_seed0,r18_seed0,-4.102790201855832,-1.4528277140627766
rotation_s4,fixed_0_5,Bags_Under_Eyes,oracle_seed0,r18_seed0,4.697850167681378,-0.8683024975980724
rotation_s4,fixed_0_5,Big_Lips,oracle_seed0,r18_seed0,10.635094720914763,1.0177332666592043
rotation_s4,fixed_0_5,Big_Nose,oracle_seed0,r18_seed0,11.556247538921543,0.1321794074679472
rotation_s4,fixed_0_5,Double_Chin,oracle_seed0,r18_seed0,3.5987701632440903,3.8420900698214187
rotation_s4,fixed_0_5,Oval_Face,oracle_seed0,r18_seed0,-15.23873705257967,0.6469412551718179
rotation_s4,fixed_0_5,Receding_Hairline,oracle_seed0,r18_seed0,6.767762437865532,0.6747206483477042
rotation_s4,fixed_0_5,Blond_Hair,oracle_seed0,r18_seed0,-2.6081876595859588,-0.1290196741849048
rotation_s4,fixed_0_5,Brown_Hair,oracle_seed0,r18_seed0,-1.3874949737093467,-0.47644273253096836
rotation_s4,fixed_0_5,Gray_Hair,oracle_seed0,r18_seed0,-2.6339645447220006,-0.5931558424576933
rotation_s4,fixed_0_5,Bald,oracle_seed0,r18_seed0,0.7804346132876394,-2.35977613418491
rotation_s4,fixed_0_5,Straight_Hair,oracle_seed0,r18_seed0,-4.180479785348984,-0.3373973009180964
rotation_s4,fixed_0_5,Wavy_Hair,oracle_seed0,r18_seed0,0.45076036071228787,0.41779404406435683
rotation_s4,fixed_0_5,Sideburns,oracle_seed0,r18_seed0,5.968501817202854,0.22930445143806155
rotation_s4,fixed_0_5,Smiling,r50_seed0,r18_seed0,-5.426665183668533,-2.65576747410019
rotation_s4,fixed_0_5,Mouth_Slightly_Open,r50_seed0,r18_seed0,-0.7728651014690668,-0.5186457014924151
rotation_s4,fixed_0_5,Eyeglasses,r50_seed0,r18_seed0,7.500365641205075,0.4402502088174054
rotation_s4,fixed_0_5,Bangs,r50_seed0,r18_seed0,-0.4649301848768661,-0.11669013783116577
rotation_s4,fixed_0_5,Wearing_Hat,r50_seed0,r18_seed0,1.2128447402951492,-0.585325100153844
rotation_s4,fixed_0_5,Mustache,r50_seed0,r18_seed0,2.6640647405763307,4.161514266002309
rotation_s4,fixed_0_5,No_Beard,r50_seed0,r18_seed0,-0.0706383441866576,-0.0759761704152151
rotation_s4,fixed_0_5,Black_Hair,r50_seed0,r18_seed0,-0.2712754908085868,0.09363712436719629
rotation_s4,fixed_0_5,Bushy_Eyebrows,r50_seed0,r18_seed0,-4.334917115404918,-2.0866401857842387
rotation_s4,fixed_0_5,Arched_Eyebrows,r50_seed0,r18_seed0,14.463761967599748,0.9325163657776026
rotation_s4,fixed_0_5,High_Cheekbones,r50_seed0,r18_seed0,-2.5456184181041674,-1.3499883847348904
rotation_s4,fixed_0_5,Bags_Under_Eyes,r50_seed0,r18_seed0,1.782519820587808,-1.5500014626415592
rotation_s4,fixed_0_5,Big_Lips,r50_seed0,r18_seed0,-0.1800166085620454,-3.636621660254702
rotation_s4,fixed_0_5,Big_Nose,r50_seed0,r18_seed0,6.411104917089011,1.3552043103278844
rotation_s4,fixed_0_5,Double_Chin,r50_seed0,r18_seed0,9.115442662369224,-0.47419638004231324
rotation_s4,fixed_0_5,Oval_Face,r50_seed0,r18_seed0,-14.947938049934207,1.3810592668548671
rotation_s4,fixed_0_5,Receding_Hairline,r50_seed0,r18_seed0,-17.655626682707926,-0.9765005194618648
rotation_s4,fixed_0_5,Blond_Hair,r50_seed0,r18_seed0,0.6866343521365503,0.29029727821560103
rotation_s4,fixed_0_5,Brown_Hair,r50_seed0,r18_seed0,0.052355675125159706,0.4110760535316338
rotation_s4,fixed_0_5,Gray_Hair,r50_seed0,r18_seed0,-0.01920368710792708,0.43890415037040054
rotation_s4,fixed_0_5,Bald,r50_seed0,r18_seed0,2.288258226374418,2.4589637322487423
rotation_s4,fixed_0_5,Straight_Hair,r50_seed0,r18_seed0,0.301221877698965,0.5695885150569735
rotation_s4,fixed_0_5,Wavy_Hair,r50_seed0,r18_seed0,-2.841995262490671,0.8737992595967081
rotation_s4,fixed_0_5,Sideburns,r50_seed0,r18_seed0,-3.4448867266204717,-1.2608136359735012
occlusion_s1,frozen_thresholds,Smiling,m3_seed0,r18_seed0,-0.48960144778209536,0.120136606283483
occlusion_s1,frozen_thresholds,Mouth_Slightly_Open,m3_seed0,r18_seed0,-6.225551985984357,-1.2798658487710335
occlusion_s1,frozen_thresholds,Eyeglasses,m3_seed0,r18_seed0,0.12448232622045419,0.014621430375971745
occlusion_s1,frozen_thresholds,Bangs,m3_seed0,r18_seed0,-0.3651241961017626,0.061606607610831254
occlusion_s1,frozen_thresholds,Wearing_Hat,m3_seed0,r18_seed0,0.33866603932977135,0.4813702158418254
occlusion_s1,frozen_thresholds,Mustache,m3_seed0,r18_seed0,-2.2673838342565924,-2.629819728016347
occlusion_s1,frozen_thresholds,No_Beard,m3_seed0,r18_seed0,-0.8139684616087495,-0.008455857377520637
occlusion_s1,frozen_thresholds,Black_Hair,m3_seed0,r18_seed0,-1.3792952812048176,-0.16032748209680037
occlusion_s1,frozen_thresholds,Bushy_Eyebrows,m3_seed0,r18_seed0,-0.579287912151838,0.07028654971692472
occlusion_s1,frozen_thresholds,Arched_Eyebrows,m3_seed0,r18_seed0,-0.49571797314458266,0.06762851201391751
occlusion_s1,frozen_thresholds,High_Cheekbones,m3_seed0,r18_seed0,0.6779610086498744,0.1807648344892998
occlusion_s1,frozen_thresholds,Bags_Under_Eyes,m3_seed0,r18_seed0,1.0027937086098837,0.3347204702088602
occlusion_s1,frozen_thresholds,Big_Lips,m3_seed0,r18_seed0,-17.07225952642535,0.3456922641608129
occlusion_s1,frozen_thresholds,Big_Nose,m3_seed0,r18_seed0,1.6808366295436805,0.42491284627157455
occlusion_s1,frozen_thresholds,Double_Chin,m3_seed0,r18_seed0,-4.879830813166808,-0.44336300561436115
occlusion_s1,frozen_thresholds,Oval_Face,m3_seed0,r18_seed0,1.6435590972289305,0.8989032837528055
occlusion_s1,frozen_thresholds,Receding_Hairline,m3_seed0,r18_seed0,0.6397347130901232,2.346623916814772
occlusion_s1,frozen_thresholds,Blond_Hair,m3_seed0,r18_seed0,0.16099814948716817,0.18306002582416658
occlusion_s1,frozen_thresholds,Brown_Hair,m3_seed0,r18_seed0,-0.47553568410675373,-0.4606320685600629
occlusion_s1,frozen_thresholds,Gray_Hair,m3_seed0,r18_seed0,-1.4949922166416996,-0.528104468195123
occlusion_s1,frozen_thresholds,Bald,m3_seed0,r18_seed0,-0.30244617950764274,-0.962896909666977
occlusion_s1,frozen_thresholds,Straight_Hair,m3_seed0,r18_seed0,-0.870162399270058,-0.9425314516547934
occlusion_s1,frozen_thresholds,Wavy_Hair,m3_seed0,r18_seed0,0.6065357117746029,-0.14265950376880498
occlusion_s1,frozen_thresholds,Sideburns,m3_seed0,r18_seed0,-3.854068564200863,-0.24301225901041112
occlusion_s1,frozen_thresholds,Smiling,oracle_seed0,m3_seed0,-2.0598078918700358,-0.5300421355185714
occlusion_s1,frozen_thresholds,Mouth_Slightly_Open,oracle_seed0,m3_seed0,4.716319614453512,0.9349557895601768
occlusion_s1,frozen_thresholds,Eyeglasses,oracle_seed0,m3_seed0,0.006182050477043788,-0.03640619090782282
occlusion_s1,frozen_thresholds,Bangs,oracle_seed0,m3_seed0,-0.5525705400332925,-0.31507314455697655
occlusion_s1,frozen_thresholds,Wearing_Hat,oracle_seed0,m3_seed0,0.1877500453461245,0.15084725026334178
occlusion_s1,frozen_thresholds,Mustache,oracle_seed0,m3_seed0,-7.0472545171988035,-0.2723287913943051
occlusion_s1,frozen_thresholds,No_Beard,oracle_seed0,m3_seed0,0.2370718255124915,0.012981356773344999
occlusion_s1,frozen_thresholds,Black_Hair,oracle_seed0,m3_seed0,1.1576369728635405,0.2682105687042968
occlusion_s1,frozen_thresholds,Bushy_Eyebrows,oracle_seed0,m3_seed0,0.2324743010724606,0.059076400173863064
occlusion_s1,frozen_thresholds,Arched_Eyebrows,oracle_seed0,m3_seed0,-0.17474104445106553,-0.5664043053198009
occlusion_s1,frozen_thresholds,High_Cheekbones,oracle_seed0,m3_seed0,-0.47608264390375243,-0.6318011947487046
occlusion_s1,frozen_thresholds,Bags_Under_Eyes,oracle_seed0,m3_seed0,-0.7019468310888399,0.06802935136172028
occlusion_s1,frozen_thresholds,Big_Lips,oracle_seed0,m3_seed0,5.295672434526991,1.4469586618433894
occlusion_s1,frozen_thresholds,Big_Nose,oracle_seed0,m3_seed0,-0.25064036555644265,-0.11454287198735535
occlusion_s1,frozen_thresholds,Double_Chin,oracle_seed0,m3_seed0,2.328688157088088,-1.4617888009670454
occlusion_s1,frozen_thresholds,Oval_Face,oracle_seed0,m3_seed0,-0.04994639563596914,-2.197244825577982
occlusion_s1,frozen_thresholds,Receding_Hairline,oracle_seed0,m3_seed0,0.6113015564822577,0.3030745857648509
occlusion_s1,frozen_thresholds,Blond_Hair,oracle_seed0,m3_seed0,-0.05813984943983108,-0.17060977037302028
occlusion_s1,frozen_thresholds,Brown_Hair,oracle_seed0,m3_seed0,0.5255602567989737,0.585604561090558
occlusion_s1,frozen_thresholds,Gray_Hair,oracle_seed0,m3_seed0,0.19794618275356113,-0.11593187455144482
occlusion_s1,frozen_thresholds,Bald,oracle_seed0,m3_seed0,-1.3425003580869066,0.4554298022228398
occlusion_s1,frozen_thresholds,Straight_Hair,oracle_seed0,m3_seed0,0.6906987896454164,1.4740940908370415
occlusion_s1,frozen_thresholds,Wavy_Hair,oracle_seed0,m3_seed0,-2.10124993955656,-0.0897646988694989
occlusion_s1,frozen_thresholds,Sideburns,oracle_seed0,m3_seed0,1.4824964238754124,0.8175945320780809
occlusion_s1,frozen_thresholds,Smiling,oracle_seed0,r18_seed0,-2.549409339652131,-0.4099055292350884
occlusion_s1,frozen_thresholds,Mouth_Slightly_Open,oracle_seed0,r18_seed0,-1.5092323715308442,-0.3449100592108567
occlusion_s1,frozen_thresholds,Eyeglasses,oracle_seed0,r18_seed0,0.13066437669749797,-0.021784760531851077
occlusion_s1,frozen_thresholds,Bangs,oracle_seed0,r18_seed0,-0.9176947361350551,-0.2534665369461453
occlusion_s1,frozen_thresholds,Wearing_Hat,oracle_seed0,r18_seed0,0.5264160846758958,0.6322174661051672
occlusion_s1,frozen_thresholds,Mustache,oracle_seed0,r18_seed0,-9.314638351455395,-2.902148519410652
occlusion_s1,frozen_thresholds,No_Beard,oracle_seed0,r18_seed0,-0.576896636096258,0.004525499395824362
occlusion_s1,frozen_thresholds,Black_Hair,oracle_seed0,r18_seed0,-0.2216583083412771,0.10788308660749646
occlusion_s1,frozen_thresholds,Bushy_Eyebrows,oracle_seed0,r18_seed0,-0.34681361107937736,0.12936294989078778
occlusion_s1,frozen_thresholds,Arched_Eyebrows,oracle_seed0,r18_seed0,-0.6704590175956482,-0.4987757933058834
occlusion_s1,frozen_thresholds,High_Cheekbones,oracle_seed0,r18_seed0,0.20187836474612197,-0.45103636025940474
occlusion_s1,frozen_thresholds,Bags_Under_Eyes,oracle_seed0,r18_seed0,0.3008468775210438,0.4027498215705805
occlusion_s1,frozen_thresholds,Big_Lips,oracle_seed0,r18_seed0,-11.776587091898358,1.7926509260042023
occlusion_s1,frozen_thresholds,Big_Nose,oracle_seed0,r18_seed0,1.4301962639872379,0.3103699742842192
occlusion_s1,frozen_thresholds,Double_Chin,oracle_seed0,r18_seed0,-2.55114265607872,-1.9051518065814066
occlusion_s1,frozen_thresholds,Oval_Face,oracle_seed0,r18_seed0,1.5936127015929613,-1.2983415418251765
occlusion_s1,frozen_thresholds,Receding_Hairline,oracle_seed0,r18_seed0,1.251036269572381,2.6496985025796227
occlusion_s1,frozen_thresholds,Blond_Hair,oracle_seed0,r18_seed0,0.10285830004733709,0.012450255451146308
occlusion_s1,frozen_thresholds,Brown_Hair,oracle_seed0,r18_seed0,0.05002457269221994,0.12497249253049514
occlusion_s1,frozen_thresholds,Gray_Hair,oracle_seed0,r18_seed0,-1.2970460338881384,-0.6440363427465678
occlusion_s1,frozen_thresholds,Bald,oracle_seed0,r18_seed0,-1.6449465375945493,-0.5074671074441373
occlusion_s1,frozen_thresholds,Straight_Hair,oracle_seed0,r18_seed0,-0.17946360962464158,0.5315626391822481
occlusion_s1,frozen_thresholds,Wavy_Hair,oracle_seed0,r18_seed0,-1.494714227781957,-0.23242420263830388
occlusion_s1,frozen_thresholds,Sideburns,oracle_seed0,r18_seed0,-2.371572140325451,0.5745822730676697
occlusion_s1,frozen_thresholds,Smiling,r50_seed0,r18_seed0,-2.3337335581563257,0.18404357443744246
occlusion_s1,frozen_thresholds,Mouth_Slightly_Open,r50_seed0,r18_seed0,-6.1797638412619875,1.1430421816476688
occlusion_s1,frozen_thresholds,Eyeglasses,r50_seed0,r18_seed0,0.2364502313919492,-0.1359720110376217
occlusion_s1,frozen_thresholds,Bangs,r50_seed0,r18_seed0,-0.33082380411024737,-0.5319541703537656
occlusion_s1,frozen_thresholds,Wearing_Hat,r50_seed0,r18_seed0,0.03074873161481584,-0.45349698925756243
occlusion_s1,frozen_thresholds,Mustache,r50_seed0,r18_seed0,2.4013424499271796,2.0073633526214607
occlusion_s1,frozen_thresholds,No_Beard,r50_seed0,r18_seed0,-0.43506969605986434,-0.030659146044098584
occlusion_s1,frozen_thresholds,Black_Hair,r50_seed0,r18_seed0,-0.029894498777272016,0.25112148966008885
occlusion_s1,frozen_thresholds,Bushy_Eyebrows,r50_seed0,r18_seed0,0.03613120275327564,0.6513715486483718
occlusion_s1,frozen_thresholds,Arched_Eyebrows,r50_seed0,r18_seed0,-0.06661580925880761,0.052299833481883606
occlusion_s1,frozen_thresholds,High_Cheekbones,r50_seed0,r18_seed0,-1.4663649695105918,0.121222792327913
occlusion_s1,frozen_thresholds,Bags_Under_Eyes,r50_seed0,r18_seed0,0.32079026811221434,0.059450208959410666
occlusion_s1,frozen_thresholds,Big_Lips,r50_seed0,r18_seed0,4.152627359041966,-0.8418772559490528
occlusion_s1,frozen_thresholds,Big_Nose,r50_seed0,r18_seed0,1.2229823512278637,0.8050850441460367
occlusion_s1,frozen_thresholds,Double_Chin,r50_seed0,r18_seed0,-2.1643917166305204,-0.6824446841590448
occlusion_s1,frozen_thresholds,Oval_Face,r50_seed0,r18_seed0,-1.2026031928914716,0.8639784489285707
occlusion_s1,frozen_thresholds,Receding_Hairline,r50_seed0,r18_seed0,-0.10896533970110589,0.16124607527723267
occlusion_s1,frozen_thresholds,Blond_Hair,r50_seed0,r18_seed0,-0.08547697097164297,-0.03501626011118697
occlusion_s1,frozen_thresholds,Brown_Hair,r50_seed0,r18_seed0,0.017169919800963385,0.09518295552852774
occlusion_s1,frozen_thresholds,Gray_Hair,r50_seed0,r18_seed0,-2.5807004680244106,0.2944359680433384
occlusion_s1,frozen_thresholds,Bald,r50_seed0,r18_seed0,0.9765968386658108,-0.1932304171205157
occlusion_s1,frozen_thresholds,Straight_Hair,r50_seed0,r18_seed0,0.619667032568505,-0.5499513880970808
occlusion_s1,frozen_thresholds,Wavy_Hair,r50_seed0,r18_seed0,-2.2757197289699604,-0.05850625412826549
occlusion_s1,frozen_thresholds,Sideburns,r50_seed0,r18_seed0,-0.26900892345352867,0.31841310057592054
occlusion_s1,fixed_0_5,Smiling,m3_seed0,r18_seed0,-3.381450584570589,0.120136606283483
occlusion_s1,fixed_0_5,Mouth_Slightly_Open,m3_seed0,r18_seed0,-3.005148869855756,-1.2798658487710335
occlusion_s1,fixed_0_5,Eyeglasses,m3_seed0,r18_seed0,0.6327263305944131,0.014621430375971745
occlusion_s1,fixed_0_5,Bangs,m3_seed0,r18_seed0,1.8092454340662423,0.061606607610831254
occlusion_s1,fixed_0_5,Wearing_Hat,m3_seed0,r18_seed0,-0.012760011674350924,0.4813702158418254
occlusion_s1,fixed_0_5,Mustache,m3_seed0,r18_seed0,10.603986281988472,-2.629819728016347
occlusion_s1,fixed_0_5,No_Beard,m3_seed0,r18_seed0,0.1299663069065038,-0.008455857377520637
occlusion_s1,fixed_0_5,Black_Hair,m3_seed0,r18_seed0,-1.100789584127848,-0.16032748209680037
occlusion_s1,fixed_0_5,Bushy_Eyebrows,m3_seed0,r18_seed0,1.1834675062034172,0.07028654971692472
occlusion_s1,fixed_0_5,Arched_Eyebrows,m3_seed0,r18_seed0,0.09103165679754666,0.06762851201391751
occlusion_s1,fixed_0_5,High_Cheekbones,m3_seed0,r18_seed0,-3.383147535432729,0.1807648344892998
occlusion_s1,fixed_0_5,Bags_Under_Eyes,m3_seed0,r18_seed0,3.904650259392617,0.3347204702088602
occlusion_s1,fixed_0_5,Big_Lips,m3_seed0,r18_seed0,-2.1450419925440944,0.3456922641608129
occlusion_s1,fixed_0_5,Big_Nose,m3_seed0,r18_seed0,3.6750893810013285,0.42491284627157455
occlusion_s1,fixed_0_5,Double_Chin,m3_seed0,r18_seed0,-1.061208732877894,-0.44336300561436115
occlusion_s1,fixed_0_5,Oval_Face,m3_seed0,r18_seed0,-2.4231983457624393,0.8989032837528055
occlusion_s1,fixed_0_5,Receding_Hairline,m3_seed0,r18_seed0,3.4029042559200695,2.346623916814772
occlusion_s1,fixed_0_5,Blond_Hair,m3_seed0,r18_seed0,-0.12027639023552972,0.18306002582416658
occlusion_s1,fixed_0_5,Brown_Hair,m3_seed0,r18_seed0,-2.6165997397316287,-0.4606320685600629
occlusion_s1,fixed_0_5,Gray_Hair,m3_seed0,r18_seed0,-3.985788130223167,-0.528104468195123
occlusion_s1,fixed_0_5,Bald,m3_seed0,r18_seed0,-1.0390083849799447,-0.962896909666977
occlusion_s1,fixed_0_5,Straight_Hair,m3_seed0,r18_seed0,-6.335705444724504,-0.9425314516547934
occlusion_s1,fixed_0_5,Wavy_Hair,m3_seed0,r18_seed0,-1.380782222415311,-0.14265950376880498
occlusion_s1,fixed_0_5,Sideburns,m3_seed0,r18_seed0,-6.872619199710717,-0.24301225901041112
occlusion_s1,fixed_0_5,Smiling,oracle_seed0,m3_seed0,-0.24720196784645543,-0.5300421355185714
occlusion_s1,fixed_0_5,Mouth_Slightly_Open,oracle_seed0,m3_seed0,3.5112435916343054,0.9349557895601768
occlusion_s1,fixed_0_5,Eyeglasses,oracle_seed0,m3_seed0,-0.08663295574354857,-0.03640619090782282
occlusion_s1,fixed_0_5,Bangs,oracle_seed0,m3_seed0,-3.204518317760552,-0.31507314455697655
occlusion_s1,fixed_0_5,Wearing_Hat,oracle_seed0,m3_seed0,0.009838837077169593,0.15084725026334178
occlusion_s1,fixed_0_5,Mustache,oracle_seed0,m3_seed0,-2.847000869313243,-0.2723287913943051
occlusion_s1,fixed_0_5,No_Beard,oracle_seed0,m3_seed0,0.031155221670009503,0.012981356773344999
occlusion_s1,fixed_0_5,Black_Hair,oracle_seed0,m3_seed0,2.320310448632923,0.2682105687042968
occlusion_s1,fixed_0_5,Bushy_Eyebrows,oracle_seed0,m3_seed0,2.89197468003618,0.059076400173863064
occlusion_s1,fixed_0_5,Arched_Eyebrows,oracle_seed0,m3_seed0,-1.4384219769792206,-0.5664043053198009
occlusion_s1,fixed_0_5,High_Cheekbones,oracle_seed0,m3_seed0,2.580685981970876,-0.6318011947487046
occlusion_s1,fixed_0_5,Bags_Under_Eyes,oracle_seed0,m3_seed0,-0.06835865835570498,0.06802935136172028
occlusion_s1,fixed_0_5,Big_Lips,oracle_seed0,m3_seed0,17.08167227640387,1.4469586618433894
occlusion_s1,fixed_0_5,Big_Nose,oracle_seed0,m3_seed0,1.0311127075324111,-0.11454287198735535
occlusion_s1,fixed_0_5,Double_Chin,oracle_seed0,m3_seed0,11.214042739803965,-1.4617888009670454
occlusion_s1,fixed_0_5,Oval_Face,oracle_seed0,m3_seed0,-19.297975177725167,-2.197244825577982
occlusion_s1,fixed_0_5,Receding_Hairline,oracle_seed0,m3_seed0,0.7141985287775876,0.3030745857648509
occlusion_s1,fixed_0_5,Blond_Hair,oracle_seed0,m3_seed0,-0.08906919441139527,-0.17060977037302028
occlusion_s1,fixed_0_5,Brown_Hair,oracle_seed0,m3_seed0,2.434698391130252,0.585604561090558
occlusion_s1,fixed_0_5,Gray_Hair,oracle_seed0,m3_seed0,5.334878223662209,-0.11593187455144482
occlusion_s1,fixed_0_5,Bald,oracle_seed0,m3_seed0,-0.05083022704168716,0.4554298022228398
occlusion_s1,fixed_0_5,Straight_Hair,oracle_seed0,m3_seed0,0.07416164686896431,1.4740940908370415
occlusion_s1,fixed_0_5,Wavy_Hair,oracle_seed0,m3_seed0,2.1780508733925785,-0.0897646988694989
occlusion_s1,fixed_0_5,Sideburns,oracle_seed0,m3_seed0,5.714329943047014,0.8175945320780809
occlusion_s1,fixed_0_5,Smiling,oracle_seed0,r18_seed0,-3.6286525524170443,-0.4099055292350884
occlusion_s1,fixed_0_5,Mouth_Slightly_Open,oracle_seed0,r18_seed0,0.5060947217785494,-0.3449100592108567
occlusion_s1,fixed_0_5,Eyeglasses,oracle_seed0,r18_seed0,0.5460933748508645,-0.021784760531851077
occlusion_s1,fixed_0_5,Bangs,oracle_seed0,r18_seed0,-1.3952728836943096,-0.2534665369461453
occlusion_s1,fixed_0_5,Wearing_Hat,oracle_seed0,r18_seed0,-0.0029211745971813308,0.6322174661051672
occlusion_s1,fixed_0_5,Mustache,oracle_seed0,r18_seed0,7.756985412675229,-2.902148519410652
occlusion_s1,fixed_0_5,No_Beard,oracle_seed0,r18_seed0,0.1611215285765133,0.004525499395824362
occlusion_s1,fixed_0_5,Black_Hair,oracle_seed0,r18_seed0,1.2195208645050748,0.10788308660749646
occlusion_s1,fixed_0_5,Bushy_Eyebrows,oracle_seed0,r18_seed0,4.075442186239597,0.12936294989078778
occlusion_s1,fixed_0_5,Arched_Eyebrows,oracle_seed0,r18_seed0,-1.347390320181674,-0.4987757933058834
occlusion_s1,fixed_0_5,High_Cheekbones,oracle_seed0,r18_seed0,-0.8024615534618529,-0.45103636025940474
occlusion_s1,fixed_0_5,Bags_Under_Eyes,oracle_seed0,r18_seed0,3.836291601036912,0.4027498215705805
occlusion_s1,fixed_0_5,Big_Lips,oracle_seed0,r18_seed0,14.936630283859776,1.7926509260042023
occlusion_s1,fixed_0_5,Big_Nose,oracle_seed0,r18_seed0,4.70620208853374,0.3103699742842192
occlusion_s1,fixed_0_5,Double_Chin,oracle_seed0,r18_seed0,10.15283400692607,-1.9051518065814066
occlusion_s1,fixed_0_5,Oval_Face,oracle_seed0,r18_seed0,-21.721173523487607,-1.2983415418251765
occlusion_s1,fixed_0_5,Receding_Hairline,oracle_seed0,r18_seed0,4.117102784697657,2.6496985025796227
occlusion_s1,fixed_0_5,Blond_Hair,oracle_seed0,r18_seed0,-0.209345584646925,0.012450255451146308
occlusion_s1,fixed_0_5,Brown_Hair,oracle_seed0,r18_seed0,-0.18190134860137652,0.12497249253049514
occlusion_s1,fixed_0_5,Gray_Hair,oracle_seed0,r18_seed0,1.3490900934390426,-0.6440363427465678
occlusion_s1,fixed_0_5,Bald,oracle_seed0,r18_seed0,-1.089838612021632,-0.5074671074441373
occlusion_s1,fixed_0_5,Straight_Hair,oracle_seed0,r18_seed0,-6.2615437978555395,0.5315626391822481
occlusion_s1,fixed_0_5,Wavy_Hair,oracle_seed0,r18_seed0,0.7972686509772675,-0.23242420263830388
occlusion_s1,fixed_0_5,Sideburns,oracle_seed0,r18_seed0,-1.1582892566637026,0.5745822730676697
occlusion_s1,fixed_0_5,Smiling,r50_seed0,r18_seed0,-2.951525864015603,0.18404357443744246
occlusion_s1,fixed_0_5,Mouth_Slightly_Open,r50_seed0,r18_seed0,-14.191738626091489,1.1430421816476688
occlusion_s1,fixed_0_5,Eyeglasses,r50_seed0,r18_seed0,0.986336211995742,-0.1359720110376217
occlusion_s1,fixed_0_5,Bangs,r50_seed0,r18_seed0,0.3679832893610624,-0.5319541703537656
occlusion_s1,fixed_0_5,Wearing_Hat,r50_seed0,r18_seed0,-0.49207304836443866,-0.45349698925756243
occlusion_s1,fixed_0_5,Mustache,r50_seed0,r18_seed0,15.330132665676723,2.0073633526214607
occlusion_s1,fixed_0_5,No_Beard,r50_seed0,r18_seed0,-0.26807845921593687,-0.030659146044098584
occlusion_s1,fixed_0_5,Black_Hair,r50_seed0,r18_seed0,-0.18289239764978094,0.25112148966008885
occlusion_s1,fixed_0_5,Bushy_Eyebrows,r50_seed0,r18_seed0,-0.8032425714608493,0.6513715486483718
occlusion_s1,fixed_0_5,Arched_Eyebrows,r50_seed0,r18_seed0,1.8731112369144265,0.052299833481883606
occlusion_s1,fixed_0_5,High_Cheekbones,r50_seed0,r18_seed0,-2.232232403645318,0.121222792327913
occlusion_s1,fixed_0_5,Bags_Under_Eyes,r50_seed0,r18_seed0,0.6106907015582141,0.059450208959410666
occlusion_s1,fixed_0_5,Big_Lips,r50_seed0,r18_seed0,0.2203320506749193,-0.8418772559490528
occlusion_s1,fixed_0_5,Big_Nose,r50_seed0,r18_seed0,-0.4528792181874519,0.8050850441460367
occlusion_s1,fixed_0_5,Double_Chin,r50_seed0,r18_seed0,1.3082793389985414,-0.6824446841590448
occlusion_s1,fixed_0_5,Oval_Face,r50_seed0,r18_seed0,-11.470098744801788,0.8639784489285707
occlusion_s1,fixed_0_5,Receding_Hairline,r50_seed0,r18_seed0,-0.5877315353789769,0.16124607527723267
occlusion_s1,fixed_0_5,Blond_Hair,r50_seed0,r18_seed0,-0.22044344098154367,-0.03501626011118697
occlusion_s1,fixed_0_5,Brown_Hair,r50_seed0,r18_seed0,-0.6131319036709382,0.09518295552852774
occlusion_s1,fixed_0_5,Gray_Hair,r50_seed0,r18_seed0,-0.6913271762209128,0.2944359680433384
occlusion_s1,fixed_0_5,Bald,r50_seed0,r18_seed0,-0.46509373164291823,-0.1932304171205157
occlusion_s1,fixed_0_5,Straight_Hair,r50_seed0,r18_seed0,-0.023566746716263687,-0.5499513880970808
occlusion_s1,fixed_0_5,Wavy_Hair,r50_seed0,r18_seed0,-0.6266334794879813,-0.05850625412826549
occlusion_s1,fixed_0_5,Sideburns,r50_seed0,r18_seed0,-0.8335778937298088,0.31841310057592054
occlusion_s2,frozen_thresholds,Smiling,m3_seed0,r18_seed0,-1.4108917996158654,0.13819267693722104
occlusion_s2,frozen_thresholds,Mouth_Slightly_Open,m3_seed0,r18_seed0,-19.29652726647654,-4.9254864008874915
occlusion_s2,frozen_thresholds,Eyeglasses,m3_seed0,r18_seed0,0.3569266657808101,0.10038653451623913
occlusion_s2,frozen_thresholds,Bangs,m3_seed0,r18_seed0,0.3643831376233586,0.222987285395726
occlusion_s2,frozen_thresholds,Wearing_Hat,m3_seed0,r18_seed0,0.4306817692407039,0.7290815163794928
occlusion_s2,frozen_thresholds,Mustache,m3_seed0,r18_seed0,-0.9477025010747795,1.6483052495086414
occlusion_s2,frozen_thresholds,No_Beard,m3_seed0,r18_seed0,-0.6651084883057101,0.43384487839506214
occlusion_s2,frozen_thresholds,Black_Hair,m3_seed0,r18_seed0,-1.4405819521256302,-0.18825188062084885
occlusion_s2,frozen_thresholds,Bushy_Eyebrows,m3_seed0,r18_seed0,0.3045236682522323,0.31573283791505036
occlusion_s2,frozen_thresholds,Arched_Eyebrows,m3_seed0,r18_seed0,-0.9431138876506484,-0.21478404900331372
occlusion_s2,frozen_thresholds,High_Cheekbones,m3_seed0,r18_seed0,-4.982717780680329,1.0486880126065135
occlusion_s2,frozen_thresholds,Bags_Under_Eyes,m3_seed0,r18_seed0,0.9822058728860994,-0.5255617178249627
occlusion_s2,frozen_thresholds,Big_Lips,m3_seed0,r18_seed0,-14.72658657870218,-1.396521107041404
occlusion_s2,frozen_thresholds,Big_Nose,m3_seed0,r18_seed0,0.7743049346269903,0.8979171901082106
occlusion_s2,frozen_thresholds,Double_Chin,m3_seed0,r18_seed0,-9.139860666374359,-1.0525592779421555
occlusion_s2,frozen_thresholds,Oval_Face,m3_seed0,r18_seed0,2.06159339916393,1.7397631132550995
occlusion_s2,frozen_thresholds,Receding_Hairline,m3_seed0,r18_seed0,-0.21451143534835238,1.5548393353463918
occlusion_s2,frozen_thresholds,Blond_Hair,m3_seed0,r18_seed0,0.2798987692241184,0.19167975540953508
occlusion_s2,frozen_thresholds,Brown_Hair,m3_seed0,r18_seed0,-0.5725223898359388,-0.12508794842739368
occlusion_s2,frozen_thresholds,Gray_Hair,m3_seed0,r18_seed0,-1.6595792505547435,0.1720805745447196
occlusion_s2,frozen_thresholds,Bald,m3_seed0,r18_seed0,-1.311026750242783,-1.3084866734373701
occlusion_s2,frozen_thresholds,Straight_Hair,m3_seed0,r18_seed0,-0.30217447355617155,-0.797049571701558
occlusion_s2,frozen_thresholds,Wavy_Hair,m3_seed0,r18_seed0,-0.24881578314724928,-0.26780987624270836
occlusion_s2,frozen_thresholds,Sideburns,m3_seed0,r18_seed0,-0.8348359177785792,2.930399808861306
occlusion_s2,frozen_thresholds,Smiling,oracle_seed0,m3_seed0,0.861271526933588,-2.6419908856692764
occlusion_s2,frozen_thresholds,Mouth_Slightly_Open,oracle_seed0,m3_seed0,9.700270083036521,4.313681728954066
occlusion_s2,frozen_thresholds,Eyeglasses,oracle_seed0,m3_seed0,0.04446486579419151,0.09820990014052233
occlusion_s2,frozen_thresholds,Bangs,oracle_seed0,m3_seed0,-2.492489970683931,-0.5287484773847551
occlusion_s2,frozen_thresholds,Wearing_Hat,oracle_seed0,m3_seed0,0.46232426309941177,0.10804208133116111
occlusion_s2,frozen_thresholds,Mustache,oracle_seed0,m3_seed0,-0.7633488177879847,-4.755160905766253
occlusion_s2,frozen_thresholds,No_Beard,oracle_seed0,m3_seed0,0.2379698666497232,-0.48470185446102265
occlusion_s2,frozen_thresholds,Black_Hair,oracle_seed0,m3_seed0,0.648465443848445,0.31156325027872356
occlusion_s2,frozen_thresholds,Bushy_Eyebrows,oracle_seed0,m3_seed0,-0.6067178356463865,-0.48900961600480963
occlusion_s2,frozen_thresholds,Arched_Eyebrows,oracle_seed0,m3_seed0,-0.21703020486125713,-0.9315762602380651
occlusion_s2,frozen_thresholds,High_Cheekbones,oracle_seed0,m3_seed0,2.066665276703561,-2.7720734385115353
occlusion_s2,frozen_thresholds,Bags_Under_Eyes,oracle_seed0,m3_seed0,1.2303296386779405,1.0712484036260017
occlusion_s2,frozen_thresholds,Big_Lips,oracle_seed0,m3_seed0,1.965648944001028,2.4893746535547767
occlusion_s2,frozen_thresholds,Big_Nose,oracle_seed0,m3_seed0,-0.6735239177912189,-0.8586201232750001
occlusion_s2,frozen_thresholds,Double_Chin,oracle_seed0,m3_seed0,5.581125244799742,-0.8754704386717715
occlusion_s2,frozen_thresholds,Oval_Face,oracle_seed0,m3_seed0,1.38779465858625,-0.34800154758450885
occlusion_s2,frozen_thresholds,Receding_Hairline,oracle_seed0,m3_seed0,-0.32755611318021627,0.38051409523456314
occlusion_s2,frozen_thresholds,Blond_Hair,oracle_seed0,m3_seed0,0.3846162406878517,-0.05852414114745352
occlusion_s2,frozen_thresholds,Brown_Hair,oracle_seed0,m3_seed0,0.5467787496242882,0.4064763605643007
occlusion_s2,frozen_thresholds,Gray_Hair,oracle_seed0,m3_seed0,-0.08039428298035611,0.8883687327782663
occlusion_s2,frozen_thresholds,Bald,oracle_seed0,m3_seed0,0.15872878943419266,1.2189498571777313
occlusion_s2,frozen_thresholds,Straight_Hair,oracle_seed0,m3_seed0,0.43189686668174687,1.300693632138783
occlusion_s2,frozen_thresholds,Wavy_Hair,oracle_seed0,m3_seed0,-1.9471510643420675,-0.050780480501677605
occlusion_s2,frozen_thresholds,Sideburns,oracle_seed0,m3_seed0,0.6267909117574064,0.6284404089352824
occlusion_s2,frozen_thresholds,Smiling,oracle_seed0,r18_seed0,-0.5496202726822774,-2.5037982087320554
occlusion_s2,frozen_thresholds,Mouth_Slightly_Open,oracle_seed0,r18_seed0,-9.596257183440022,-0.6118046719334247
occlusion_s2,frozen_thresholds,Eyeglasses,oracle_seed0,r18_seed0,0.4013915315750016,0.19859643465676147
occlusion_s2,frozen_thresholds,Bangs,oracle_seed0,r18_seed0,-2.1281068330605724,-0.30576119198902907
occlusion_s2,frozen_thresholds,Wearing_Hat,oracle_seed0,r18_seed0,0.8930060323401157,0.8371235977106539
occlusion_s2,frozen_thresholds,Mustache,oracle_seed0,r18_seed0,-1.7110513188627643,-3.106855656257612
occlusion_s2,frozen_thresholds,No_Beard,oracle_seed0,r18_seed0,-0.4271386216559869,-0.05085697606596051
occlusion_s2,frozen_thresholds,Black_Hair,oracle_seed0,r18_seed0,-0.7921165082771853,0.1233113696578747
occlusion_s2,frozen_thresholds,Bushy_Eyebrows,oracle_seed0,r18_seed0,-0.30219416739415417,-0.17327677808975928
occlusion_s2,frozen_thresholds,Arched_Eyebrows,oracle_seed0,r18_seed0,-1.1601440925119055,-1.1463603092413788
occlusion_s2,frozen_thresholds,High_Cheekbones,oracle_seed0,r18_seed0,-2.9160525039767684,-1.7233854259050219
occlusion_s2,frozen_thresholds,Bags_Under_Eyes,oracle_seed0,r18_seed0,2.21253551156404,0.545686685801039
occlusion_s2,frozen_thresholds,Big_Lips,oracle_seed0,r18_seed0,-12.760937634701152,1.0928535465133726
occlusion_s2,frozen_thresholds,Big_Nose,oracle_seed0,r18_seed0,0.10078101683577145,0.03929706683321044
occlusion_s2,frozen_thresholds,Double_Chin,oracle_seed0,r18_seed0,-3.5587354215746156,-1.928029716613927
occlusion_s2,frozen_thresholds,Oval_Face,oracle_seed0,r18_seed0,3.44938805775018,1.3917615656705906
occlusion_s2,frozen_thresholds,Receding_Hairline,oracle_seed0,r18_seed0,-0.5420675485285686,1.935353430580955
occlusion_s2,frozen_thresholds,Blond_Hair,oracle_seed0,r18_seed0,0.6645150099119701,0.13315561426208156
occlusion_s2,frozen_thresholds,Brown_Hair,oracle_seed0,r18_seed0,-0.025743640211650654,0.281388412136907
occlusion_s2,frozen_thresholds,Gray_Hair,oracle_seed0,r18_seed0,-1.7399735335350996,1.060449307322986
occlusion_s2,frozen_thresholds,Bald,oracle_seed0,r18_seed0,-1.1522979608085904,-0.08953681625963883
occlusion_s2,frozen_thresholds,Straight_Hair,oracle_seed0,r18_seed0,0.12972239312557532,0.503644060437225
occlusion_s2,frozen_thresholds,Wavy_Hair,oracle_seed0,r18_seed0,-2.195966847489317,-0.31859035674438596
occlusion_s2,frozen_thresholds,Sideburns,oracle_seed0,r18_seed0,-0.2080450060211729,3.5588402177965883
occlusion_s2,frozen_thresholds,Smiling,r50_seed0,r18_seed0,-2.594294860181673,1.4902648209866087
occlusion_s2,frozen_thresholds,Mouth_Slightly_Open,r50_seed0,r18_seed0,-19.102283669160986,-5.726237894161946
occlusion_s2,frozen_thresholds,Eyeglasses,r50_seed0,r18_seed0,-0.8349358246395044,-0.025093685781729658
occlusion_s2,frozen_thresholds,Bangs,r50_seed0,r18_seed0,-0.8114738629930174,-0.3445185580725152
occlusion_s2,frozen_thresholds,Wearing_Hat,r50_seed0,r18_seed0,-0.1127013518593234,-0.24406943113940427
occlusion_s2,frozen_thresholds,Mustache,r50_seed0,r18_seed0,10.036169610921815,8.055385990404073
occlusion_s2,frozen_thresholds,No_Beard,r50_seed0,r18_seed0,0.5202731813429451,0.236087954743458
occlusion_s2,frozen_thresholds,Black_Hair,r50_seed0,r18_seed0,-0.4433680144499741,0.3156366967661195
occlusion_s2,frozen_thresholds,Bushy_Eyebrows,r50_seed0,r18_seed0,0.9557956222006725,1.221583342305621
occlusion_s2,frozen_thresholds,Arched_Eyebrows,r50_seed0,r18_seed0,0.11630119023194885,-0.10532977282297074
occlusion_s2,frozen_thresholds,High_Cheekbones,r50_seed0,r18_seed0,24.266952951213348,3.9805221425908366
occlusion_s2,frozen_thresholds,Bags_Under_Eyes,r50_seed0,r18_seed0,1.4753654319650589,0.23997678714742232
occlusion_s2,frozen_thresholds,Big_Lips,r50_seed0,r18_seed0,9.163546042430792,-2.216859484459588
occlusion_s2,frozen_thresholds,Big_Nose,r50_seed0,r18_seed0,-4.067946250953702,1.3040830082578725
occlusion_s2,frozen_thresholds,Double_Chin,r50_seed0,r18_seed0,9.696188796961886,2.4447569087968746
occlusion_s2,frozen_thresholds,Oval_Face,r50_seed0,r18_seed0,-11.787965341554669,1.593774412972293
occlusion_s2,frozen_thresholds,Receding_Hairline,r50_seed0,r18_seed0,-1.6184710943284886,0.23146875717401372
occlusion_s2,frozen_thresholds,Blond_Hair,r50_seed0,r18_seed0,-0.43443015714184074,0.09654612627978398
occlusion_s2,frozen_thresholds,Brown_Hair,r50_seed0,r18_seed0,-0.095589543538388,0.3954937653365742
occlusion_s2,frozen_thresholds,Gray_Hair,r50_seed0,r18_seed0,-3.3461409525774255,-0.0851019330611491
occlusion_s2,frozen_thresholds,Bald,r50_seed0,r18_seed0,0.22402341551278626,-0.860594952313487
occlusion_s2,frozen_thresholds,Straight_Hair,r50_seed0,r18_seed0,1.073992882742103,0.23226324495553285
occlusion_s2,frozen_thresholds,Wavy_Hair,r50_seed0,r18_seed0,-1.430889158497195,0.08567475372729394
occlusion_s2,frozen_thresholds,Sideburns,r50_seed0,r18_seed0,3.4629479544733783,8.07807314022222
occlusion_s2,fixed_0_5,Smiling,m3_seed0,r18_seed0,-16.338873889386647,0.13819267693722104
occlusion_s2,fixed_0_5,Mouth_Slightly_Open,m3_seed0,r18_seed0,-14.188332062911538,-4.9254864008874915
occlusion_s2,fixed_0_5,Eyeglasses,m3_seed0,r18_seed0,1.7439006603925944,0.10038653451623913
occlusion_s2,fixed_0_5,Bangs,m3_seed0,r18_seed0,2.825313449883715,0.222987285395726
occlusion_s2,fixed_0_5,Wearing_Hat,m3_seed0,r18_seed0,0.13588024923960607,0.7290815163794928
occlusion_s2,fixed_0_5,Mustache,m3_seed0,r18_seed0,0.0,1.6483052495086414
occlusion_s2,fixed_0_5,No_Beard,m3_seed0,r18_seed0,0.0268561749770857,0.43384487839506214
occlusion_s2,fixed_0_5,Black_Hair,m3_seed0,r18_seed0,-1.6066426618379759,-0.18825188062084885
occlusion_s2,fixed_0_5,Bushy_Eyebrows,m3_seed0,r18_seed0,3.6863849424685347,0.31573283791505036
occlusion_s2,fixed_0_5,Arched_Eyebrows,m3_seed0,r18_seed0,-0.9411903501284513,-0.21478404900331372
occlusion_s2,fixed_0_5,High_Cheekbones,m3_seed0,r18_seed0,-20.594971116843688,1.0486880126065135
occlusion_s2,fixed_0_5,Bags_Under_Eyes,m3_seed0,r18_seed0,12.819568706493934,-0.5255617178249627
occlusion_s2,fixed_0_5,Big_Lips,m3_seed0,r18_seed0,-1.1483717421833608,-1.396521107041404
occlusion_s2,fixed_0_5,Big_Nose,m3_seed0,r18_seed0,8.075829335008406,0.8979171901082106
occlusion_s2,fixed_0_5,Double_Chin,m3_seed0,r18_seed0,-0.6377301295038718,-1.0525592779421555
occlusion_s2,fixed_0_5,Oval_Face,m3_seed0,r18_seed0,-5.1634171979737244,1.7397631132550995
occlusion_s2,fixed_0_5,Receding_Hairline,m3_seed0,r18_seed0,0.5463706908391708,1.5548393353463918
occlusion_s2,fixed_0_5,Blond_Hair,m3_seed0,r18_seed0,0.4176675089339277,0.19167975540953508
occlusion_s2,fixed_0_5,Brown_Hair,m3_seed0,r18_seed0,-1.9534114838530625,-0.12508794842739368
occlusion_s2,fixed_0_5,Gray_Hair,m3_seed0,r18_seed0,-3.7526875156842388,0.1720805745447196
occlusion_s2,fixed_0_5,Bald,m3_seed0,r18_seed0,-0.5131791396279284,-1.3084866734373701
occlusion_s2,fixed_0_5,Straight_Hair,m3_seed0,r18_seed0,-2.108465608465604,-0.797049571701558
occlusion_s2,fixed_0_5,Wavy_Hair,m3_seed0,r18_seed0,-2.2424780157969226,-0.26780987624270836
occlusion_s2,fixed_0_5,Sideburns,m3_seed0,r18_seed0,-0.8491984886834673,2.930399808861306
occlusion_s2,fixed_0_5,Smiling,oracle_seed0,m3_seed0,7.919520851925044,-2.6419908856692764
occlusion_s2,fixed_0_5,Mouth_Slightly_Open,oracle_seed0,m3_seed0,22.016872704450755,4.313681728954066
occlusion_s2,fixed_0_5,Eyeglasses,oracle_seed0,m3_seed0,-0.08720521013042548,0.09820990014052233
occlusion_s2,fixed_0_5,Bangs,oracle_seed0,m3_seed0,-5.54232278091048,-0.5287484773847551
occlusion_s2,fixed_0_5,Wearing_Hat,oracle_seed0,m3_seed0,0.7077772579722197,0.10804208133116111
occlusion_s2,fixed_0_5,Mustache,oracle_seed0,m3_seed0,0.0,-4.755160905766253
occlusion_s2,fixed_0_5,No_Beard,oracle_seed0,m3_seed0,0.023889342036043093,-0.48470185446102265
occlusion_s2,fixed_0_5,Black_Hair,oracle_seed0,m3_seed0,1.3390003217333302,0.31156325027872356
occlusion_s2,fixed_0_5,Bushy_Eyebrows,oracle_seed0,m3_seed0,0.14419511404678564,-0.48900961600480963
occlusion_s2,fixed_0_5,Arched_Eyebrows,oracle_seed0,m3_seed0,-2.0015855367268687,-0.9315762602380651
occlusion_s2,fixed_0_5,High_Cheekbones,oracle_seed0,m3_seed0,12.477984269087608,-2.7720734385115353
occlusion_s2,fixed_0_5,Bags_Under_Eyes,oracle_seed0,m3_seed0,1.2537378550454337,1.0712484036260017
occlusion_s2,fixed_0_5,Big_Lips,oracle_seed0,m3_seed0,6.144824092223446,2.4893746535547767
occlusion_s2,fixed_0_5,Big_Nose,oracle_seed0,m3_seed0,3.6074268041323743,-0.8586201232750001
occlusion_s2,fixed_0_5,Double_Chin,oracle_seed0,m3_seed0,5.048064631589712,-0.8754704386717715
occlusion_s2,fixed_0_5,Oval_Face,oracle_seed0,m3_seed0,-14.44766520649467,-0.34800154758450885
occlusion_s2,fixed_0_5,Receding_Hairline,oracle_seed0,m3_seed0,0.013952489658708433,0.38051409523456314
occlusion_s2,fixed_0_5,Blond_Hair,oracle_seed0,m3_seed0,-0.44150110375276164,-0.05852414114745352
occlusion_s2,fixed_0_5,Brown_Hair,oracle_seed0,m3_seed0,1.519833372046353,0.4064763605643007
occlusion_s2,fixed_0_5,Gray_Hair,oracle_seed0,m3_seed0,5.01293575037105,0.8883687327782663
occlusion_s2,fixed_0_5,Bald,oracle_seed0,m3_seed0,0.45099445652647674,1.2189498571777313
occlusion_s2,fixed_0_5,Straight_Hair,oracle_seed0,m3_seed0,-2.92971135447625,1.300693632138783
occlusion_s2,fixed_0_5,Wavy_Hair,oracle_seed0,m3_seed0,2.156760531903401,-0.050780480501677605
occlusion_s2,fixed_0_5,Sideburns,oracle_seed0,m3_seed0,1.900544120262893,0.6284404089352824
occlusion_s2,fixed_0_5,Smiling,oracle_seed0,r18_seed0,-8.419353037461603,-2.5037982087320554
occlusion_s2,fixed_0_5,Mouth_Slightly_Open,oracle_seed0,r18_seed0,7.828540641539217,-0.6118046719334247
occlusion_s2,fixed_0_5,Eyeglasses,oracle_seed0,r18_seed0,1.656695450262169,0.19859643465676147
occlusion_s2,fixed_0_5,Bangs,oracle_seed0,r18_seed0,-2.717009331026765,-0.30576119198902907
occlusion_s2,fixed_0_5,Wearing_Hat,oracle_seed0,r18_seed0,0.8436575072118258,0.8371235977106539
occlusion_s2,fixed_0_5,Mustache,oracle_seed0,r18_seed0,0.0,-3.106855656257612
occlusion_s2,fixed_0_5,No_Beard,oracle_seed0,r18_seed0,0.050745517013128794,-0.05085697606596051
occlusion_s2,fixed_0_5,Black_Hair,oracle_seed0,r18_seed0,-0.2676423401046457,0.1233113696578747
occlusion_s2,fixed_0_5,Bushy_Eyebrows,oracle_seed0,r18_seed0,3.8305800565153203,-0.17327677808975928
occlusion_s2,fixed_0_5,Arched_Eyebrows,oracle_seed0,r18_seed0,-2.94277588685532,-1.1463603092413788
occlusion_s2,fixed_0_5,High_Cheekbones,oracle_seed0,r18_seed0,-8.116986847756081,-1.7233854259050219
occlusion_s2,fixed_0_5,Bags_Under_Eyes,oracle_seed0,r18_seed0,14.073306561539367,0.545686685801039
occlusion_s2,fixed_0_5,Big_Lips,oracle_seed0,r18_seed0,4.9964523500400855,1.0928535465133726
occlusion_s2,fixed_0_5,Big_Nose,oracle_seed0,r18_seed0,11.683256139140779,0.03929706683321044
occlusion_s2,fixed_0_5,Double_Chin,oracle_seed0,r18_seed0,4.41033450208584,-1.928029716613927
occlusion_s2,fixed_0_5,Oval_Face,oracle_seed0,r18_seed0,-19.611082404468394,1.3917615656705906
occlusion_s2,fixed_0_5,Receding_Hairline,oracle_seed0,r18_seed0,0.5603231804978792,1.935353430580955
occlusion_s2,fixed_0_5,Blond_Hair,oracle_seed0,r18_seed0,-0.02383359481883396,0.13315561426208156
occlusion_s2,fixed_0_5,Brown_Hair,oracle_seed0,r18_seed0,-0.43357811180670947,0.281388412136907
occlusion_s2,fixed_0_5,Gray_Hair,oracle_seed0,r18_seed0,1.2602482346868116,1.060449307322986
occlusion_s2,fixed_0_5,Bald,oracle_seed0,r18_seed0,-0.06218468310145164,-0.08953681625963883
occlusion_s2,fixed_0_5,Straight_Hair,oracle_seed0,r18_seed0,-5.038176962941854,0.503644060437225
occlusion_s2,fixed_0_5,Wavy_Hair,oracle_seed0,r18_seed0,-0.08571748389352152,-0.31859035674438596
occlusion_s2,fixed_0_5,Sideburns,oracle_seed0,r18_seed0,1.0513456315794256,3.5588402177965883
occlusion_s2,fixed_0_5,Smiling,r50_seed0,r18_seed0,-6.429767487306731,1.4902648209866087
occlusion_s2,fixed_0_5,Mouth_Slightly_Open,r50_seed0,r18_seed0,-17.824892572315065,-5.726237894161946
occlusion_s2,fixed_0_5,Eyeglasses,r50_seed0,r18_seed0,0.9682598374655238,-0.025093685781729658
occlusion_s2,fixed_0_5,Bangs,r50_seed0,r18_seed0,0.3129820776842762,-0.3445185580725152
occlusion_s2,fixed_0_5,Wearing_Hat,r50_seed0,r18_seed0,-0.33588532764787793,-0.24406943113940427
occlusion_s2,fixed_0_5,Mustache,r50_seed0,r18_seed0,0.258732212160414,8.055385990404073
occlusion_s2,fixed_0_5,No_Beard,r50_seed0,r18_seed0,0.4699713312711684,0.236087954743458
occlusion_s2,fixed_0_5,Black_Hair,r50_seed0,r18_seed0,-0.6450234521333087,0.3156366967661195
occlusion_s2,fixed_0_5,Bushy_Eyebrows,r50_seed0,r18_seed0,0.6678252960732878,1.221583342305621
occlusion_s2,fixed_0_5,Arched_Eyebrows,r50_seed0,r18_seed0,2.591385219636644,-0.10532977282297074
occlusion_s2,fixed_0_5,High_Cheekbones,r50_seed0,r18_seed0,18.396958998354535,3.9805221425908366
occlusion_s2,fixed_0_5,Bags_Under_Eyes,r50_seed0,r18_seed0,13.980251936108667,0.23997678714742232
occlusion_s2,fixed_0_5,Big_Lips,r50_seed0,r18_seed0,0.9499138926876399,-2.216859484459588
occlusion_s2,fixed_0_5,Big_Nose,r50_seed0,r18_seed0,11.926278197122702,1.3040830082578725
occlusion_s2,fixed_0_5,Double_Chin,r50_seed0,r18_seed0,4.8168385671264895,2.4447569087968746
occlusion_s2,fixed_0_5,Oval_Face,r50_seed0,r18_seed0,-28.473115864974996,1.593774412972293
occlusion_s2,fixed_0_5,Receding_Hairline,r50_seed0,r18_seed0,-0.2656682483194839,0.23146875717401372
occlusion_s2,fixed_0_5,Blond_Hair,r50_seed0,r18_seed0,0.05503105198202407,0.09654612627978398
occlusion_s2,fixed_0_5,Brown_Hair,r50_seed0,r18_seed0,0.23466196672078388,0.3954937653365742
occlusion_s2,fixed_0_5,Gray_Hair,r50_seed0,r18_seed0,-2.5804251324700878,-0.0851019330611491
occlusion_s2,fixed_0_5,Bald,r50_seed0,r18_seed0,0.8484179500578226,-0.860594952313487
occlusion_s2,fixed_0_5,Straight_Hair,r50_seed0,r18_seed0,1.1149386468535472,0.23226324495553285
occlusion_s2,fixed_0_5,Wavy_Hair,r50_seed0,r18_seed0,-0.4531764303148056,0.08567475372729394
occlusion_s2,fixed_0_5,Sideburns,r50_seed0,r18_seed0,1.8844118844118845,8.07807314022222
occlusion_s3,frozen_thresholds,Smiling,m3_seed0,r18_seed0,0.2199999735656385,-0.5759528968954153
occlusion_s3,frozen_thresholds,Mouth_Slightly_Open,m3_seed0,r18_seed0,-6.682939744371824,-2.01153155419197
occlusion_s3,frozen_thresholds,Eyeglasses,m3_seed0,r18_seed0,6.68574534592824,1.4419891598143386
occlusion_s3,frozen_thresholds,Bangs,m3_seed0,r18_seed0,0.8096213597294177,0.19830493024949325
occlusion_s3,frozen_thresholds,Wearing_Hat,m3_seed0,r18_seed0,1.42534246024405,1.0811214785766299
occlusion_s3,frozen_thresholds,Mustache,m3_seed0,r18_seed0,-5.007776250492066,0.22260173187075294
occlusion_s3,frozen_thresholds,No_Beard,m3_seed0,r18_seed0,0.6310024329470032,0.536987662380739
occlusion_s3,frozen_thresholds,Black_Hair,m3_seed0,r18_seed0,-1.167197235163464,-0.1807897332297359
occlusion_s3,frozen_thresholds,Bushy_Eyebrows,m3_seed0,r18_seed0,1.0621165457615045,1.3201074836317495
occlusion_s3,frozen_thresholds,Arched_Eyebrows,m3_seed0,r18_seed0,-9.128547760120343,0.35370324886789817
occlusion_s3,frozen_thresholds,High_Cheekbones,m3_seed0,r18_seed0,0.24877722132624092,-4.852363439314278
occlusion_s3,frozen_thresholds,Bags_Under_Eyes,m3_seed0,r18_seed0,-6.7484550225189235,-0.040353513835111876
occlusion_s3,frozen_thresholds,Big_Lips,m3_seed0,r18_seed0,-31.50031203849678,0.5427469235748272
occlusion_s3,frozen_thresholds,Big_Nose,m3_seed0,r18_seed0,-10.576670044461201,2.9210988389952286
occlusion_s3,frozen_thresholds,Double_Chin,m3_seed0,r18_seed0,0.0,2.091246061699331
occlusion_s3,frozen_thresholds,Oval_Face,m3_seed0,r18_seed0,3.0220405720171986,2.1331420192798545
occlusion_s3,frozen_thresholds,Receding_Hairline,m3_seed0,r18_seed0,0.2526647806128879,2.295117282873993
occlusion_s3,frozen_thresholds,Blond_Hair,m3_seed0,r18_seed0,-0.29993588615951916,0.39744682380973284
occlusion_s3,frozen_thresholds,Brown_Hair,m3_seed0,r18_seed0,-2.1331973483394773,-0.5619010892747411
occlusion_s3,frozen_thresholds,Gray_Hair,m3_seed0,r18_seed0,1.6503874870201662,0.7329317880347963
occlusion_s3,frozen_thresholds,Bald,m3_seed0,r18_seed0,-0.009474272612719492,-1.1188180993721764
occlusion_s3,frozen_thresholds,Straight_Hair,m3_seed0,r18_seed0,-1.7636595234844066,-1.5490847373047623
occlusion_s3,frozen_thresholds,Wavy_Hair,m3_seed0,r18_seed0,-0.16194940884876052,-0.25609609362381436
occlusion_s3,frozen_thresholds,Sideburns,m3_seed0,r18_seed0,0.0,0.3444833119180729
occlusion_s3,frozen_thresholds,Smiling,oracle_seed0,m3_seed0,1.7597779974017596,-0.9675160509591496
occlusion_s3,frozen_thresholds,Mouth_Slightly_Open,oracle_seed0,m3_seed0,4.7937364611597015,2.3179757460388917
occlusion_s3,frozen_thresholds,Eyeglasses,oracle_seed0,m3_seed0,-0.8360691240960949,-0.5766729815354421
occlusion_s3,frozen_thresholds,Bangs,oracle_seed0,m3_seed0,-2.8355268418561064,-0.6547312129097538
occlusion_s3,frozen_thresholds,Wearing_Hat,oracle_seed0,m3_seed0,-0.361461995947554,-0.07160539032886604
occlusion_s3,frozen_thresholds,Mustache,oracle_seed0,m3_seed0,-1.2738853503184715,-2.8181446305859836
occlusion_s3,frozen_thresholds,No_Beard,oracle_seed0,m3_seed0,-0.012650979782058425,-0.9451686297297646
occlusion_s3,frozen_thresholds,Black_Hair,oracle_seed0,m3_seed0,1.044098076220712,0.29681434912126603
occlusion_s3,frozen_thresholds,Bushy_Eyebrows,oracle_seed0,m3_seed0,-2.951344637511688,-1.097973109428796
occlusion_s3,frozen_thresholds,Arched_Eyebrows,oracle_seed0,m3_seed0,5.542737268404818,-0.6912704850149387
occlusion_s3,frozen_thresholds,High_Cheekbones,oracle_seed0,m3_seed0,1.9456697110517256,1.0212500391803325
occlusion_s3,frozen_thresholds,Bags_Under_Eyes,oracle_seed0,m3_seed0,12.81705960741638,1.824797124676214
occlusion_s3,frozen_thresholds,Big_Lips,oracle_seed0,m3_seed0,1.8897229799067872,2.590733210133295
occlusion_s3,frozen_thresholds,Big_Nose,oracle_seed0,m3_seed0,9.709763148273233,-2.436636607226661
occlusion_s3,frozen_thresholds,Double_Chin,oracle_seed0,m3_seed0,0.4371584699453552,1.5247872946424434
occlusion_s3,frozen_thresholds,Oval_Face,oracle_seed0,m3_seed0,7.504642952213048,1.063010307514256
occlusion_s3,frozen_thresholds,Receding_Hairline,oracle_seed0,m3_seed0,0.28866447768316483,-0.48167245897763333
occlusion_s3,frozen_thresholds,Blond_Hair,oracle_seed0,m3_seed0,1.9870806404899244,-0.054919649692231065
occlusion_s3,frozen_thresholds,Brown_Hair,oracle_seed0,m3_seed0,0.4902403431979785,0.5053224407867041
occlusion_s3,frozen_thresholds,Gray_Hair,oracle_seed0,m3_seed0,-0.9454137135692209,0.5563937519144746
occlusion_s3,frozen_thresholds,Bald,oracle_seed0,m3_seed0,0.3387543600269938,1.169358061448933
occlusion_s3,frozen_thresholds,Straight_Hair,oracle_seed0,m3_seed0,1.2560177389028482,1.3566104164684512
occlusion_s3,frozen_thresholds,Wavy_Hair,oracle_seed0,m3_seed0,-1.6684584632549737,-0.10586373332508447
occlusion_s3,frozen_thresholds,Sideburns,oracle_seed0,m3_seed0,0.0,-1.2152061067443793
occlusion_s3,frozen_thresholds,Smiling,oracle_seed0,r18_seed0,1.9797779709673984,-1.543468947854565
occlusion_s3,frozen_thresholds,Mouth_Slightly_Open,oracle_seed0,r18_seed0,-1.8892032832121222,0.30644419184692184
occlusion_s3,frozen_thresholds,Eyeglasses,oracle_seed0,r18_seed0,5.849676221832145,0.8653161782788965
occlusion_s3,frozen_thresholds,Bangs,oracle_seed0,r18_seed0,-2.0259054821266886,-0.45642628266026053
occlusion_s3,frozen_thresholds,Wearing_Hat,oracle_seed0,r18_seed0,1.063880464296496,1.0095160882477638
occlusion_s3,frozen_thresholds,Mustache,oracle_seed0,r18_seed0,-6.281661600810537,-2.5955428987152307
occlusion_s3,frozen_thresholds,No_Beard,oracle_seed0,r18_seed0,0.6183514531649448,-0.40818096734902554
occlusion_s3,frozen_thresholds,Black_Hair,oracle_seed0,r18_seed0,-0.12309915894275214,0.11602461589153013
occlusion_s3,frozen_thresholds,Bushy_Eyebrows,oracle_seed0,r18_seed0,-1.8892280917501836,0.22213437420295357
occlusion_s3,frozen_thresholds,Arched_Eyebrows,oracle_seed0,r18_seed0,-3.5858104917155242,-0.33756723614704054
occlusion_s3,frozen_thresholds,High_Cheekbones,oracle_seed0,r18_seed0,2.194446932377967,-3.8311134001339453
occlusion_s3,frozen_thresholds,Bags_Under_Eyes,oracle_seed0,r18_seed0,6.068604584897458,1.7844436108411021
occlusion_s3,frozen_thresholds,Big_Lips,oracle_seed0,r18_seed0,-29.61058905858999,3.133480133708122
occlusion_s3,frozen_thresholds,Big_Nose,oracle_seed0,r18_seed0,-0.8669068961879689,0.4844622317685676
occlusion_s3,frozen_thresholds,Double_Chin,oracle_seed0,r18_seed0,0.4371584699453552,3.6160333563417746
occlusion_s3,frozen_thresholds,Oval_Face,oracle_seed0,r18_seed0,10.526683524230245,3.1961523267941105
occlusion_s3,frozen_thresholds,Receding_Hairline,oracle_seed0,r18_seed0,0.5413292582960527,1.8134448238963596
occlusion_s3,frozen_thresholds,Blond_Hair,oracle_seed0,r18_seed0,1.6871447543304052,0.3425271741175018
occlusion_s3,frozen_thresholds,Brown_Hair,oracle_seed0,r18_seed0,-1.6429570051414988,-0.056578648488037064
occlusion_s3,frozen_thresholds,Gray_Hair,oracle_seed0,r18_seed0,0.7049737734509454,1.289325539949271
occlusion_s3,frozen_thresholds,Bald,oracle_seed0,r18_seed0,0.3292800874142743,0.050539962076756595
occlusion_s3,frozen_thresholds,Straight_Hair,oracle_seed0,r18_seed0,-0.5076417845815584,-0.1924743208363111
occlusion_s3,frozen_thresholds,Wavy_Hair,oracle_seed0,r18_seed0,-1.8304078721037342,-0.36195982694889883
occlusion_s3,frozen_thresholds,Sideburns,oracle_seed0,r18_seed0,0.0,-0.8707227948263063
occlusion_s3,frozen_thresholds,Smiling,r50_seed0,r18_seed0,0.3397241474420049,-0.30913167001547226
occlusion_s3,frozen_thresholds,Mouth_Slightly_Open,r50_seed0,r18_seed0,-4.242383318439513,-2.1463587922829097
occlusion_s3,frozen_thresholds,Eyeglasses,r50_seed0,r18_seed0,-1.1477748991388315,-0.004410540569288468
occlusion_s3,frozen_thresholds,Bangs,r50_seed0,r18_seed0,-0.5054716317410612,-0.225066914646177
occlusion_s3,frozen_thresholds,Wearing_Hat,r50_seed0,r18_seed0,1.3419359129986597,0.25587178298133173
occlusion_s3,frozen_thresholds,Mustache,r50_seed0,r18_seed0,0.33355339367678455,0.6593893298040471
occlusion_s3,frozen_thresholds,No_Beard,r50_seed0,r18_seed0,0.4245846464949188,0.48675077832276425
occlusion_s3,frozen_thresholds,Black_Hair,r50_seed0,r18_seed0,0.35795978449137955,0.1631453768095592
occlusion_s3,frozen_thresholds,Bushy_Eyebrows,r50_seed0,r18_seed0,1.0987266675595353,1.892456375879914
occlusion_s3,frozen_thresholds,Arched_Eyebrows,r50_seed0,r18_seed0,6.95191567450113,0.8420037755273557
occlusion_s3,frozen_thresholds,High_Cheekbones,r50_seed0,r18_seed0,1.4218789253641801,-0.10863392497260094
occlusion_s3,frozen_thresholds,Bags_Under_Eyes,r50_seed0,r18_seed0,4.809029354599648,-0.7556607067073284
occlusion_s3,frozen_thresholds,Big_Lips,r50_seed0,r18_seed0,14.644294701273564,-1.61331586156927
occlusion_s3,frozen_thresholds,Big_Nose,r50_seed0,r18_seed0,0.6107254330062095,1.215986766769439
occlusion_s3,frozen_thresholds,Double_Chin,r50_seed0,r18_seed0,0.0,-0.4405117462366881
occlusion_s3,frozen_thresholds,Oval_Face,r50_seed0,r18_seed0,-19.69513087326272,1.5918248165833093
occlusion_s3,frozen_thresholds,Receding_Hairline,r50_seed0,r18_seed0,-1.0210374117671561,0.7581556993541128
occlusion_s3,frozen_thresholds,Blond_Hair,r50_seed0,r18_seed0,0.9328269360072805,0.44576343106109695
occlusion_s3,frozen_thresholds,Brown_Hair,r50_seed0,r18_seed0,-1.6141789437478238,-0.09348318357046415
occlusion_s3,frozen_thresholds,Gray_Hair,r50_seed0,r18_seed0,-1.094908417624929,-1.4712040046726882
occlusion_s3,frozen_thresholds,Bald,r50_seed0,r18_seed0,-0.11688136769462121,-0.7251143859052789
occlusion_s3,frozen_thresholds,Straight_Hair,r50_seed0,r18_seed0,-0.6043388574929587,-0.10123274588060838
occlusion_s3,frozen_thresholds,Wavy_Hair,r50_seed0,r18_seed0,-1.086012074641196,0.11640266271174537
occlusion_s3,frozen_thresholds,Sideburns,r50_seed0,r18_seed0,0.0,0.5584031238145742
occlusion_s3,fixed_0_5,Smiling,m3_seed0,r18_seed0,-0.19966215725822656,-0.5759528968954153
occlusion_s3,fixed_0_5,Mouth_Slightly_Open,m3_seed0,r18_seed0,-3.9086138075667445,-2.01153155419197
occlusion_s3,fixed_0_5,Eyeglasses,m3_seed0,r18_seed0,20.100357315306617,1.4419891598143386
occlusion_s3,fixed_0_5,Bangs,m3_seed0,r18_seed0,3.7293570266982434,0.19830493024949325
occlusion_s3,fixed_0_5,Wearing_Hat,m3_seed0,r18_seed0,-0.49453432182567925,1.0811214785766299
occlusion_s3,fixed_0_5,Mustache,m3_seed0,r18_seed0,0.0,0.22260173187075294
occlusion_s3,fixed_0_5,No_Beard,m3_seed0,r18_seed0,0.07439852016378756,0.536987662380739
occlusion_s3,fixed_0_5,Black_Hair,m3_seed0,r18_seed0,-2.2005885777413137,-0.1807897332297359
occlusion_s3,fixed_0_5,Bushy_Eyebrows,m3_seed0,r18_seed0,3.9727282503698724,1.3201074836317495
occlusion_s3,fixed_0_5,Arched_Eyebrows,m3_seed0,r18_seed0,-7.592336050165793,0.35370324886789817
occlusion_s3,fixed_0_5,High_Cheekbones,m3_seed0,r18_seed0,-0.26956931841762716,-4.852363439314278
occlusion_s3,fixed_0_5,Bags_Under_Eyes,m3_seed0,r18_seed0,3.7482275846544413,-0.040353513835111876
occlusion_s3,fixed_0_5,Big_Lips,m3_seed0,r18_seed0,-3.762676876056883,0.5427469235748272
occlusion_s3,fixed_0_5,Big_Nose,m3_seed0,r18_seed0,6.7200143570763675,2.9210988389952286
occlusion_s3,fixed_0_5,Double_Chin,m3_seed0,r18_seed0,0.0,2.091246061699331
occlusion_s3,fixed_0_5,Oval_Face,m3_seed0,r18_seed0,-11.30651930272438,2.1331420192798545
occlusion_s3,fixed_0_5,Receding_Hairline,m3_seed0,r18_seed0,1.9485933527669141,2.295117282873993
occlusion_s3,fixed_0_5,Blond_Hair,m3_seed0,r18_seed0,-1.460790907100018,0.39744682380973284
occlusion_s3,fixed_0_5,Brown_Hair,m3_seed0,r18_seed0,0.6379689080164175,-0.5619010892747411
occlusion_s3,fixed_0_5,Gray_Hair,m3_seed0,r18_seed0,0.5722383893379313,0.7329317880347963
occlusion_s3,fixed_0_5,Bald,m3_seed0,r18_seed0,1.9235881530963561,-1.1188180993721764
occlusion_s3,fixed_0_5,Straight_Hair,m3_seed0,r18_seed0,-1.9844839103660306,-1.5490847373047623
occlusion_s3,fixed_0_5,Wavy_Hair,m3_seed0,r18_seed0,-2.911818439787317,-0.25609609362381436
occlusion_s3,fixed_0_5,Sideburns,m3_seed0,r18_seed0,0.0,0.3444833119180729
occlusion_s3,fixed_0_5,Smiling,oracle_seed0,m3_seed0,3.0260648712671534,-0.9675160509591496
occlusion_s3,fixed_0_5,Mouth_Slightly_Open,oracle_seed0,m3_seed0,15.578218582238664,2.3179757460388917
occlusion_s3,fixed_0_5,Eyeglasses,oracle_seed0,m3_seed0,-1.3752044907778704,-0.5766729815354421
occlusion_s3,fixed_0_5,Bangs,oracle_seed0,m3_seed0,-7.072032600255051,-0.6547312129097538
occlusion_s3,fixed_0_5,Wearing_Hat,oracle_seed0,m3_seed0,0.3648394873372762,-0.07160539032886604
occlusion_s3,fixed_0_5,Mustache,oracle_seed0,m3_seed0,0.0,-2.8181446305859836
occlusion_s3,fixed_0_5,No_Beard,oracle_seed0,m3_seed0,-0.11173927202788869,-0.9451686297297646
occlusion_s3,fixed_0_5,Black_Hair,oracle_seed0,m3_seed0,1.4905936467114467,0.29681434912126603
occlusion_s3,fixed_0_5,Bushy_Eyebrows,oracle_seed0,m3_seed0,-0.8594515831103045,-1.097973109428796
occlusion_s3,fixed_0_5,Arched_Eyebrows,oracle_seed0,m3_seed0,2.4655775169781236,-0.6912704850149387
occlusion_s3,fixed_0_5,High_Cheekbones,oracle_seed0,m3_seed0,2.798427699255666,1.0212500391803325
occlusion_s3,fixed_0_5,Bags_Under_Eyes,oracle_seed0,m3_seed0,8.777455950470051,1.824797124676214
occlusion_s3,fixed_0_5,Big_Lips,oracle_seed0,m3_seed0,4.675249790527331,2.590733210133295
occlusion_s3,fixed_0_5,Big_Nose,oracle_seed0,m3_seed0,9.108168525741922,-2.436636607226661
occlusion_s3,fixed_0_5,Double_Chin,oracle_seed0,m3_seed0,0.0,1.5247872946424434
occlusion_s3,fixed_0_5,Oval_Face,oracle_seed0,m3_seed0,-4.349226273986953,1.063010307514256
occlusion_s3,fixed_0_5,Receding_Hairline,oracle_seed0,m3_seed0,1.3874759068446374,-0.48167245897763333
occlusion_s3,fixed_0_5,Blond_Hair,oracle_seed0,m3_seed0,1.525145731937616,-0.054919649692231065
occlusion_s3,fixed_0_5,Brown_Hair,oracle_seed0,m3_seed0,0.39058405273094676,0.5053224407867041
occlusion_s3,fixed_0_5,Gray_Hair,oracle_seed0,m3_seed0,1.9051847777404096,0.5563937519144746
occlusion_s3,fixed_0_5,Bald,oracle_seed0,m3_seed0,0.01764001764000822,1.169358061448933
occlusion_s3,fixed_0_5,Straight_Hair,oracle_seed0,m3_seed0,-0.7114881171697229,1.3566104164684512
occlusion_s3,fixed_0_5,Wavy_Hair,oracle_seed0,m3_seed0,4.156756416215812,-0.10586373332508447
occlusion_s3,fixed_0_5,Sideburns,oracle_seed0,m3_seed0,0.0,-1.2152061067443793
occlusion_s3,fixed_0_5,Smiling,oracle_seed0,r18_seed0,2.8264027140089265,-1.543468947854565
occlusion_s3,fixed_0_5,Mouth_Slightly_Open,oracle_seed0,r18_seed0,11.66960477467192,0.30644419184692184
occlusion_s3,fixed_0_5,Eyeglasses,oracle_seed0,r18_seed0,18.725152824528745,0.8653161782788965
occlusion_s3,fixed_0_5,Bangs,oracle_seed0,r18_seed0,-3.342675573556808,-0.45642628266026053
occlusion_s3,fixed_0_5,Wearing_Hat,oracle_seed0,r18_seed0,-0.12969483448840302,1.0095160882477638
occlusion_s3,fixed_0_5,Mustache,oracle_seed0,r18_seed0,0.0,-2.5955428987152307
occlusion_s3,fixed_0_5,No_Beard,oracle_seed0,r18_seed0,-0.03734075186410113,-0.40818096734902554
occlusion_s3,fixed_0_5,Black_Hair,oracle_seed0,r18_seed0,-0.709994931029867,0.11602461589153013
occlusion_s3,fixed_0_5,Bushy_Eyebrows,oracle_seed0,r18_seed0,3.113276667259568,0.22213437420295357
occlusion_s3,fixed_0_5,Arched_Eyebrows,oracle_seed0,r18_seed0,-5.12675853318767,-0.33756723614704054
occlusion_s3,fixed_0_5,High_Cheekbones,oracle_seed0,r18_seed0,2.528858380838039,-3.8311134001339453
occlusion_s3,fixed_0_5,Bags_Under_Eyes,oracle_seed0,r18_seed0,12.525683535124493,1.7844436108411021
occlusion_s3,fixed_0_5,Big_Lips,oracle_seed0,r18_seed0,0.9125729144704476,3.133480133708122
occlusion_s3,fixed_0_5,Big_Nose,oracle_seed0,r18_seed0,15.82818288281829,0.4844622317685676
occlusion_s3,fixed_0_5,Double_Chin,oracle_seed0,r18_seed0,0.0,3.6160333563417746
occlusion_s3,fixed_0_5,Oval_Face,oracle_seed0,r18_seed0,-15.655745576711332,3.1961523267941105
occlusion_s3,fixed_0_5,Receding_Hairline,oracle_seed0,r18_seed0,3.3360692596115515,1.8134448238963596
occlusion_s3,fixed_0_5,Blond_Hair,oracle_seed0,r18_seed0,0.06435482483759802,0.3425271741175018
occlusion_s3,fixed_0_5,Brown_Hair,oracle_seed0,r18_seed0,1.0285529607473642,-0.056578648488037064
occlusion_s3,fixed_0_5,Gray_Hair,oracle_seed0,r18_seed0,2.477423167078341,1.289325539949271
occlusion_s3,fixed_0_5,Bald,oracle_seed0,r18_seed0,1.9412281707363643,0.050539962076756595
occlusion_s3,fixed_0_5,Straight_Hair,oracle_seed0,r18_seed0,-2.6959720275357535,-0.1924743208363111
occlusion_s3,fixed_0_5,Wavy_Hair,oracle_seed0,r18_seed0,1.2449379764284951,-0.36195982694889883
occlusion_s3,fixed_0_5,Sideburns,oracle_seed0,r18_seed0,0.0,-0.8707227948263063
occlusion_s3,fixed_0_5,Smiling,r50_seed0,r18_seed0,0.8928846248270474,-0.30913167001547226
occlusion_s3,fixed_0_5,Mouth_Slightly_Open,r50_seed0,r18_seed0,-4.068738521326201,-2.1463587922829097
occlusion_s3,fixed_0_5,Eyeglasses,r50_seed0,r18_seed0,14.692181267909232,-0.004410540569288468
occlusion_s3,fixed_0_5,Bangs,r50_seed0,r18_seed0,0.522691857616342,-0.225066914646177
occlusion_s3,fixed_0_5,Wearing_Hat,r50_seed0,r18_seed0,-0.10440109547923404,0.25587178298133173
occlusion_s3,fixed_0_5,Mustache,r50_seed0,r18_seed0,0.0,0.6593893298040471
occlusion_s3,fixed_0_5,No_Beard,r50_seed0,r18_seed0,0.13260796208098835,0.48675077832276425
occlusion_s3,fixed_0_5,Black_Hair,r50_seed0,r18_seed0,-0.19564903343983753,0.1631453768095592
occlusion_s3,fixed_0_5,Bushy_Eyebrows,r50_seed0,r18_seed0,2.534906940376269,1.892456375879914
occlusion_s3,fixed_0_5,Arched_Eyebrows,r50_seed0,r18_seed0,15.875971210410444,0.8420037755273557
occlusion_s3,fixed_0_5,High_Cheekbones,r50_seed0,r18_seed0,1.7434713566026963,-0.10863392497260094
occlusion_s3,fixed_0_5,Bags_Under_Eyes,r50_seed0,r18_seed0,0.6936296613011526,-0.7556607067073284
occlusion_s3,fixed_0_5,Big_Lips,r50_seed0,r18_seed0,3.7928974580809953,-1.61331586156927
occlusion_s3,fixed_0_5,Big_Nose,r50_seed0,r18_seed0,12.63494616784244,1.215986766769439
occlusion_s3,fixed_0_5,Double_Chin,r50_seed0,r18_seed0,0.0,-0.4405117462366881
occlusion_s3,fixed_0_5,Oval_Face,r50_seed0,r18_seed0,-24.52571143201249,1.5918248165833093
occlusion_s3,fixed_0_5,Receding_Hairline,r50_seed0,r18_seed0,1.0993329508550254,0.7581556993541128
occlusion_s3,fixed_0_5,Blond_Hair,r50_seed0,r18_seed0,0.7712782536593465,0.44576343106109695
occlusion_s3,fixed_0_5,Brown_Hair,r50_seed0,r18_seed0,0.7597628529644407,-0.09348318357046415
occlusion_s3,fixed_0_5,Gray_Hair,r50_seed0,r18_seed0,0.3912673426047619,-1.4712040046726882
occlusion_s3,fixed_0_5,Bald,r50_seed0,r18_seed0,1.9555728004656103,-0.7251143859052789
occlusion_s3,fixed_0_5,Straight_Hair,r50_seed0,r18_seed0,0.6434803838197722,-0.10123274588060838
occlusion_s3,fixed_0_5,Wavy_Hair,r50_seed0,r18_seed0,0.35863745033021255,0.11640266271174537
occlusion_s3,fixed_0_5,Sideburns,r50_seed0,r18_seed0,0.0,0.5584031238145742
occlusion_s4,frozen_thresholds,Smiling,m3_seed0,r18_seed0,-0.0600320103928577,-1.3304837351895804
occlusion_s4,frozen_thresholds,Mouth_Slightly_Open,m3_seed0,r18_seed0,-12.361274781046488,-3.66313121909545
occlusion_s4,frozen_thresholds,Eyeglasses,m3_seed0,r18_seed0,19.624942883027085,13.057858824992529
occlusion_s4,frozen_thresholds,Bangs,m3_seed0,r18_seed0,-1.5757834093213963,0.20831437801522856
occlusion_s4,frozen_thresholds,Wearing_Hat,m3_seed0,r18_seed0,2.176722058905667,1.5607380642388091
occlusion_s4,frozen_thresholds,Mustache,m3_seed0,r18_seed0,-1.0165184243964422,-1.6001669560253506
occlusion_s4,frozen_thresholds,No_Beard,m3_seed0,r18_seed0,0.09774981755578116,0.3534259522462224
occlusion_s4,frozen_thresholds,Black_Hair,m3_seed0,r18_seed0,-1.586948899307894,-0.01923446860419009
occlusion_s4,frozen_thresholds,Bushy_Eyebrows,m3_seed0,r18_seed0,-4.571627351774888,0.19596397841109559
occlusion_s4,frozen_thresholds,Arched_Eyebrows,m3_seed0,r18_seed0,-28.583390967434873,-0.4032324448635549
occlusion_s4,frozen_thresholds,High_Cheekbones,m3_seed0,r18_seed0,-0.02079218213951554,-7.878357462004515
occlusion_s4,frozen_thresholds,Bags_Under_Eyes,m3_seed0,r18_seed0,0.27640457652520384,-1.3617133503778467
occlusion_s4,frozen_thresholds,Big_Lips,m3_seed0,r18_seed0,-8.57659713089465,-0.36726899402096946
occlusion_s4,frozen_thresholds,Big_Nose,m3_seed0,r18_seed0,-23.677776177609484,2.590748475966209
occlusion_s4,frozen_thresholds,Double_Chin,m3_seed0,r18_seed0,0.0,3.9070829766272297
occlusion_s4,frozen_thresholds,Oval_Face,m3_seed0,r18_seed0,-7.356260870143738,-0.6923239663294167
occlusion_s4,frozen_thresholds,Receding_Hairline,m3_seed0,r18_seed0,0.8221597239415734,2.028364825491591
occlusion_s4,frozen_thresholds,Blond_Hair,m3_seed0,r18_seed0,-4.703065987455657,0.26421925449215955
occlusion_s4,frozen_thresholds,Brown_Hair,m3_seed0,r18_seed0,-2.2054345771956196,-0.7748215455837815
occlusion_s4,frozen_thresholds,Gray_Hair,m3_seed0,r18_seed0,2.2730941397786086,1.0984624380544483
occlusion_s4,frozen_thresholds,Bald,m3_seed0,r18_seed0,1.4184397163120588,0.10037919571947995
occlusion_s4,frozen_thresholds,Straight_Hair,m3_seed0,r18_seed0,-4.094034298971416,-2.7155859783276726
occlusion_s4,frozen_thresholds,Wavy_Hair,m3_seed0,r18_seed0,-3.271438510288993,-0.8165468679250165
occlusion_s4,frozen_thresholds,Sideburns,m3_seed0,r18_seed0,0.0,0.8207934584536904
occlusion_s4,frozen_thresholds,Smiling,oracle_seed0,m3_seed0,0.3796162948740607,-2.2555949666480446
occlusion_s4,frozen_thresholds,Mouth_Slightly_Open,oracle_seed0,m3_seed0,4.114594483163262,1.5767771673443232
occlusion_s4,frozen_thresholds,Eyeglasses,oracle_seed0,m3_seed0,-12.956145415635945,-15.909892353667288
occlusion_s4,frozen_thresholds,Bangs,oracle_seed0,m3_seed0,-4.57251533130294,-1.0507661665840162
occlusion_s4,frozen_thresholds,Wearing_Hat,oracle_seed0,m3_seed0,-1.4212392869879964,-0.6903422124944991
occlusion_s4,frozen_thresholds,Mustache,oracle_seed0,m3_seed0,0.0,-1.3159101437306406
occlusion_s4,frozen_thresholds,No_Beard,oracle_seed0,m3_seed0,-0.22941166062507845,-0.7138488775643714
occlusion_s4,frozen_thresholds,Black_Hair,oracle_seed0,m3_seed0,-0.6498314189950394,0.0273037169275403
occlusion_s4,frozen_thresholds,Bushy_Eyebrows,oracle_seed0,m3_seed0,-21.903752355209143,-2.480568949644313
occlusion_s4,frozen_thresholds,Arched_Eyebrows,oracle_seed0,m3_seed0,4.440495168558627,-0.8563449544021551
occlusion_s4,frozen_thresholds,High_Cheekbones,oracle_seed0,m3_seed0,0.12468827930174563,1.694858698567181
occlusion_s4,frozen_thresholds,Bags_Under_Eyes,oracle_seed0,m3_seed0,1.0871387259816303,1.040767028909978
occlusion_s4,frozen_thresholds,Big_Lips,oracle_seed0,m3_seed0,-1.4064535401982561e-05,1.1623652126347195
occlusion_s4,frozen_thresholds,Big_Nose,oracle_seed0,m3_seed0,18.52497415396208,-4.1899067901696725
occlusion_s4,frozen_thresholds,Double_Chin,oracle_seed0,m3_seed0,0.0,-2.673241250688771
occlusion_s4,frozen_thresholds,Oval_Face,oracle_seed0,m3_seed0,9.180271538014301,1.5048072281906133
occlusion_s4,frozen_thresholds,Receding_Hairline,oracle_seed0,m3_seed0,-0.09932398877031678,-1.7775459535837257
occlusion_s4,frozen_thresholds,Blond_Hair,oracle_seed0,m3_seed0,5.410926458139231,-0.22110865267512825
occlusion_s4,frozen_thresholds,Brown_Hair,oracle_seed0,m3_seed0,1.7247876101443516,-0.10078004375647653
occlusion_s4,frozen_thresholds,Gray_Hair,oracle_seed0,m3_seed0,-0.7787392543635585,-1.3048051211670741
occlusion_s4,frozen_thresholds,Bald,oracle_seed0,m3_seed0,-3.293005145320538,-0.22310039937912807
occlusion_s4,frozen_thresholds,Straight_Hair,oracle_seed0,m3_seed0,1.9214007485954587,0.24723379084696795
occlusion_s4,frozen_thresholds,Wavy_Hair,oracle_seed0,m3_seed0,-2.5642458122384193,-0.1911745465445147
occlusion_s4,frozen_thresholds,Sideburns,oracle_seed0,m3_seed0,0.0,-1.6951329073184098
occlusion_s4,frozen_thresholds,Smiling,oracle_seed0,r18_seed0,0.31958428448120296,-3.586078701837625
occlusion_s4,frozen_thresholds,Mouth_Slightly_Open,oracle_seed0,r18_seed0,-8.246680297883225,-2.086354051751127
occlusion_s4,frozen_thresholds,Eyeglasses,oracle_seed0,r18_seed0,6.6687974673911405,-2.852033528674758
occlusion_s4,frozen_thresholds,Bangs,oracle_seed0,r18_seed0,-6.148298740624336,-0.8424517885687877
occlusion_s4,frozen_thresholds,Wearing_Hat,oracle_seed0,r18_seed0,0.7554827719176704,0.87039585174431
occlusion_s4,frozen_thresholds,Mustache,oracle_seed0,r18_seed0,-1.0165184243964422,-2.916077099755991
occlusion_s4,frozen_thresholds,No_Beard,oracle_seed0,r18_seed0,-0.1316618430692973,-0.360422925318149
occlusion_s4,frozen_thresholds,Black_Hair,oracle_seed0,r18_seed0,-2.2367803183029333,0.008069248323350209
occlusion_s4,frozen_thresholds,Bushy_Eyebrows,oracle_seed0,r18_seed0,-26.475379706984032,-2.2846049712332173
occlusion_s4,frozen_thresholds,Arched_Eyebrows,oracle_seed0,r18_seed0,-24.14289579887625,-1.25957739926571
occlusion_s4,frozen_thresholds,High_Cheekbones,oracle_seed0,r18_seed0,0.10389609716223008,-6.183498763437334
occlusion_s4,frozen_thresholds,Bags_Under_Eyes,oracle_seed0,r18_seed0,1.3635433025068342,-0.3209463214678687
occlusion_s4,frozen_thresholds,Big_Lips,oracle_seed0,r18_seed0,-8.57661119543005,0.79509621861375
occlusion_s4,frozen_thresholds,Big_Nose,oracle_seed0,r18_seed0,-5.152802023647402,-1.5991583142034638
occlusion_s4,frozen_thresholds,Double_Chin,oracle_seed0,r18_seed0,0.0,1.2338417259384586
occlusion_s4,frozen_thresholds,Oval_Face,oracle_seed0,r18_seed0,1.8240106678705625,0.8124832618611966
occlusion_s4,frozen_thresholds,Receding_Hairline,oracle_seed0,r18_seed0,0.7228357351712567,0.2508188719078652
occlusion_s4,frozen_thresholds,Blond_Hair,oracle_seed0,r18_seed0,0.7078604706835745,0.0431106018170313
occlusion_s4,frozen_thresholds,Brown_Hair,oracle_seed0,r18_seed0,-0.4806469670512681,-0.875601589340258
occlusion_s4,frozen_thresholds,Gray_Hair,oracle_seed0,r18_seed0,1.4943548854150501,-0.20634268311262582
occlusion_s4,frozen_thresholds,Bald,oracle_seed0,r18_seed0,-1.874565429008479,-0.12272120365964811
occlusion_s4,frozen_thresholds,Straight_Hair,oracle_seed0,r18_seed0,-2.1726335503759575,-2.4683521874807046
occlusion_s4,frozen_thresholds,Wavy_Hair,oracle_seed0,r18_seed0,-5.835684322527412,-1.0077214144695312
occlusion_s4,frozen_thresholds,Sideburns,oracle_seed0,r18_seed0,0.0,-0.8743394488647194
occlusion_s4,frozen_thresholds,Smiling,r50_seed0,r18_seed0,0.08000798638278489,3.141100249817086
occlusion_s4,frozen_thresholds,Mouth_Slightly_Open,r50_seed0,r18_seed0,-10.726532573989198,-3.2082961083025996
occlusion_s4,frozen_thresholds,Eyeglasses,r50_seed0,r18_seed0,-38.138895597588004,-3.0711920480019805
occlusion_s4,frozen_thresholds,Bangs,r50_seed0,r18_seed0,-4.383249462288763,-0.007370679250828793
occlusion_s4,frozen_thresholds,Wearing_Hat,r50_seed0,r18_seed0,2.0998615446979008,0.8610591783101307
occlusion_s4,frozen_thresholds,Mustache,r50_seed0,r18_seed0,-0.25315964577048805,-0.06410157129607408
occlusion_s4,frozen_thresholds,No_Beard,r50_seed0,r18_seed0,0.07695718670082119,0.4072942057426143
occlusion_s4,frozen_thresholds,Black_Hair,r50_seed0,r18_seed0,0.14399380030891695,0.41369926154131154
occlusion_s4,frozen_thresholds,Bushy_Eyebrows,r50_seed0,r18_seed0,7.923103988740682,3.3924700560569065
occlusion_s4,frozen_thresholds,Arched_Eyebrows,r50_seed0,r18_seed0,9.63167470757877,0.10629260077937852
occlusion_s4,frozen_thresholds,High_Cheekbones,r50_seed0,r18_seed0,0.35280682159647453,3.136031115299065
occlusion_s4,frozen_thresholds,Bags_Under_Eyes,r50_seed0,r18_seed0,1.307836990595611,0.38433184100991613
occlusion_s4,frozen_thresholds,Big_Lips,r50_seed0,r18_seed0,6.463373790270095,-1.776137748442741
occlusion_s4,frozen_thresholds,Big_Nose,r50_seed0,r18_seed0,11.620893347845012,1.9941913695794455
occlusion_s4,frozen_thresholds,Double_Chin,r50_seed0,r18_seed0,0.0,2.9350796688104253
occlusion_s4,frozen_thresholds,Oval_Face,r50_seed0,r18_seed0,-26.880672946580464,1.9273180779797117
occlusion_s4,frozen_thresholds,Receding_Hairline,r50_seed0,r18_seed0,-0.04173765354198444,0.21229064126697672
occlusion_s4,frozen_thresholds,Blond_Hair,r50_seed0,r18_seed0,-0.5292908440620359,0.35250569800523435
occlusion_s4,frozen_thresholds,Brown_Hair,r50_seed0,r18_seed0,-0.7663329378502781,0.09457718927567971
occlusion_s4,frozen_thresholds,Gray_Hair,r50_seed0,r18_seed0,0.5972025531297165,-2.779213003160852
occlusion_s4,frozen_thresholds,Bald,r50_seed0,r18_seed0,0.5509346486323619,0.01827441611260694
occlusion_s4,frozen_thresholds,Straight_Hair,r50_seed0,r18_seed0,-2.076132505681716,-0.42361941721725804
occlusion_s4,frozen_thresholds,Wavy_Hair,r50_seed0,r18_seed0,-2.400593983203969,-0.06758756396231247
occlusion_s4,frozen_thresholds,Sideburns,r50_seed0,r18_seed0,0.0,1.1152670761460328
occlusion_s4,fixed_0_5,Smiling,m3_seed0,r18_seed0,-0.7173950045485574,-1.3304837351895804
occlusion_s4,fixed_0_5,Mouth_Slightly_Open,m3_seed0,r18_seed0,-7.871737569504004,-3.66313121909545
occlusion_s4,fixed_0_5,Eyeglasses,m3_seed0,r18_seed0,52.290232817801964,13.057858824992529
occlusion_s4,fixed_0_5,Bangs,m3_seed0,r18_seed0,2.95293572598172,0.20831437801522856
occlusion_s4,fixed_0_5,Wearing_Hat,m3_seed0,r18_seed0,0.7561439167964479,1.5607380642388091
occlusion_s4,fixed_0_5,Mustache,m3_seed0,r18_seed0,0.0,-1.6001669560253506
occlusion_s4,fixed_0_5,No_Beard,m3_seed0,r18_seed0,-0.15779534495662384,0.3534259522462224
occlusion_s4,fixed_0_5,Black_Hair,m3_seed0,r18_seed0,-2.5442315297501295,-0.01923446860419009
occlusion_s4,fixed_0_5,Bushy_Eyebrows,m3_seed0,r18_seed0,-1.2985905139851317,0.19596397841109559
occlusion_s4,fixed_0_5,Arched_Eyebrows,m3_seed0,r18_seed0,-19.802668688852478,-0.4032324448635549
occlusion_s4,fixed_0_5,High_Cheekbones,m3_seed0,r18_seed0,-0.12468827930174563,-7.878357462004515
occlusion_s4,fixed_0_5,Bags_Under_Eyes,m3_seed0,r18_seed0,0.04941932295527551,-1.3617133503778467
occlusion_s4,fixed_0_5,Big_Lips,m3_seed0,r18_seed0,-0.823045267489712,-0.36726899402096946
occlusion_s4,fixed_0_5,Big_Nose,m3_seed0,r18_seed0,1.018569445535738,2.590748475966209
occlusion_s4,fixed_0_5,Double_Chin,m3_seed0,r18_seed0,0.0,3.9070829766272297
occlusion_s4,fixed_0_5,Oval_Face,m3_seed0,r18_seed0,-19.586078235726585,-0.6923239663294167
occlusion_s4,fixed_0_5,Receding_Hairline,m3_seed0,r18_seed0,2.412665777821843,2.028364825491591
occlusion_s4,fixed_0_5,Blond_Hair,m3_seed0,r18_seed0,-6.682144893656316,0.26421925449215955
occlusion_s4,fixed_0_5,Brown_Hair,m3_seed0,r18_seed0,0.6285878304266745,-0.7748215455837815
occlusion_s4,fixed_0_5,Gray_Hair,m3_seed0,r18_seed0,1.8381581726219065,1.0984624380544483
occlusion_s4,fixed_0_5,Bald,m3_seed0,r18_seed0,4.247773077329997,0.10037919571947995
occlusion_s4,fixed_0_5,Straight_Hair,m3_seed0,r18_seed0,-2.101578961781181,-2.7155859783276726
occlusion_s4,fixed_0_5,Wavy_Hair,m3_seed0,r18_seed0,-7.813362310046712,-0.8165468679250165
occlusion_s4,fixed_0_5,Sideburns,m3_seed0,r18_seed0,0.0,0.8207934584536904
occlusion_s4,fixed_0_5,Smiling,oracle_seed0,m3_seed0,0.7570231917272634,-2.2555949666480446
occlusion_s4,fixed_0_5,Mouth_Slightly_Open,oracle_seed0,m3_seed0,16.031485614442953,1.5767771673443232
occlusion_s4,fixed_0_5,Eyeglasses,oracle_seed0,m3_seed0,-23.07013009390884,-15.909892353667288
occlusion_s4,fixed_0_5,Bangs,oracle_seed0,m3_seed0,-13.60845529496908,-1.0507661665840162
occlusion_s4,fixed_0_5,Wearing_Hat,oracle_seed0,m3_seed0,-0.31849252899218694,-0.6903422124944991
occlusion_s4,fixed_0_5,Mustache,oracle_seed0,m3_seed0,0.0,-1.3159101437306406
occlusion_s4,fixed_0_5,No_Beard,oracle_seed0,m3_seed0,-0.4120076306549869,-0.7138488775643714
occlusion_s4,fixed_0_5,Black_Hair,oracle_seed0,m3_seed0,-0.3289795918367422,0.0273037169275403
occlusion_s4,fixed_0_5,Bushy_Eyebrows,oracle_seed0,m3_seed0,-13.880473961204318,-2.480568949644313
occlusion_s4,fixed_0_5,Arched_Eyebrows,oracle_seed0,m3_seed0,0.559523500994099,-0.8563449544021551
occlusion_s4,fixed_0_5,High_Cheekbones,oracle_seed0,m3_seed0,0.14545454545454545,1.694858698567181
occlusion_s4,fixed_0_5,Bags_Under_Eyes,oracle_seed0,m3_seed0,1.2214365535158107e-05,1.040767028909978
occlusion_s4,fixed_0_5,Big_Lips,oracle_seed0,m3_seed0,0.24476059354443935,1.1623652126347195
occlusion_s4,fixed_0_5,Big_Nose,oracle_seed0,m3_seed0,3.3566433566433567,-4.1899067901696725
occlusion_s4,fixed_0_5,Double_Chin,oracle_seed0,m3_seed0,0.0,-2.673241250688771
occlusion_s4,fixed_0_5,Oval_Face,oracle_seed0,m3_seed0,-5.537999492917526,1.5048072281906133
occlusion_s4,fixed_0_5,Receding_Hairline,oracle_seed0,m3_seed0,-1.649369056806893,-1.7775459535837257
occlusion_s4,fixed_0_5,Blond_Hair,oracle_seed0,m3_seed0,4.937516530614971,-0.22110865267512825
occlusion_s4,fixed_0_5,Brown_Hair,oracle_seed0,m3_seed0,-0.8966072288687288,-0.10078004375647653
occlusion_s4,fixed_0_5,Gray_Hair,oracle_seed0,m3_seed0,-5.721395101839177,-1.3048051211670741
occlusion_s4,fixed_0_5,Bald,oracle_seed0,m3_seed0,-4.31226135194075,-0.22310039937912807
occlusion_s4,fixed_0_5,Straight_Hair,oracle_seed0,m3_seed0,-1.7668412213591944,0.24723379084696795
occlusion_s4,fixed_0_5,Wavy_Hair,oracle_seed0,m3_seed0,7.766340694765206,-0.1911745465445147
occlusion_s4,fixed_0_5,Sideburns,oracle_seed0,m3_seed0,0.0,-1.6951329073184098
occlusion_s4,fixed_0_5,Smiling,oracle_seed0,r18_seed0,0.03962818717870602,-3.586078701837625
occlusion_s4,fixed_0_5,Mouth_Slightly_Open,oracle_seed0,r18_seed0,8.159748044938949,-2.086354051751127
occlusion_s4,fixed_0_5,Eyeglasses,oracle_seed0,r18_seed0,29.220102723893127,-2.852033528674758
occlusion_s4,fixed_0_5,Bangs,oracle_seed0,r18_seed0,-10.655519568987359,-0.8424517885687877
occlusion_s4,fixed_0_5,Wearing_Hat,oracle_seed0,r18_seed0,0.43765138780426094,0.87039585174431
occlusion_s4,fixed_0_5,Mustache,oracle_seed0,r18_seed0,0.0,-2.916077099755991
occlusion_s4,fixed_0_5,No_Beard,oracle_seed0,r18_seed0,-0.5698029756116108,-0.360422925318149
occlusion_s4,fixed_0_5,Black_Hair,oracle_seed0,r18_seed0,-2.8732111215868716,0.008069248323350209
occlusion_s4,fixed_0_5,Bushy_Eyebrows,oracle_seed0,r18_seed0,-15.179064475189449,-2.2846049712332173
occlusion_s4,fixed_0_5,Arched_Eyebrows,oracle_seed0,r18_seed0,-19.243145187858378,-1.25957739926571
occlusion_s4,fixed_0_5,High_Cheekbones,oracle_seed0,r18_seed0,0.020766266152799813,-6.183498763437334
occlusion_s4,fixed_0_5,Bags_Under_Eyes,oracle_seed0,r18_seed0,0.049431537320810674,-0.3209463214678687
occlusion_s4,fixed_0_5,Big_Lips,oracle_seed0,r18_seed0,-0.5782846739452726,0.79509621861375
occlusion_s4,fixed_0_5,Big_Nose,oracle_seed0,r18_seed0,4.375212802179094,-1.5991583142034638
occlusion_s4,fixed_0_5,Double_Chin,oracle_seed0,r18_seed0,0.0,1.2338417259384586
occlusion_s4,fixed_0_5,Oval_Face,oracle_seed0,r18_seed0,-25.12407772864411,0.8124832618611966
occlusion_s4,fixed_0_5,Receding_Hairline,oracle_seed0,r18_seed0,0.7632967210149499,0.2508188719078652
occlusion_s4,fixed_0_5,Blond_Hair,oracle_seed0,r18_seed0,-1.744628363041345,0.0431106018170313
occlusion_s4,fixed_0_5,Brown_Hair,oracle_seed0,r18_seed0,-0.26801939844205425,-0.875601589340258
occlusion_s4,fixed_0_5,Gray_Hair,oracle_seed0,r18_seed0,-3.883236929217271,-0.20634268311262582
occlusion_s4,fixed_0_5,Bald,oracle_seed0,r18_seed0,-0.06448827461075224,-0.12272120365964811
occlusion_s4,fixed_0_5,Straight_Hair,oracle_seed0,r18_seed0,-3.8684201831403753,-2.4683521874807046
occlusion_s4,fixed_0_5,Wavy_Hair,oracle_seed0,r18_seed0,-0.04702161528150617,-1.0077214144695312
occlusion_s4,fixed_0_5,Sideburns,oracle_seed0,r18_seed0,0.0,-0.8743394488647194
occlusion_s4,fixed_0_5,Smiling,r50_seed0,r18_seed0,0.15935258877706426,3.141100249817086
occlusion_s4,fixed_0_5,Mouth_Slightly_Open,r50_seed0,r18_seed0,-8.253049032813655,-3.2082961083025996
occlusion_s4,fixed_0_5,Eyeglasses,r50_seed0,r18_seed0,3.328804668967872,-3.0711920480019805
occlusion_s4,fixed_0_5,Bangs,r50_seed0,r18_seed0,-7.218751780110811,-0.007370679250828793
occlusion_s4,fixed_0_5,Wearing_Hat,r50_seed0,r18_seed0,0.32429870057442134,0.8610591783101307
occlusion_s4,fixed_0_5,Mustache,r50_seed0,r18_seed0,0.0,-0.06410157129607408
occlusion_s4,fixed_0_5,No_Beard,r50_seed0,r18_seed0,-0.016528309803043317,0.4072942057426143
occlusion_s4,fixed_0_5,Black_Hair,r50_seed0,r18_seed0,0.017578815077456955,0.41369926154131154
occlusion_s4,fixed_0_5,Bushy_Eyebrows,r50_seed0,r18_seed0,8.340797255177185,3.3924700560569065
occlusion_s4,fixed_0_5,Arched_Eyebrows,r50_seed0,r18_seed0,16.776553762062065,0.10629260077937852
occlusion_s4,fixed_0_5,High_Cheekbones,r50_seed0,r18_seed0,0.4765348988883653,3.136031115299065
occlusion_s4,fixed_0_5,Bags_Under_Eyes,r50_seed0,r18_seed0,0.049431537320810674,0.38433184100991613
occlusion_s4,fixed_0_5,Big_Lips,r50_seed0,r18_seed0,-0.4256740310538263,-1.776137748442741
occlusion_s4,fixed_0_5,Big_Nose,r50_seed0,r18_seed0,4.814606741573034,1.9941913695794455
occlusion_s4,fixed_0_5,Double_Chin,r50_seed0,r18_seed0,0.0,2.9350796688104253
occlusion_s4,fixed_0_5,Oval_Face,r50_seed0,r18_seed0,-27.55052055604621,1.9273180779797117
occlusion_s4,fixed_0_5,Receding_Hairline,r50_seed0,r18_seed0,2.064704947298124,0.21229064126697672
occlusion_s4,fixed_0_5,Blond_Hair,r50_seed0,r18_seed0,-0.6543888333787495,0.35250569800523435
occlusion_s4,fixed_0_5,Brown_Hair,r50_seed0,r18_seed0,1.3983443979121435,0.09457718927567971
occlusion_s4,fixed_0_5,Gray_Hair,r50_seed0,r18_seed0,-1.7824054230492714,-2.779213003160852
occlusion_s4,fixed_0_5,Bald,r50_seed0,r18_seed0,4.354408736878856,0.01827441611260694
occlusion_s4,fixed_0_5,Straight_Hair,r50_seed0,r18_seed0,0.15318595067616014,-0.42361941721725804
occlusion_s4,fixed_0_5,Wavy_Hair,r50_seed0,r18_seed0,-0.5658742817981621,-0.06758756396231247
occlusion_s4,fixed_0_5,Sideburns,r50_seed0,r18_seed0,0.0,1.1152670761460328
jpeg_s1,frozen_thresholds,Smiling,m3_seed0,r18_seed0,0.1338784795942627,0.03552913996873741
jpeg_s1,frozen_thresholds,Mouth_Slightly_Open,m3_seed0,r18_seed0,0.14828298139496487,0.07521461773457583
jpeg_s1,frozen_thresholds,Eyeglasses,m3_seed0,r18_seed0,-0.35237016180679204,0.017750945225547543
jpeg_s1,frozen_thresholds,Bangs,m3_seed0,r18_seed0,-0.061487329155518466,0.09253632117661725
jpeg_s1,frozen_thresholds,Wearing_Hat,m3_seed0,r18_seed0,0.4333755063786082,0.2580489714353762
jpeg_s1,frozen_thresholds,Mustache,m3_seed0,r18_seed0,-0.6255351720541369,-1.4029242807324205
jpeg_s1,frozen_thresholds,No_Beard,m3_seed0,r18_seed0,-0.10904109936433759,-0.008330293635538943
jpeg_s1,frozen_thresholds,Black_Hair,m3_seed0,r18_seed0,-0.10322151190474971,-0.15279692957046453
jpeg_s1,frozen_thresholds,Bushy_Eyebrows,m3_seed0,r18_seed0,-1.3717797063427906,-0.40124684047538883
jpeg_s1,frozen_thresholds,Arched_Eyebrows,m3_seed0,r18_seed0,-0.19188507120629916,0.33204647640578955
jpeg_s1,frozen_thresholds,High_Cheekbones,m3_seed0,r18_seed0,-0.30081685476381903,-0.05497013660448191
jpeg_s1,frozen_thresholds,Bags_Under_Eyes,m3_seed0,r18_seed0,0.252820384579433,0.33892312771566235
jpeg_s1,frozen_thresholds,Big_Lips,m3_seed0,r18_seed0,-1.7378686776733376,-0.19340948241095557
jpeg_s1,frozen_thresholds,Big_Nose,m3_seed0,r18_seed0,0.673405410832717,0.3753018598736557
jpeg_s1,frozen_thresholds,Double_Chin,m3_seed0,r18_seed0,0.33778669623840685,0.6894167743421886
jpeg_s1,frozen_thresholds,Oval_Face,m3_seed0,r18_seed0,0.8124670044268312,0.5357793778326014
jpeg_s1,frozen_thresholds,Receding_Hairline,m3_seed0,r18_seed0,2.137919198807259,2.1701697811058462
jpeg_s1,frozen_thresholds,Blond_Hair,m3_seed0,r18_seed0,0.07497265643033879,0.3088775411474787
jpeg_s1,frozen_thresholds,Brown_Hair,m3_seed0,r18_seed0,-0.01766966448683016,-0.1946281181819165
jpeg_s1,frozen_thresholds,Gray_Hair,m3_seed0,r18_seed0,1.2861140042617736,-1.0709579352137344
jpeg_s1,frozen_thresholds,Bald,m3_seed0,r18_seed0,-0.6355640113601901,-0.47953197709857953
jpeg_s1,frozen_thresholds,Straight_Hair,m3_seed0,r18_seed0,-0.7080238001645922,-0.8702029531147737
jpeg_s1,frozen_thresholds,Wavy_Hair,m3_seed0,r18_seed0,-0.38560088313904783,-0.04483378856832143
jpeg_s1,frozen_thresholds,Sideburns,m3_seed0,r18_seed0,0.9832448240548186,0.5465468933393169
jpeg_s1,frozen_thresholds,Smiling,oracle_seed0,m3_seed0,-0.5094015850283906,-0.09609295059029854
jpeg_s1,frozen_thresholds,Mouth_Slightly_Open,oracle_seed0,m3_seed0,-0.4805792935857034,-0.14125537891882534
jpeg_s1,frozen_thresholds,Eyeglasses,oracle_seed0,m3_seed0,0.23428348301445245,-0.010451280896461856
jpeg_s1,frozen_thresholds,Bangs,oracle_seed0,m3_seed0,-0.11072541882634068,-0.23713068271310478
jpeg_s1,frozen_thresholds,Wearing_Hat,oracle_seed0,m3_seed0,-0.4632639875422062,0.03434057438217453
jpeg_s1,frozen_thresholds,Mustache,oracle_seed0,m3_seed0,-0.875671825900548,-0.32007293714073626
jpeg_s1,frozen_thresholds,No_Beard,oracle_seed0,m3_seed0,0.02395683779842228,0.0075719280318020665
jpeg_s1,frozen_thresholds,Black_Hair,oracle_seed0,m3_seed0,0.013454475900664953,0.3045353879569612
jpeg_s1,frozen_thresholds,Bushy_Eyebrows,oracle_seed0,m3_seed0,1.2320316664997333,0.7336695943745974
jpeg_s1,frozen_thresholds,Arched_Eyebrows,oracle_seed0,m3_seed0,-0.21483578952267157,-0.6625313206663264
jpeg_s1,frozen_thresholds,High_Cheekbones,oracle_seed0,m3_seed0,-0.049810793593951797,-0.15863086328168352
jpeg_s1,frozen_thresholds,Bags_Under_Eyes,oracle_seed0,m3_seed0,0.6284587582602974,-0.1665542774308859
jpeg_s1,frozen_thresholds,Big_Lips,oracle_seed0,m3_seed0,-1.1250786117478984,0.5936225343287971
jpeg_s1,frozen_thresholds,Big_Nose,oracle_seed0,m3_seed0,0.02824974896097343,0.36642976906215985
jpeg_s1,frozen_thresholds,Double_Chin,oracle_seed0,m3_seed0,-0.12588943623426108,-0.4290937041158127
jpeg_s1,frozen_thresholds,Oval_Face,oracle_seed0,m3_seed0,-0.45709150918616936,-1.847598929730765
jpeg_s1,frozen_thresholds,Receding_Hairline,oracle_seed0,m3_seed0,0.9823129752918991,0.1768635759595405
jpeg_s1,frozen_thresholds,Blond_Hair,oracle_seed0,m3_seed0,0.5814452163942274,0.07255209826607656
jpeg_s1,frozen_thresholds,Brown_Hair,oracle_seed0,m3_seed0,-0.18429577885874515,0.40000666660008344
jpeg_s1,frozen_thresholds,Gray_Hair,oracle_seed0,m3_seed0,-1.3821731367089973,0.582906930838667
jpeg_s1,frozen_thresholds,Bald,oracle_seed0,m3_seed0,-1.9108280254777066,-0.021789662420368394
jpeg_s1,frozen_thresholds,Straight_Hair,oracle_seed0,m3_seed0,0.3298589820879383,1.1698371748433134
jpeg_s1,frozen_thresholds,Wavy_Hair,oracle_seed0,m3_seed0,0.3541093008951113,-0.314079995686789
jpeg_s1,frozen_thresholds,Sideburns,oracle_seed0,m3_seed0,-0.45892041026937,-0.43405056795280395
jpeg_s1,frozen_thresholds,Smiling,oracle_seed0,r18_seed0,-0.3755231054341279,-0.06056381062156113
jpeg_s1,frozen_thresholds,Mouth_Slightly_Open,oracle_seed0,r18_seed0,-0.3322963121907385,-0.06604076118424951
jpeg_s1,frozen_thresholds,Eyeglasses,oracle_seed0,r18_seed0,-0.11808667879233958,0.007299664329085687
jpeg_s1,frozen_thresholds,Bangs,oracle_seed0,r18_seed0,-0.17221274798185915,-0.14459436153648753
jpeg_s1,frozen_thresholds,Wearing_Hat,oracle_seed0,r18_seed0,-0.02988848116359799,0.2923895458175507
jpeg_s1,frozen_thresholds,Mustache,oracle_seed0,r18_seed0,-1.501206997954685,-1.7229972178731567
jpeg_s1,frozen_thresholds,No_Beard,oracle_seed0,r18_seed0,-0.08508426156591531,-0.0007583656037368769
jpeg_s1,frozen_thresholds,Black_Hair,oracle_seed0,r18_seed0,-0.08976703600408475,0.1517384583864967
jpeg_s1,frozen_thresholds,Bushy_Eyebrows,oracle_seed0,r18_seed0,-0.13974803984305728,0.3324227538992086
jpeg_s1,frozen_thresholds,Arched_Eyebrows,oracle_seed0,r18_seed0,-0.40672086072897073,-0.3304848442605368
jpeg_s1,frozen_thresholds,High_Cheekbones,oracle_seed0,r18_seed0,-0.3506276483577708,-0.21360099988616543
jpeg_s1,frozen_thresholds,Bags_Under_Eyes,oracle_seed0,r18_seed0,0.8812791428397304,0.17236885028477644
jpeg_s1,frozen_thresholds,Big_Lips,oracle_seed0,r18_seed0,-2.862947289421236,0.4002130519178415
jpeg_s1,frozen_thresholds,Big_Nose,oracle_seed0,r18_seed0,0.7016551597936904,0.7417316289358156
jpeg_s1,frozen_thresholds,Double_Chin,oracle_seed0,r18_seed0,0.21189726000414577,0.2603230702263759
jpeg_s1,frozen_thresholds,Oval_Face,oracle_seed0,r18_seed0,0.3553754952406618,-1.3118195518981635
jpeg_s1,frozen_thresholds,Receding_Hairline,oracle_seed0,r18_seed0,3.120232174099158,2.3470333570653867
jpeg_s1,frozen_thresholds,Blond_Hair,oracle_seed0,r18_seed0,0.6564178728245662,0.38142963941355523
jpeg_s1,frozen_thresholds,Brown_Hair,oracle_seed0,r18_seed0,-0.2019654433455753,0.20537854841816694
jpeg_s1,frozen_thresholds,Gray_Hair,oracle_seed0,r18_seed0,-0.09605913244722375,-0.48805100437506743
jpeg_s1,frozen_thresholds,Bald,oracle_seed0,r18_seed0,-2.5463920368378967,-0.5013216395189479
jpeg_s1,frozen_thresholds,Straight_Hair,oracle_seed0,r18_seed0,-0.3781648180766539,0.2996342217285397
jpeg_s1,frozen_thresholds,Wavy_Hair,oracle_seed0,r18_seed0,-0.031491582243936556,-0.35891378425511045
jpeg_s1,frozen_thresholds,Sideburns,oracle_seed0,r18_seed0,0.5243244137854486,0.112496325386513
jpeg_s1,frozen_thresholds,Smiling,r50_seed0,r18_seed0,-0.008251468268882789,0.025181899771298255
jpeg_s1,frozen_thresholds,Mouth_Slightly_Open,r50_seed0,r18_seed0,0.2068880827674313,0.05699741038510675
jpeg_s1,frozen_thresholds,Eyeglasses,r50_seed0,r18_seed0,-0.07416993860140941,-0.09646604415751714
jpeg_s1,frozen_thresholds,Bangs,r50_seed0,r18_seed0,-1.0455169112612905,-0.46435863610152506
jpeg_s1,frozen_thresholds,Wearing_Hat,r50_seed0,r18_seed0,-0.11794227017528636,-0.6807929101026233
jpeg_s1,frozen_thresholds,Mustache,r50_seed0,r18_seed0,0.5581509669150941,1.400142329259313
jpeg_s1,frozen_thresholds,No_Beard,r50_seed0,r18_seed0,-0.0066967338578027835,-0.028738794937210876
jpeg_s1,frozen_thresholds,Black_Hair,r50_seed0,r18_seed0,0.18294847560110794,0.15019215914624517
jpeg_s1,frozen_thresholds,Bushy_Eyebrows,r50_seed0,r18_seed0,-0.41798507754208236,0.3202421847162684
jpeg_s1,frozen_thresholds,Arched_Eyebrows,r50_seed0,r18_seed0,0.12099637458715673,0.18275631140503013
jpeg_s1,frozen_thresholds,High_Cheekbones,r50_seed0,r18_seed0,-0.24328765154045806,-0.053131155800001384
jpeg_s1,frozen_thresholds,Bags_Under_Eyes,r50_seed0,r18_seed0,-0.6670168841814594,-0.9611167353280048
jpeg_s1,frozen_thresholds,Big_Lips,r50_seed0,r18_seed0,0.450551493147322,-0.3525882101818256
jpeg_s1,frozen_thresholds,Big_Nose,r50_seed0,r18_seed0,0.19671268010641452,0.05329918284368018
jpeg_s1,frozen_thresholds,Double_Chin,r50_seed0,r18_seed0,-1.299696742727463,-1.039207992279234
jpeg_s1,frozen_thresholds,Oval_Face,r50_seed0,r18_seed0,1.0033828050987292,-0.3427335806966525
jpeg_s1,frozen_thresholds,Receding_Hairline,r50_seed0,r18_seed0,0.8977791434792826,-0.4165795206469869
jpeg_s1,frozen_thresholds,Blond_Hair,r50_seed0,r18_seed0,-0.16696557983144622,0.1990578996737713
jpeg_s1,frozen_thresholds,Brown_Hair,r50_seed0,r18_seed0,-0.13249736196307982,-0.02968733120073397
jpeg_s1,frozen_thresholds,Gray_Hair,r50_seed0,r18_seed0,-0.21593198197455976,0.41041368548253576
jpeg_s1,frozen_thresholds,Bald,r50_seed0,r18_seed0,0.4429191189148085,0.26856455441945926
jpeg_s1,frozen_thresholds,Straight_Hair,r50_seed0,r18_seed0,0.28018084789677156,-0.5355849333557039
jpeg_s1,frozen_thresholds,Wavy_Hair,r50_seed0,r18_seed0,-2.5403649057354705,-0.032036038240290665
jpeg_s1,frozen_thresholds,Sideburns,r50_seed0,r18_seed0,-0.8459312908355776,-0.2603048009160558
jpeg_s1,fixed_0_5,Smiling,m3_seed0,r18_seed0,0.012323827356042205,0.03552913996873741
jpeg_s1,fixed_0_5,Mouth_Slightly_Open,m3_seed0,r18_seed0,0.38020176375911374,0.07521461773457583
jpeg_s1,fixed_0_5,Eyeglasses,m3_seed0,r18_seed0,0.01768867924528683,0.017750945225547543
jpeg_s1,fixed_0_5,Bangs,m3_seed0,r18_seed0,1.0118028053292427,0.09253632117661725
jpeg_s1,fixed_0_5,Wearing_Hat,m3_seed0,r18_seed0,0.46269519953731075,0.2580489714353762
jpeg_s1,fixed_0_5,Mustache,m3_seed0,r18_seed0,10.874141023991745,-1.4029242807324205
jpeg_s1,fixed_0_5,No_Beard,m3_seed0,r18_seed0,-0.019167207303061318,-0.008330293635538943
jpeg_s1,fixed_0_5,Black_Hair,m3_seed0,r18_seed0,0.5507128593548627,-0.15279692957046453
jpeg_s1,fixed_0_5,Bushy_Eyebrows,m3_seed0,r18_seed0,2.977734943033983,-0.40124684047538883
jpeg_s1,fixed_0_5,Arched_Eyebrows,m3_seed0,r18_seed0,0.6265389811301869,0.33204647640578955
jpeg_s1,fixed_0_5,High_Cheekbones,m3_seed0,r18_seed0,-0.8482477366548613,-0.05497013660448191
jpeg_s1,fixed_0_5,Bags_Under_Eyes,m3_seed0,r18_seed0,6.426422513777064,0.33892312771566235
jpeg_s1,fixed_0_5,Big_Lips,m3_seed0,r18_seed0,5.39908668096643,-0.19340948241095557
jpeg_s1,fixed_0_5,Big_Nose,m3_seed0,r18_seed0,8.745522745778334,0.3753018598736557
jpeg_s1,fixed_0_5,Double_Chin,m3_seed0,r18_seed0,2.200981421223891,0.6894167743421886
jpeg_s1,fixed_0_5,Oval_Face,m3_seed0,r18_seed0,-2.6420383933388414,0.5357793778326014
jpeg_s1,fixed_0_5,Receding_Hairline,m3_seed0,r18_seed0,8.122652265226527,2.1701697811058462
jpeg_s1,fixed_0_5,Blond_Hair,m3_seed0,r18_seed0,0.08948995442450425,0.3088775411474787
jpeg_s1,fixed_0_5,Brown_Hair,m3_seed0,r18_seed0,-2.2744312393315202,-0.1946281181819165
jpeg_s1,fixed_0_5,Gray_Hair,m3_seed0,r18_seed0,-0.227819511955607,-1.0709579352137344
jpeg_s1,fixed_0_5,Bald,m3_seed0,r18_seed0,0.08574597688791874,-0.47953197709857953
jpeg_s1,fixed_0_5,Straight_Hair,m3_seed0,r18_seed0,-3.2934559407076236,-0.8702029531147737
jpeg_s1,fixed_0_5,Wavy_Hair,m3_seed0,r18_seed0,-2.8950306721391095,-0.04483378856832143
jpeg_s1,fixed_0_5,Sideburns,m3_seed0,r18_seed0,1.290529930203621,0.5465468933393169
jpeg_s1,fixed_0_5,Smiling,oracle_seed0,m3_seed0,-0.373664056331946,-0.09609295059029854
jpeg_s1,fixed_0_5,Mouth_Slightly_Open,oracle_seed0,m3_seed0,-0.2650834595239515,-0.14125537891882534
jpeg_s1,fixed_0_5,Eyeglasses,oracle_seed0,m3_seed0,0.10767836142688836,-0.010451280896461856
jpeg_s1,fixed_0_5,Bangs,oracle_seed0,m3_seed0,-1.6108285693181346,-0.23713068271310478
jpeg_s1,fixed_0_5,Wearing_Hat,oracle_seed0,m3_seed0,0.03431816054659809,0.03434057438217453
jpeg_s1,fixed_0_5,Mustache,oracle_seed0,m3_seed0,2.2441670870540387,-0.32007293714073626
jpeg_s1,fixed_0_5,No_Beard,oracle_seed0,m3_seed0,-0.02056132129402144,0.0075719280318020665
jpeg_s1,fixed_0_5,Black_Hair,oracle_seed0,m3_seed0,0.4793813096625965,0.3045353879569612
jpeg_s1,fixed_0_5,Bushy_Eyebrows,oracle_seed0,m3_seed0,4.292363580322823,0.7336695943745974
jpeg_s1,fixed_0_5,Arched_Eyebrows,oracle_seed0,m3_seed0,-0.8300023442632032,-0.6625313206663264
jpeg_s1,fixed_0_5,High_Cheekbones,oracle_seed0,m3_seed0,0.4806214423291877,-0.15863086328168352
jpeg_s1,fixed_0_5,Bags_Under_Eyes,oracle_seed0,m3_seed0,-1.373234079276875,-0.1665542774308859
jpeg_s1,fixed_0_5,Big_Lips,oracle_seed0,m3_seed0,15.2512199990204,0.5936225343287971
jpeg_s1,fixed_0_5,Big_Nose,oracle_seed0,m3_seed0,-0.500713731427771,0.36642976906215985
jpeg_s1,fixed_0_5,Double_Chin,oracle_seed0,m3_seed0,2.0030137361610967,-0.4290937041158127
jpeg_s1,fixed_0_5,Oval_Face,oracle_seed0,m3_seed0,-15.532508919875243,-1.847598929730765
jpeg_s1,fixed_0_5,Receding_Hairline,oracle_seed0,m3_seed0,-0.49312623570049174,0.1768635759595405
jpeg_s1,fixed_0_5,Blond_Hair,oracle_seed0,m3_seed0,0.30099533603760165,0.07255209826607656
jpeg_s1,fixed_0_5,Brown_Hair,oracle_seed0,m3_seed0,2.277789301756372,0.40000666660008344
jpeg_s1,fixed_0_5,Gray_Hair,oracle_seed0,m3_seed0,1.3384992671919616,0.582906930838667
jpeg_s1,fixed_0_5,Bald,oracle_seed0,m3_seed0,-0.8855786916142527,-0.021789662420368394
jpeg_s1,fixed_0_5,Straight_Hair,oracle_seed0,m3_seed0,-4.1849597668078715,1.1698371748433134
jpeg_s1,fixed_0_5,Wavy_Hair,oracle_seed0,m3_seed0,4.336298035812868,-0.314079995686789
jpeg_s1,fixed_0_5,Sideburns,oracle_seed0,m3_seed0,-0.479746065444675,-0.43405056795280395
jpeg_s1,fixed_0_5,Smiling,oracle_seed0,r18_seed0,-0.3613402289759038,-0.06056381062156113
jpeg_s1,fixed_0_5,Mouth_Slightly_Open,oracle_seed0,r18_seed0,0.11511830423516223,-0.06604076118424951
jpeg_s1,fixed_0_5,Eyeglasses,oracle_seed0,r18_seed0,0.1253670406721752,0.007299664329085687
jpeg_s1,fixed_0_5,Bangs,oracle_seed0,r18_seed0,-0.5990257639888918,-0.14459436153648753
jpeg_s1,fixed_0_5,Wearing_Hat,oracle_seed0,r18_seed0,0.49701336008390884,0.2923895458175507
jpeg_s1,fixed_0_5,Mustache,oracle_seed0,r18_seed0,13.118308111045785,-1.7229972178731567
jpeg_s1,fixed_0_5,No_Beard,oracle_seed0,r18_seed0,-0.03972852859708276,-0.0007583656037368769
jpeg_s1,fixed_0_5,Black_Hair,oracle_seed0,r18_seed0,1.0300941690174592,0.1517384583864967
jpeg_s1,fixed_0_5,Bushy_Eyebrows,oracle_seed0,r18_seed0,7.270098523356805,0.3324227538992086
jpeg_s1,fixed_0_5,Arched_Eyebrows,oracle_seed0,r18_seed0,-0.20346336313301627,-0.3304848442605368
jpeg_s1,fixed_0_5,High_Cheekbones,oracle_seed0,r18_seed0,-0.3676262943256736,-0.21360099988616543
jpeg_s1,fixed_0_5,Bags_Under_Eyes,oracle_seed0,r18_seed0,5.053188434500189,0.17236885028477644
jpeg_s1,fixed_0_5,Big_Lips,oracle_seed0,r18_seed0,20.65030667998683,0.4002130519178415
jpeg_s1,fixed_0_5,Big_Nose,oracle_seed0,r18_seed0,8.244809014350562,0.7417316289358156
jpeg_s1,fixed_0_5,Double_Chin,oracle_seed0,r18_seed0,4.203995157384988,0.2603230702263759
jpeg_s1,fixed_0_5,Oval_Face,oracle_seed0,r18_seed0,-18.174547313214084,-1.3118195518981635
jpeg_s1,fixed_0_5,Receding_Hairline,oracle_seed0,r18_seed0,7.629526029526035,2.3470333570653867
jpeg_s1,fixed_0_5,Blond_Hair,oracle_seed0,r18_seed0,0.3904852904621059,0.38142963941355523
jpeg_s1,fixed_0_5,Brown_Hair,oracle_seed0,r18_seed0,0.0033580624248519264,0.20537854841816694
jpeg_s1,fixed_0_5,Gray_Hair,oracle_seed0,r18_seed0,1.1106797552363545,-0.48805100437506743
jpeg_s1,fixed_0_5,Bald,oracle_seed0,r18_seed0,-0.799832714726334,-0.5013216395189479
jpeg_s1,fixed_0_5,Straight_Hair,oracle_seed0,r18_seed0,-7.478415707515495,0.2996342217285397
jpeg_s1,fixed_0_5,Wavy_Hair,oracle_seed0,r18_seed0,1.4412673636737594,-0.35891378425511045
jpeg_s1,fixed_0_5,Sideburns,oracle_seed0,r18_seed0,0.810783864758946,0.112496325386513
jpeg_s1,fixed_0_5,Smiling,r50_seed0,r18_seed0,-0.16617831782950176,0.025181899771298255
jpeg_s1,fixed_0_5,Mouth_Slightly_Open,r50_seed0,r18_seed0,-0.028926080433877566,0.05699741038510675
jpeg_s1,fixed_0_5,Eyeglasses,r50_seed0,r18_seed0,0.4575710207466388,-0.09646604415751714
jpeg_s1,fixed_0_5,Bangs,r50_seed0,r18_seed0,0.1927973189831622,-0.46435863610152506
jpeg_s1,fixed_0_5,Wearing_Hat,r50_seed0,r18_seed0,0.013401232913434757,-0.6807929101026233
jpeg_s1,fixed_0_5,Mustache,r50_seed0,r18_seed0,8.473654675306118,1.400142329259313
jpeg_s1,fixed_0_5,No_Beard,r50_seed0,r18_seed0,-0.09827205412216156,-0.028738794937210876
jpeg_s1,fixed_0_5,Black_Hair,r50_seed0,r18_seed0,0.4581376768809986,0.15019215914624517
jpeg_s1,fixed_0_5,Bushy_Eyebrows,r50_seed0,r18_seed0,1.034004198160654,0.3202421847162684
jpeg_s1,fixed_0_5,Arched_Eyebrows,r50_seed0,r18_seed0,2.696022878214599,0.18275631140503013
jpeg_s1,fixed_0_5,High_Cheekbones,r50_seed0,r18_seed0,-0.4216725242801256,-0.053131155800001384
jpeg_s1,fixed_0_5,Bags_Under_Eyes,r50_seed0,r18_seed0,2.1448548526522115,-0.9611167353280048
jpeg_s1,fixed_0_5,Big_Lips,r50_seed0,r18_seed0,-0.3483758865029274,-0.3525882101818256
jpeg_s1,fixed_0_5,Big_Nose,r50_seed0,r18_seed0,-1.1418295688840008,0.05329918284368018
jpeg_s1,fixed_0_5,Double_Chin,r50_seed0,r18_seed0,0.13126429611146073,-1.039207992279234
jpeg_s1,fixed_0_5,Oval_Face,r50_seed0,r18_seed0,-5.921556364006831,-0.3427335806966525
jpeg_s1,fixed_0_5,Receding_Hairline,r50_seed0,r18_seed0,-1.6084767496794217,-0.4165795206469869
jpeg_s1,fixed_0_5,Blond_Hair,r50_seed0,r18_seed0,-0.1439088275763667,0.1990578996737713
jpeg_s1,fixed_0_5,Brown_Hair,r50_seed0,r18_seed0,-0.16968929842452463,-0.02968733120073397
jpeg_s1,fixed_0_5,Gray_Hair,r50_seed0,r18_seed0,-0.4142966763358791,0.41041368548253576
jpeg_s1,fixed_0_5,Bald,r50_seed0,r18_seed0,-0.37846248115196435,0.26856455441945926
jpeg_s1,fixed_0_5,Straight_Hair,r50_seed0,r18_seed0,-0.5611139503400753,-0.5355849333557039
jpeg_s1,fixed_0_5,Wavy_Hair,r50_seed0,r18_seed0,-0.843311448607309,-0.032036038240290665
jpeg_s1,fixed_0_5,Sideburns,r50_seed0,r18_seed0,0.21847204124412212,-0.2603048009160558
jpeg_s2,frozen_thresholds,Smiling,m3_seed0,r18_seed0,0.23553656589198058,0.028091106339744876
jpeg_s2,frozen_thresholds,Mouth_Slightly_Open,m3_seed0,r18_seed0,-0.0949485870599176,0.08128061312885348
jpeg_s2,frozen_thresholds,Eyeglasses,m3_seed0,r18_seed0,-0.08439194674485506,0.05415320026286308
jpeg_s2,frozen_thresholds,Bangs,m3_seed0,r18_seed0,-0.5600764463693397,0.1470457702235306
jpeg_s2,frozen_thresholds,Wearing_Hat,m3_seed0,r18_seed0,0.5455348975837326,0.3096218836337594
jpeg_s2,frozen_thresholds,Mustache,m3_seed0,r18_seed0,-2.3515372391663125,-2.3185405330307107
jpeg_s2,frozen_thresholds,No_Beard,m3_seed0,r18_seed0,-0.09593297184795624,0.0015575792092104024
jpeg_s2,frozen_thresholds,Black_Hair,m3_seed0,r18_seed0,-0.13889216279429073,-0.17402201525773542
jpeg_s2,frozen_thresholds,Bushy_Eyebrows,m3_seed0,r18_seed0,-0.9326709742260353,-0.38961593625984614
jpeg_s2,frozen_thresholds,Arched_Eyebrows,m3_seed0,r18_seed0,-1.4666708396004258,0.14664133568874638
jpeg_s2,frozen_thresholds,High_Cheekbones,m3_seed0,r18_seed0,-0.04124341313156421,-0.0355038603582436
jpeg_s2,frozen_thresholds,Bags_Under_Eyes,m3_seed0,r18_seed0,0.6119990889104199,0.2221063062727402
jpeg_s2,frozen_thresholds,Big_Lips,m3_seed0,r18_seed0,-3.144910041509219,-0.16031130434900343
jpeg_s2,frozen_thresholds,Big_Nose,m3_seed0,r18_seed0,0.7833893172252804,0.14882973830537827
jpeg_s2,frozen_thresholds,Double_Chin,m3_seed0,r18_seed0,0.29463643782350335,0.7981034071862347
jpeg_s2,frozen_thresholds,Oval_Face,m3_seed0,r18_seed0,3.3469752385597684,0.8165879087318695
jpeg_s2,frozen_thresholds,Receding_Hairline,m3_seed0,r18_seed0,1.5705070368397966,2.3903678691097108
jpeg_s2,frozen_thresholds,Blond_Hair,m3_seed0,r18_seed0,-0.20678696020418608,0.24291902667434861
jpeg_s2,frozen_thresholds,Brown_Hair,m3_seed0,r18_seed0,-0.19456014697265545,-0.030284147328918376
jpeg_s2,frozen_thresholds,Gray_Hair,m3_seed0,r18_seed0,0.12343742540902314,-0.8138892547590926
jpeg_s2,frozen_thresholds,Bald,m3_seed0,r18_seed0,0.24989606093041017,-0.36613322239155144
jpeg_s2,frozen_thresholds,Straight_Hair,m3_seed0,r18_seed0,0.24040907937217249,-0.9118021937075671
jpeg_s2,frozen_thresholds,Wavy_Hair,m3_seed0,r18_seed0,-0.3970932076828748,-0.018489071679739233
jpeg_s2,frozen_thresholds,Sideburns,m3_seed0,r18_seed0,0.6368037544238869,0.5097751467695644
jpeg_s2,frozen_thresholds,Smiling,oracle_seed0,m3_seed0,-0.5475234296029807,-0.1187517182239528
jpeg_s2,frozen_thresholds,Mouth_Slightly_Open,oracle_seed0,m3_seed0,-0.38116902424770727,-0.15265526759549175
jpeg_s2,frozen_thresholds,Eyeglasses,oracle_seed0,m3_seed0,-0.11601391313466047,-0.028108842479823704
jpeg_s2,frozen_thresholds,Bangs,oracle_seed0,m3_seed0,0.3426307295806508,-0.3115483220623938
jpeg_s2,frozen_thresholds,Wearing_Hat,oracle_seed0,m3_seed0,-0.4828796595583218,0.06714453335303627
jpeg_s2,frozen_thresholds,Mustache,oracle_seed0,m3_seed0,0.06415853024736018,0.0293769918315423
jpeg_s2,frozen_thresholds,No_Beard,oracle_seed0,m3_seed0,-0.013685565754428808,-0.0004437194127460131
jpeg_s2,frozen_thresholds,Black_Hair,oracle_seed0,m3_seed0,-0.126745955216101,0.26007822795691693
jpeg_s2,frozen_thresholds,Bushy_Eyebrows,oracle_seed0,m3_seed0,1.5905761098949145,0.8647875276657557
jpeg_s2,frozen_thresholds,Arched_Eyebrows,oracle_seed0,m3_seed0,0.7710113308029731,-0.6554966092701231
jpeg_s2,frozen_thresholds,High_Cheekbones,oracle_seed0,m3_seed0,-0.8380112975732379,-0.2467315597776798
jpeg_s2,frozen_thresholds,Bags_Under_Eyes,oracle_seed0,m3_seed0,0.17759109976775989,0.21082863383052874
jpeg_s2,frozen_thresholds,Big_Lips,oracle_seed0,m3_seed0,-0.6957281213497923,0.5394375930347084
jpeg_s2,frozen_thresholds,Big_Nose,oracle_seed0,m3_seed0,-0.6567444340604633,0.4421976455136645
jpeg_s2,frozen_thresholds,Double_Chin,oracle_seed0,m3_seed0,-0.1179892023527418,-0.09450472289795897
jpeg_s2,frozen_thresholds,Oval_Face,oracle_seed0,m3_seed0,-2.2956892833941978,-3.5139966471121387
jpeg_s2,frozen_thresholds,Receding_Hairline,oracle_seed0,m3_seed0,0.476711132053087,-0.24061811493268914
jpeg_s2,frozen_thresholds,Blond_Hair,oracle_seed0,m3_seed0,0.8390874917661217,0.125068896038405
jpeg_s2,frozen_thresholds,Brown_Hair,oracle_seed0,m3_seed0,-0.2300962586690214,0.08789027130087224
jpeg_s2,frozen_thresholds,Gray_Hair,oracle_seed0,m3_seed0,-0.40568474341730054,0.5227809801808481
jpeg_s2,frozen_thresholds,Bald,oracle_seed0,m3_seed0,-0.09932843430259242,-0.04087771485562497
jpeg_s2,frozen_thresholds,Straight_Hair,oracle_seed0,m3_seed0,-0.2906608961748991,0.7674499757748365
jpeg_s2,frozen_thresholds,Wavy_Hair,oracle_seed0,m3_seed0,0.35955995691902,-0.44731932259953755
jpeg_s2,frozen_thresholds,Sideburns,oracle_seed0,m3_seed0,-0.44801863520776974,-0.4763555391116947
jpeg_s2,frozen_thresholds,Smiling,oracle_seed0,r18_seed0,-0.31198686371100015,-0.09066061188420793
jpeg_s2,frozen_thresholds,Mouth_Slightly_Open,oracle_seed0,r18_seed0,-0.47611761130762487,-0.07137465446663827
jpeg_s2,frozen_thresholds,Eyeglasses,oracle_seed0,r18_seed0,-0.20040585987951554,0.026044357783039374
jpeg_s2,frozen_thresholds,Bangs,oracle_seed0,r18_seed0,-0.21744571678868896,-0.1645025518388632
jpeg_s2,frozen_thresholds,Wearing_Hat,oracle_seed0,r18_seed0,0.06265523802541084,0.3767664169867957
jpeg_s2,frozen_thresholds,Mustache,oracle_seed0,r18_seed0,-2.2873787089189523,-2.2891635411991684
jpeg_s2,frozen_thresholds,No_Beard,oracle_seed0,r18_seed0,-0.10961853760238505,0.0011138597964643893
jpeg_s2,frozen_thresholds,Black_Hair,oracle_seed0,r18_seed0,-0.2656381180103917,0.08605621269918151
jpeg_s2,frozen_thresholds,Bushy_Eyebrows,oracle_seed0,r18_seed0,0.6579051356688792,0.4751715914059096
jpeg_s2,frozen_thresholds,Arched_Eyebrows,oracle_seed0,r18_seed0,-0.6956595087974526,-0.5088552735813767
jpeg_s2,frozen_thresholds,High_Cheekbones,oracle_seed0,r18_seed0,-0.8792547107048021,-0.2822354201359234
jpeg_s2,frozen_thresholds,Bags_Under_Eyes,oracle_seed0,r18_seed0,0.7895901886781798,0.43293494010326894
jpeg_s2,frozen_thresholds,Big_Lips,oracle_seed0,r18_seed0,-3.8406381628590114,0.37912628868570497
jpeg_s2,frozen_thresholds,Big_Nose,oracle_seed0,r18_seed0,0.12664488316481703,0.5910273838190427
jpeg_s2,frozen_thresholds,Double_Chin,oracle_seed0,r18_seed0,0.17664723547076155,0.7035986842882758
jpeg_s2,frozen_thresholds,Oval_Face,oracle_seed0,r18_seed0,1.0512859551655707,-2.697408738380269
jpeg_s2,frozen_thresholds,Receding_Hairline,oracle_seed0,r18_seed0,2.0472181688928837,2.1497497541770216
jpeg_s2,frozen_thresholds,Blond_Hair,oracle_seed0,r18_seed0,0.6323005315619357,0.3679879227127536
jpeg_s2,frozen_thresholds,Brown_Hair,oracle_seed0,r18_seed0,-0.42465640564167684,0.05760612397195386
jpeg_s2,frozen_thresholds,Gray_Hair,oracle_seed0,r18_seed0,-0.2822473180082774,-0.2911082745782445
jpeg_s2,frozen_thresholds,Bald,oracle_seed0,r18_seed0,0.15056762662781775,-0.4070109372471764
jpeg_s2,frozen_thresholds,Straight_Hair,oracle_seed0,r18_seed0,-0.05025181680272661,-0.14435221793273056
jpeg_s2,frozen_thresholds,Wavy_Hair,oracle_seed0,r18_seed0,-0.03753325076385483,-0.4658083942792768
jpeg_s2,frozen_thresholds,Sideburns,oracle_seed0,r18_seed0,0.18878511921611718,0.033419607657869665
jpeg_s2,frozen_thresholds,Smiling,r50_seed0,r18_seed0,0.16329615381860396,-0.028070208100239302
jpeg_s2,frozen_thresholds,Mouth_Slightly_Open,r50_seed0,r18_seed0,0.1524718780408274,0.05489230573549886
jpeg_s2,frozen_thresholds,Eyeglasses,r50_seed0,r18_seed0,0.1957507642532108,-0.05769717618274717
jpeg_s2,frozen_thresholds,Bangs,r50_seed0,r18_seed0,-0.33764170515188097,-0.4249680884035323
jpeg_s2,frozen_thresholds,Wearing_Hat,r50_seed0,r18_seed0,-0.7491714457964482,-0.5866625445363427
jpeg_s2,frozen_thresholds,Mustache,r50_seed0,r18_seed0,-0.3899131171858361,0.633643097620129
jpeg_s2,frozen_thresholds,No_Beard,r50_seed0,r18_seed0,-0.08036679712382089,-0.03426691096682921
jpeg_s2,frozen_thresholds,Black_Hair,r50_seed0,r18_seed0,0.01477081024052751,0.31231679998104944
jpeg_s2,frozen_thresholds,Bushy_Eyebrows,r50_seed0,r18_seed0,-0.16148724908056078,0.2527551489501456
jpeg_s2,frozen_thresholds,Arched_Eyebrows,r50_seed0,r18_seed0,-0.4502626586446401,-0.1922876317611344
jpeg_s2,frozen_thresholds,High_Cheekbones,r50_seed0,r18_seed0,-0.2845110555449337,-0.08297820112734833
jpeg_s2,frozen_thresholds,Bags_Under_Eyes,r50_seed0,r18_seed0,-0.3719217746774528,-1.349887795789717
jpeg_s2,frozen_thresholds,Big_Lips,r50_seed0,r18_seed0,0.747827312548377,-0.6537861311973536
jpeg_s2,frozen_thresholds,Big_Nose,r50_seed0,r18_seed0,-0.5923000673436651,-0.2497841316014493
jpeg_s2,frozen_thresholds,Double_Chin,r50_seed0,r18_seed0,-1.56582202036748,-1.1524381619164248
jpeg_s2,frozen_thresholds,Oval_Face,r50_seed0,r18_seed0,-0.5648018439490254,-1.010997073546327
jpeg_s2,frozen_thresholds,Receding_Hairline,r50_seed0,r18_seed0,0.18970177699633162,-0.6390419215161813
jpeg_s2,frozen_thresholds,Blond_Hair,r50_seed0,r18_seed0,-0.30454798905407143,0.12998250196529781
jpeg_s2,frozen_thresholds,Brown_Hair,r50_seed0,r18_seed0,0.19052404199361161,0.2435664440314289
jpeg_s2,frozen_thresholds,Gray_Hair,r50_seed0,r18_seed0,-0.8046234829792942,0.31187712536273615
jpeg_s2,frozen_thresholds,Bald,r50_seed0,r18_seed0,0.683312370094824,0.08619181961351252
jpeg_s2,frozen_thresholds,Straight_Hair,r50_seed0,r18_seed0,1.6055821973443685,-0.15309179203308876
jpeg_s2,frozen_thresholds,Wavy_Hair,r50_seed0,r18_seed0,-3.2826393505476337,-0.12330615009497059
jpeg_s2,frozen_thresholds,Sideburns,r50_seed0,r18_seed0,-0.14154838617673748,-0.5020184230956959
jpeg_s2,fixed_0_5,Smiling,m3_seed0,r18_seed0,-0.30212903766340116,0.028091106339744876
jpeg_s2,fixed_0_5,Mouth_Slightly_Open,m3_seed0,r18_seed0,0.33328236744002426,0.08128061312885348
jpeg_s2,fixed_0_5,Eyeglasses,m3_seed0,r18_seed0,0.09827069676840994,0.05415320026286308
jpeg_s2,fixed_0_5,Bangs,m3_seed0,r18_seed0,1.8843286473751997,0.1470457702235306
jpeg_s2,fixed_0_5,Wearing_Hat,m3_seed0,r18_seed0,0.7478084665873741,0.3096218836337594
jpeg_s2,fixed_0_5,Mustache,m3_seed0,r18_seed0,11.594024637928745,-2.3185405330307107
jpeg_s2,fixed_0_5,No_Beard,m3_seed0,r18_seed0,-0.1185297224382098,0.0015575792092104024
jpeg_s2,fixed_0_5,Black_Hair,m3_seed0,r18_seed0,0.8573819517711967,-0.17402201525773542
jpeg_s2,fixed_0_5,Bushy_Eyebrows,m3_seed0,r18_seed0,3.9099105674738177,-0.38961593625984614
jpeg_s2,fixed_0_5,Arched_Eyebrows,m3_seed0,r18_seed0,-1.7438529201097008,0.14664133568874638
jpeg_s2,fixed_0_5,High_Cheekbones,m3_seed0,r18_seed0,-1.3513712451248439,-0.0355038603582436
jpeg_s2,fixed_0_5,Bags_Under_Eyes,m3_seed0,r18_seed0,4.190280723164042,0.2221063062727402
jpeg_s2,fixed_0_5,Big_Lips,m3_seed0,r18_seed0,2.7155246963867175,-0.16031130434900343
jpeg_s2,fixed_0_5,Big_Nose,m3_seed0,r18_seed0,8.27445379195103,0.14882973830537827
jpeg_s2,fixed_0_5,Double_Chin,m3_seed0,r18_seed0,0.24562651313941863,0.7981034071862347
jpeg_s2,fixed_0_5,Oval_Face,m3_seed0,r18_seed0,-1.4307893497751578,0.8165879087318695
jpeg_s2,fixed_0_5,Receding_Hairline,m3_seed0,r18_seed0,5.084992850117487,2.3903678691097108
jpeg_s2,fixed_0_5,Blond_Hair,m3_seed0,r18_seed0,0.05672017909341687,0.24291902667434861
jpeg_s2,fixed_0_5,Brown_Hair,m3_seed0,r18_seed0,-3.769940531269911,-0.030284147328918376
jpeg_s2,fixed_0_5,Gray_Hair,m3_seed0,r18_seed0,-0.16728206349837516,-0.8138892547590926
jpeg_s2,fixed_0_5,Bald,m3_seed0,r18_seed0,-0.8734644308468376,-0.36613322239155144
jpeg_s2,fixed_0_5,Straight_Hair,m3_seed0,r18_seed0,-2.3387221936617353,-0.9118021937075671
jpeg_s2,fixed_0_5,Wavy_Hair,m3_seed0,r18_seed0,-3.418411607192351,-0.018489071679739233
jpeg_s2,fixed_0_5,Sideburns,m3_seed0,r18_seed0,0.3183587697551893,0.5097751467695644
jpeg_s2,fixed_0_5,Smiling,oracle_seed0,m3_seed0,-0.3508322189311741,-0.1187517182239528
jpeg_s2,fixed_0_5,Mouth_Slightly_Open,oracle_seed0,m3_seed0,-0.29135565162297095,-0.15265526759549175
jpeg_s2,fixed_0_5,Eyeglasses,oracle_seed0,m3_seed0,-0.04896206541576964,-0.028108842479823704
jpeg_s2,fixed_0_5,Bangs,oracle_seed0,m3_seed0,-1.7576825701058119,-0.3115483220623938
jpeg_s2,fixed_0_5,Wearing_Hat,oracle_seed0,m3_seed0,-0.9192645056781967,0.06714453335303627
jpeg_s2,fixed_0_5,Mustache,oracle_seed0,m3_seed0,3.8395850072595494,0.0293769918315423
jpeg_s2,fixed_0_5,No_Beard,oracle_seed0,m3_seed0,-0.029202287760099477,-0.0004437194127460131
jpeg_s2,fixed_0_5,Black_Hair,oracle_seed0,m3_seed0,0.19079696628857556,0.26007822795691693
jpeg_s2,fixed_0_5,Bushy_Eyebrows,oracle_seed0,m3_seed0,4.450449997034167,0.8647875276657557
jpeg_s2,fixed_0_5,Arched_Eyebrows,oracle_seed0,m3_seed0,0.2843943877544053,-0.6554966092701231
jpeg_s2,fixed_0_5,High_Cheekbones,oracle_seed0,m3_seed0,0.40563500149781717,-0.2467315597776798
jpeg_s2,fixed_0_5,Bags_Under_Eyes,oracle_seed0,m3_seed0,-0.25208001513667977,0.21082863383052874
jpeg_s2,fixed_0_5,Big_Lips,oracle_seed0,m3_seed0,15.505936833460698,0.5394375930347084
jpeg_s2,fixed_0_5,Big_Nose,oracle_seed0,m3_seed0,-0.6421289279354259,0.4421976455136645
jpeg_s2,fixed_0_5,Double_Chin,oracle_seed0,m3_seed0,4.272733434290016,-0.09450472289795897
jpeg_s2,fixed_0_5,Oval_Face,oracle_seed0,m3_seed0,-22.153757228724107,-3.5139966471121387
jpeg_s2,fixed_0_5,Receding_Hairline,oracle_seed0,m3_seed0,0.5870331276999319,-0.24061811493268914
jpeg_s2,fixed_0_5,Blond_Hair,oracle_seed0,m3_seed0,0.2636489156420341,0.125068896038405
jpeg_s2,fixed_0_5,Brown_Hair,oracle_seed0,m3_seed0,3.6357475182600685,0.08789027130087224
jpeg_s2,fixed_0_5,Gray_Hair,oracle_seed0,m3_seed0,1.4667002927166606,0.5227809801808481
jpeg_s2,fixed_0_5,Bald,oracle_seed0,m3_seed0,-0.7615519193166609,-0.04087771485562497
jpeg_s2,fixed_0_5,Straight_Hair,oracle_seed0,m3_seed0,-5.442712058360755,0.7674499757748365
jpeg_s2,fixed_0_5,Wavy_Hair,oracle_seed0,m3_seed0,5.079752317780139,-0.44731932259953755
jpeg_s2,fixed_0_5,Sideburns,oracle_seed0,m3_seed0,-0.676180756128264,-0.4763555391116947
jpeg_s2,fixed_0_5,Smiling,oracle_seed0,r18_seed0,-0.6529612565945753,-0.09066061188420793
jpeg_s2,fixed_0_5,Mouth_Slightly_Open,oracle_seed0,r18_seed0,0.04192671581705332,-0.07137465446663827
jpeg_s2,fixed_0_5,Eyeglasses,oracle_seed0,r18_seed0,0.0493086313526403,0.026044357783039374
jpeg_s2,fixed_0_5,Bangs,oracle_seed0,r18_seed0,0.1266460772693878,-0.1645025518388632
jpeg_s2,fixed_0_5,Wearing_Hat,oracle_seed0,r18_seed0,-0.17145603909082263,0.3767664169867957
jpeg_s2,fixed_0_5,Mustache,oracle_seed0,r18_seed0,15.433609645188294,-2.2891635411991684
jpeg_s2,fixed_0_5,No_Beard,oracle_seed0,r18_seed0,-0.14773201019830928,0.0011138597964643893
jpeg_s2,fixed_0_5,Black_Hair,oracle_seed0,r18_seed0,1.0481789180597723,0.08605621269918151
jpeg_s2,fixed_0_5,Bushy_Eyebrows,oracle_seed0,r18_seed0,8.360360564507985,0.4751715914059096
jpeg_s2,fixed_0_5,Arched_Eyebrows,oracle_seed0,r18_seed0,-1.4594585323552955,-0.5088552735813767
jpeg_s2,fixed_0_5,High_Cheekbones,oracle_seed0,r18_seed0,-0.9457362436270267,-0.2822354201359234
jpeg_s2,fixed_0_5,Bags_Under_Eyes,oracle_seed0,r18_seed0,3.9382007080273618,0.43293494010326894
jpeg_s2,fixed_0_5,Big_Lips,oracle_seed0,r18_seed0,18.221461529847417,0.37912628868570497
jpeg_s2,fixed_0_5,Big_Nose,oracle_seed0,r18_seed0,7.6323248640156045,0.5910273838190427
jpeg_s2,fixed_0_5,Double_Chin,oracle_seed0,r18_seed0,4.518359947429435,0.7035986842882758
jpeg_s2,fixed_0_5,Oval_Face,oracle_seed0,r18_seed0,-23.584546578499264,-2.697408738380269
jpeg_s2,fixed_0_5,Receding_Hairline,oracle_seed0,r18_seed0,5.672025977817419,2.1497497541770216
jpeg_s2,fixed_0_5,Blond_Hair,oracle_seed0,r18_seed0,0.32036909473545094,0.3679879227127536
jpeg_s2,fixed_0_5,Brown_Hair,oracle_seed0,r18_seed0,-0.13419301300984232,0.05760612397195386
jpeg_s2,fixed_0_5,Gray_Hair,oracle_seed0,r18_seed0,1.2994182292182854,-0.2911082745782445
jpeg_s2,fixed_0_5,Bald,oracle_seed0,r18_seed0,-1.6350163501634984,-0.4070109372471764
jpeg_s2,fixed_0_5,Straight_Hair,oracle_seed0,r18_seed0,-7.78143425202249,-0.14435221793273056
jpeg_s2,fixed_0_5,Wavy_Hair,oracle_seed0,r18_seed0,1.6613407105877886,-0.4658083942792768
jpeg_s2,fixed_0_5,Sideburns,oracle_seed0,r18_seed0,-0.3578219863730747,0.033419607657869665
jpeg_s2,fixed_0_5,Smiling,r50_seed0,r18_seed0,-0.17275047419303968,-0.028070208100239302
jpeg_s2,fixed_0_5,Mouth_Slightly_Open,r50_seed0,r18_seed0,-0.20607536291710193,0.05489230573549886
jpeg_s2,fixed_0_5,Eyeglasses,r50_seed0,r18_seed0,0.424023304025134,-0.05769717618274717
jpeg_s2,fixed_0_5,Bangs,r50_seed0,r18_seed0,0.9951464858981462,-0.4249680884035323
jpeg_s2,fixed_0_5,Wearing_Hat,r50_seed0,r18_seed0,-0.5032869159539155,-0.5866625445363427
jpeg_s2,fixed_0_5,Mustache,r50_seed0,r18_seed0,10.746382878522276,0.633643097620129
jpeg_s2,fixed_0_5,No_Beard,r50_seed0,r18_seed0,-0.07985164149999502,-0.03426691096682921
jpeg_s2,fixed_0_5,Black_Hair,r50_seed0,r18_seed0,0.6355645706558555,0.31231679998104944
jpeg_s2,fixed_0_5,Bushy_Eyebrows,r50_seed0,r18_seed0,0.46349498199648176,0.2527551489501456
jpeg_s2,fixed_0_5,Arched_Eyebrows,r50_seed0,r18_seed0,2.1347527149833345,-0.1922876317611344
jpeg_s2,fixed_0_5,High_Cheekbones,r50_seed0,r18_seed0,-0.4720344250068065,-0.08297820112734833
jpeg_s2,fixed_0_5,Bags_Under_Eyes,r50_seed0,r18_seed0,2.419669039834882,-1.349887795789717
jpeg_s2,fixed_0_5,Big_Lips,r50_seed0,r18_seed0,0.3116432374060507,-0.6537861311973536
jpeg_s2,fixed_0_5,Big_Nose,r50_seed0,r18_seed0,-0.5552375179489033,-0.2497841316014493
jpeg_s2,fixed_0_5,Double_Chin,r50_seed0,r18_seed0,-0.9705432533647029,-1.1524381619164248
jpeg_s2,fixed_0_5,Oval_Face,r50_seed0,r18_seed0,-11.200124963307779,-1.010997073546327
jpeg_s2,fixed_0_5,Receding_Hairline,r50_seed0,r18_seed0,-1.9674353616550677,-0.6390419215161813
jpeg_s2,fixed_0_5,Blond_Hair,r50_seed0,r18_seed0,-0.32314164043927285,0.12998250196529781
jpeg_s2,fixed_0_5,Brown_Hair,r50_seed0,r18_seed0,-0.424875709446082,0.2435664440314289
jpeg_s2,fixed_0_5,Gray_Hair,r50_seed0,r18_seed0,-0.38056006742689386,0.31187712536273615
jpeg_s2,fixed_0_5,Bald,r50_seed0,r18_seed0,-1.2495975381949243,0.08619181961351252
jpeg_s2,fixed_0_5,Straight_Hair,r50_seed0,r18_seed0,0.8503134764649478,-0.15309179203308876
jpeg_s2,fixed_0_5,Wavy_Hair,r50_seed0,r18_seed0,-1.8910932260827074,-0.12330615009497059
jpeg_s2,fixed_0_5,Sideburns,r50_seed0,r18_seed0,0.082905264248756,-0.5020184230956959
jpeg_s3,frozen_thresholds,Smiling,m3_seed0,r18_seed0,0.4057402981179403,0.04891629819758769
jpeg_s3,frozen_thresholds,Mouth_Slightly_Open,m3_seed0,r18_seed0,-0.4187226232473473,0.08516217285182703
jpeg_s3,frozen_thresholds,Eyeglasses,m3_seed0,r18_seed0,-0.24607625530197463,0.007526768409749085
jpeg_s3,frozen_thresholds,Bangs,m3_seed0,r18_seed0,-1.3007615695326602,0.0674920331799278
jpeg_s3,frozen_thresholds,Wearing_Hat,m3_seed0,r18_seed0,-0.07533203631994168,-0.03544599219764688
jpeg_s3,frozen_thresholds,Mustache,m3_seed0,r18_seed0,-0.0885204490428948,-2.3103907281827096
jpeg_s3,frozen_thresholds,No_Beard,m3_seed0,r18_seed0,0.4829667590876774,0.008446900194303275
jpeg_s3,frozen_thresholds,Black_Hair,m3_seed0,r18_seed0,-0.7122151791229547,-0.423708928901112
jpeg_s3,frozen_thresholds,Bushy_Eyebrows,m3_seed0,r18_seed0,-1.6719532837652373,-0.8588551223231322
jpeg_s3,frozen_thresholds,Arched_Eyebrows,m3_seed0,r18_seed0,-5.366230803650041,0.10656907363033596
jpeg_s3,frozen_thresholds,High_Cheekbones,m3_seed0,r18_seed0,0.9496143245226185,0.13286920952387815
jpeg_s3,frozen_thresholds,Bags_Under_Eyes,m3_seed0,r18_seed0,0.23712731241952723,0.24558733101451846
jpeg_s3,frozen_thresholds,Big_Lips,m3_seed0,r18_seed0,-4.399269100485803,0.005615239129008742
jpeg_s3,frozen_thresholds,Big_Nose,m3_seed0,r18_seed0,1.3315082102456022,0.03617430327604865
jpeg_s3,frozen_thresholds,Double_Chin,m3_seed0,r18_seed0,-1.2686494779909685,0.3299366125916747
jpeg_s3,frozen_thresholds,Oval_Face,m3_seed0,r18_seed0,14.187086013961064,2.269042498592455
jpeg_s3,frozen_thresholds,Receding_Hairline,m3_seed0,r18_seed0,0.8739779544318593,2.2521346543076803
jpeg_s3,frozen_thresholds,Blond_Hair,m3_seed0,r18_seed0,0.26989222900786203,0.32674742407545754
jpeg_s3,frozen_thresholds,Brown_Hair,m3_seed0,r18_seed0,0.8935955502396897,0.7389131661729387
jpeg_s3,frozen_thresholds,Gray_Hair,m3_seed0,r18_seed0,1.840653924971003,-1.0483224039067984
jpeg_s3,frozen_thresholds,Bald,m3_seed0,r18_seed0,-0.12126025268245355,-0.47073295375759105
jpeg_s3,frozen_thresholds,Straight_Hair,m3_seed0,r18_seed0,4.070125121095591,-0.8999019200330083
jpeg_s3,frozen_thresholds,Wavy_Hair,m3_seed0,r18_seed0,-1.661605975167424,-0.08180134486424073
jpeg_s3,frozen_thresholds,Sideburns,m3_seed0,r18_seed0,0.9705537123430585,1.4481949896955837
jpeg_s3,frozen_thresholds,Smiling,oracle_seed0,m3_seed0,-0.8120609161963666,-0.16688560236528538
jpeg_s3,frozen_thresholds,Mouth_Slightly_Open,oracle_seed0,m3_seed0,-0.22877342283896818,-0.13197569876781667
jpeg_s3,frozen_thresholds,Eyeglasses,oracle_seed0,m3_seed0,0.0024757911184170034,-0.09516438137328054
jpeg_s3,frozen_thresholds,Bangs,oracle_seed0,m3_seed0,1.2709928047967667,-0.18243023049246965
jpeg_s3,frozen_thresholds,Wearing_Hat,oracle_seed0,m3_seed0,0.6921110614403592,0.22797893740050812
jpeg_s3,frozen_thresholds,Mustache,oracle_seed0,m3_seed0,-0.18500707860269472,-0.4605500421832609
jpeg_s3,frozen_thresholds,No_Beard,oracle_seed0,m3_seed0,-0.34790306332642684,-0.0054857310327172115
jpeg_s3,frozen_thresholds,Black_Hair,oracle_seed0,m3_seed0,-0.07464866897763933,0.5218697641221515
jpeg_s3,frozen_thresholds,Bushy_Eyebrows,oracle_seed0,m3_seed0,1.7167561511487461,0.9241315920714643
jpeg_s3,frozen_thresholds,Arched_Eyebrows,oracle_seed0,m3_seed0,2.912883251208187,-0.6939693289022442
jpeg_s3,frozen_thresholds,High_Cheekbones,oracle_seed0,m3_seed0,-2.526682235528821,-0.5773734547371068
jpeg_s3,frozen_thresholds,Bags_Under_Eyes,oracle_seed0,m3_seed0,0.9799368900121008,0.7256489759246976
jpeg_s3,frozen_thresholds,Big_Lips,oracle_seed0,m3_seed0,-0.886589285094963,0.5189434636704071
jpeg_s3,frozen_thresholds,Big_Nose,oracle_seed0,m3_seed0,-0.8851308671094293,0.5756134888839748
jpeg_s3,frozen_thresholds,Double_Chin,oracle_seed0,m3_seed0,1.7539650284248087,0.03189813095062499
jpeg_s3,frozen_thresholds,Oval_Face,oracle_seed0,m3_seed0,-7.5557413953593,-6.316501180539236
jpeg_s3,frozen_thresholds,Receding_Hairline,oracle_seed0,m3_seed0,0.6765386075730961,-0.872176550016357
jpeg_s3,frozen_thresholds,Blond_Hair,oracle_seed0,m3_seed0,0.8280367846756009,0.1894399368189581
jpeg_s3,frozen_thresholds,Brown_Hair,oracle_seed0,m3_seed0,-1.1782234833491168,-0.3983384125068712
jpeg_s3,frozen_thresholds,Gray_Hair,oracle_seed0,m3_seed0,-1.5209067982870583,1.3637028707187304
jpeg_s3,frozen_thresholds,Bald,oracle_seed0,m3_seed0,-0.8438791960132752,0.12461270633508104
jpeg_s3,frozen_thresholds,Straight_Hair,oracle_seed0,m3_seed0,-1.7057829956897863,0.7412688728003936
jpeg_s3,frozen_thresholds,Wavy_Hair,oracle_seed0,m3_seed0,1.5224959487778467,-0.4804711306945819
jpeg_s3,frozen_thresholds,Sideburns,oracle_seed0,m3_seed0,0.7188384436702111,-0.7196618025053669
jpeg_s3,frozen_thresholds,Smiling,oracle_seed0,r18_seed0,-0.40632061807842623,-0.11796930416769769
jpeg_s3,frozen_thresholds,Mouth_Slightly_Open,oracle_seed0,r18_seed0,-0.6474960460863155,-0.04681352591598964
jpeg_s3,frozen_thresholds,Eyeglasses,oracle_seed0,r18_seed0,-0.24360046418355763,-0.08763761296353145
jpeg_s3,frozen_thresholds,Bangs,oracle_seed0,r18_seed0,-0.029768764735893516,-0.11493819731254185
jpeg_s3,frozen_thresholds,Wearing_Hat,oracle_seed0,r18_seed0,0.6167790251204175,0.19253294520286124
jpeg_s3,frozen_thresholds,Mustache,oracle_seed0,r18_seed0,-0.2735275276455895,-2.7709407703659705
jpeg_s3,frozen_thresholds,No_Beard,oracle_seed0,r18_seed0,0.13506369576125055,0.0029611691615860636
jpeg_s3,frozen_thresholds,Black_Hair,oracle_seed0,r18_seed0,-0.7868638481005941,0.09816083522103947
jpeg_s3,frozen_thresholds,Bushy_Eyebrows,oracle_seed0,r18_seed0,0.044802867383508804,0.06527646974833212
jpeg_s3,frozen_thresholds,Arched_Eyebrows,oracle_seed0,r18_seed0,-2.4533475524418535,-0.5874002552719082
jpeg_s3,frozen_thresholds,High_Cheekbones,oracle_seed0,r18_seed0,-1.5770679110062025,-0.4445042452132286
jpeg_s3,frozen_thresholds,Bags_Under_Eyes,oracle_seed0,r18_seed0,1.217064202431628,0.971236306939216
jpeg_s3,frozen_thresholds,Big_Lips,oracle_seed0,r18_seed0,-5.285858385580767,0.5245587027994159
jpeg_s3,frozen_thresholds,Big_Nose,oracle_seed0,r18_seed0,0.44637734313617283,0.6117877921600234
jpeg_s3,frozen_thresholds,Double_Chin,oracle_seed0,r18_seed0,0.4853155504338402,0.3618347435422997
jpeg_s3,frozen_thresholds,Oval_Face,oracle_seed0,r18_seed0,6.631344618601764,-4.047458681946781
jpeg_s3,frozen_thresholds,Receding_Hairline,oracle_seed0,r18_seed0,1.5505165620049555,1.3799581042913234
jpeg_s3,frozen_thresholds,Blond_Hair,oracle_seed0,r18_seed0,1.097929013683463,0.5161873608944156
jpeg_s3,frozen_thresholds,Brown_Hair,oracle_seed0,r18_seed0,-0.284627933109427,0.3405747536660675
jpeg_s3,frozen_thresholds,Gray_Hair,oracle_seed0,r18_seed0,0.31974712668394467,0.315380466811932
jpeg_s3,frozen_thresholds,Bald,oracle_seed0,r18_seed0,-0.9651394486957288,-0.34612024742251
jpeg_s3,frozen_thresholds,Straight_Hair,oracle_seed0,r18_seed0,2.364342125405805,-0.15863304723261473
jpeg_s3,frozen_thresholds,Wavy_Hair,oracle_seed0,r18_seed0,-0.13911002638957726,-0.5622724755588226
jpeg_s3,frozen_thresholds,Sideburns,oracle_seed0,r18_seed0,1.6893921560132696,0.7285331871902168
jpeg_s3,frozen_thresholds,Smiling,r50_seed0,r18_seed0,0.4349090320425075,-0.018290139394516736
jpeg_s3,frozen_thresholds,Mouth_Slightly_Open,r50_seed0,r18_seed0,0.6035148827166048,0.09952558681086687
jpeg_s3,frozen_thresholds,Eyeglasses,r50_seed0,r18_seed0,-0.03780307691559903,-0.21741564436192906
jpeg_s3,frozen_thresholds,Bangs,r50_seed0,r18_seed0,0.03337722379386232,-0.48581459710067554
jpeg_s3,frozen_thresholds,Wearing_Hat,r50_seed0,r18_seed0,-0.3834939281295635,-0.46293133675866516
jpeg_s3,frozen_thresholds,Mustache,r50_seed0,r18_seed0,2.7102417779407584,1.3367894397877778
jpeg_s3,frozen_thresholds,No_Beard,r50_seed0,r18_seed0,-0.038582478805015974,-0.06132085368824036
jpeg_s3,frozen_thresholds,Black_Hair,r50_seed0,r18_seed0,0.057548327246137454,0.2236951838663126
jpeg_s3,frozen_thresholds,Bushy_Eyebrows,r50_seed0,r18_seed0,-1.255959865710976,-0.30904712565548165
jpeg_s3,frozen_thresholds,Arched_Eyebrows,r50_seed0,r18_seed0,-1.8215433098464184,-0.010809663682720405
jpeg_s3,frozen_thresholds,High_Cheekbones,r50_seed0,r18_seed0,0.3578300213450403,-0.05947049263191895
jpeg_s3,frozen_thresholds,Bags_Under_Eyes,r50_seed0,r18_seed0,-0.8453135275852675,-1.2719148083781273
jpeg_s3,frozen_thresholds,Big_Lips,r50_seed0,r18_seed0,0.4123043093712142,-0.6122764358843402
jpeg_s3,frozen_thresholds,Big_Nose,r50_seed0,r18_seed0,0.6785871082509609,-0.26088172414711064
jpeg_s3,frozen_thresholds,Double_Chin,r50_seed0,r18_seed0,-2.851893538135597,-0.03106625111948258
jpeg_s3,frozen_thresholds,Oval_Face,r50_seed0,r18_seed0,2.7923010260305747,-1.284350126932099
jpeg_s3,frozen_thresholds,Receding_Hairline,r50_seed0,r18_seed0,-0.8118458003574136,-1.3091363053217564
jpeg_s3,frozen_thresholds,Blond_Hair,r50_seed0,r18_seed0,0.14699711214994915,0.25237356464054006
jpeg_s3,frozen_thresholds,Brown_Hair,r50_seed0,r18_seed0,-0.31019786405929173,0.1660909178821779
jpeg_s3,frozen_thresholds,Gray_Hair,r50_seed0,r18_seed0,-0.5969788519637476,0.5764279843732512
jpeg_s3,frozen_thresholds,Bald,r50_seed0,r18_seed0,0.4893138480400183,-1.4087030245724108
jpeg_s3,frozen_thresholds,Straight_Hair,r50_seed0,r18_seed0,4.3565792553269205,-0.12337357396000614
jpeg_s3,frozen_thresholds,Wavy_Hair,r50_seed0,r18_seed0,-5.95050336676286,-0.12947256721421718
jpeg_s3,frozen_thresholds,Sideburns,r50_seed0,r18_seed0,0.13630982738049857,-0.6513904952248906
jpeg_s3,fixed_0_5,Smiling,m3_seed0,r18_seed0,-0.49176658745838653,0.04891629819758769
jpeg_s3,fixed_0_5,Mouth_Slightly_Open,m3_seed0,r18_seed0,0.34075496621335244,0.08516217285182703
jpeg_s3,fixed_0_5,Eyeglasses,m3_seed0,r18_seed0,0.1449194840310697,0.007526768409749085
jpeg_s3,fixed_0_5,Bangs,m3_seed0,r18_seed0,2.1022295673632674,0.0674920331799278
jpeg_s3,fixed_0_5,Wearing_Hat,m3_seed0,r18_seed0,-0.49534729829904256,-0.03544599219764688
jpeg_s3,fixed_0_5,Mustache,m3_seed0,r18_seed0,9.824689750165472,-2.3103907281827096
jpeg_s3,fixed_0_5,No_Beard,m3_seed0,r18_seed0,-0.26701200433711936,0.008446900194303275
jpeg_s3,fixed_0_5,Black_Hair,m3_seed0,r18_seed0,0.8648161114204855,-0.423708928901112
jpeg_s3,fixed_0_5,Bushy_Eyebrows,m3_seed0,r18_seed0,2.5597223381882306,-0.8588551223231322
jpeg_s3,fixed_0_5,Arched_Eyebrows,m3_seed0,r18_seed0,-6.2259753294566895,0.10656907363033596
jpeg_s3,fixed_0_5,High_Cheekbones,m3_seed0,r18_seed0,-2.4036381663479656,0.13286920952387815
jpeg_s3,fixed_0_5,Bags_Under_Eyes,m3_seed0,r18_seed0,2.5723484037882716,0.24558733101451846
jpeg_s3,fixed_0_5,Big_Lips,m3_seed0,r18_seed0,-0.92064049268199,0.005615239129008742
jpeg_s3,fixed_0_5,Big_Nose,m3_seed0,r18_seed0,6.721061914044368,0.03617430327604865
jpeg_s3,fixed_0_5,Double_Chin,m3_seed0,r18_seed0,-0.41414757308234074,0.3299366125916747
jpeg_s3,fixed_0_5,Oval_Face,m3_seed0,r18_seed0,3.3185073042509923,2.269042498592455
jpeg_s3,fixed_0_5,Receding_Hairline,m3_seed0,r18_seed0,2.8289622704453565,2.2521346543076803
jpeg_s3,fixed_0_5,Blond_Hair,m3_seed0,r18_seed0,0.015817609128998544,0.32674742407545754
jpeg_s3,fixed_0_5,Brown_Hair,m3_seed0,r18_seed0,-6.6340456937962315,0.7389131661729387
jpeg_s3,fixed_0_5,Gray_Hair,m3_seed0,r18_seed0,0.9178023432326321,-1.0483224039067984
jpeg_s3,fixed_0_5,Bald,m3_seed0,r18_seed0,0.9747966673796626,-0.47073295375759105
jpeg_s3,fixed_0_5,Straight_Hair,m3_seed0,r18_seed0,-0.5155342904684945,-0.8999019200330083
jpeg_s3,fixed_0_5,Wavy_Hair,m3_seed0,r18_seed0,-5.646520657471921,-0.08180134486424073
jpeg_s3,fixed_0_5,Sideburns,m3_seed0,r18_seed0,0.6401682966925781,1.4481949896955837
jpeg_s3,fixed_0_5,Smiling,oracle_seed0,m3_seed0,-0.35137204388989707,-0.16688560236528538
jpeg_s3,fixed_0_5,Mouth_Slightly_Open,oracle_seed0,m3_seed0,0.03672854385050606,-0.13197569876781667
jpeg_s3,fixed_0_5,Eyeglasses,oracle_seed0,m3_seed0,-0.17236542947411948,-0.09516438137328054
jpeg_s3,fixed_0_5,Bangs,oracle_seed0,m3_seed0,-1.9275914426548746,-0.18243023049246965
jpeg_s3,fixed_0_5,Wearing_Hat,oracle_seed0,m3_seed0,1.0126016927969217,0.22797893740050812
jpeg_s3,fixed_0_5,Mustache,oracle_seed0,m3_seed0,2.066976336306714,-0.4605500421832609
jpeg_s3,fixed_0_5,No_Beard,oracle_seed0,m3_seed0,-0.38857850679893113,-0.0054857310327172115
jpeg_s3,fixed_0_5,Black_Hair,oracle_seed0,m3_seed0,0.1869702559791464,0.5218697641221515
jpeg_s3,fixed_0_5,Bushy_Eyebrows,oracle_seed0,m3_seed0,5.738600214724531,0.9241315920714643
jpeg_s3,fixed_0_5,Arched_Eyebrows,oracle_seed0,m3_seed0,1.3800968229191524,-0.6939693289022442
jpeg_s3,fixed_0_5,High_Cheekbones,oracle_seed0,m3_seed0,0.20069638303166215,-0.5773734547371068
jpeg_s3,fixed_0_5,Bags_Under_Eyes,oracle_seed0,m3_seed0,0.396119939291939,0.7256489759246976
jpeg_s3,fixed_0_5,Big_Lips,oracle_seed0,m3_seed0,13.473552243767983,0.5189434636704071
jpeg_s3,fixed_0_5,Big_Nose,oracle_seed0,m3_seed0,-0.3109858728747916,0.5756134888839748
jpeg_s3,fixed_0_5,Double_Chin,oracle_seed0,m3_seed0,4.705347199977505,0.03189813095062499
jpeg_s3,fixed_0_5,Oval_Face,oracle_seed0,m3_seed0,-16.16252884586397,-6.316501180539236
jpeg_s3,fixed_0_5,Receding_Hairline,oracle_seed0,m3_seed0,-0.46342537805424966,-0.872176550016357
jpeg_s3,fixed_0_5,Blond_Hair,oracle_seed0,m3_seed0,-0.5612440538360186,0.1894399368189581
jpeg_s3,fixed_0_5,Brown_Hair,oracle_seed0,m3_seed0,8.060989534853046,-0.3983384125068712
jpeg_s3,fixed_0_5,Gray_Hair,oracle_seed0,m3_seed0,0.2360025295805035,1.3637028707187304
jpeg_s3,fixed_0_5,Bald,oracle_seed0,m3_seed0,0.47084987132948175,0.12461270633508104
jpeg_s3,fixed_0_5,Straight_Hair,oracle_seed0,m3_seed0,-7.163817338188122,0.7412688728003936
jpeg_s3,fixed_0_5,Wavy_Hair,oracle_seed0,m3_seed0,7.380250905114261,-0.4804711306945819
jpeg_s3,fixed_0_5,Sideburns,oracle_seed0,m3_seed0,1.50810569749662,-0.7196618025053669
jpeg_s3,fixed_0_5,Smiling,oracle_seed0,r18_seed0,-0.8431386313482836,-0.11796930416769769
jpeg_s3,fixed_0_5,Mouth_Slightly_Open,oracle_seed0,r18_seed0,0.3774835100638585,-0.04681352591598964
jpeg_s3,fixed_0_5,Eyeglasses,oracle_seed0,r18_seed0,-0.02744594544304979,-0.08763761296353145
jpeg_s3,fixed_0_5,Bangs,oracle_seed0,r18_seed0,0.1746381247083928,-0.11493819731254185
jpeg_s3,fixed_0_5,Wearing_Hat,oracle_seed0,r18_seed0,0.5172543944978791,0.19253294520286124
jpeg_s3,fixed_0_5,Mustache,oracle_seed0,r18_seed0,11.891666086472185,-2.7709407703659705
jpeg_s3,fixed_0_5,No_Beard,oracle_seed0,r18_seed0,-0.6555905111360505,0.0029611691615860636
jpeg_s3,fixed_0_5,Black_Hair,oracle_seed0,r18_seed0,1.051786367399632,0.09816083522103947
jpeg_s3,fixed_0_5,Bushy_Eyebrows,oracle_seed0,r18_seed0,8.298322552912762,0.06527646974833212
jpeg_s3,fixed_0_5,Arched_Eyebrows,oracle_seed0,r18_seed0,-4.845878506537538,-0.5874002552719082
jpeg_s3,fixed_0_5,High_Cheekbones,oracle_seed0,r18_seed0,-2.2029417833163034,-0.4445042452132286
jpeg_s3,fixed_0_5,Bags_Under_Eyes,oracle_seed0,r18_seed0,2.9684683430802106,0.971236306939216
jpeg_s3,fixed_0_5,Big_Lips,oracle_seed0,r18_seed0,12.552911751085993,0.5245587027994159
jpeg_s3,fixed_0_5,Big_Nose,oracle_seed0,r18_seed0,6.410076041169576,0.6117877921600234
jpeg_s3,fixed_0_5,Double_Chin,oracle_seed0,r18_seed0,4.291199626895165,0.3618347435422997
jpeg_s3,fixed_0_5,Oval_Face,oracle_seed0,r18_seed0,-12.84402154161298,-4.047458681946781
jpeg_s3,fixed_0_5,Receding_Hairline,oracle_seed0,r18_seed0,2.365536892391107,1.3799581042913234
jpeg_s3,fixed_0_5,Blond_Hair,oracle_seed0,r18_seed0,-0.5454264447070201,0.5161873608944156
jpeg_s3,fixed_0_5,Brown_Hair,oracle_seed0,r18_seed0,1.4269438410568158,0.3405747536660675
jpeg_s3,fixed_0_5,Gray_Hair,oracle_seed0,r18_seed0,1.1538048728131356,0.315380466811932
jpeg_s3,fixed_0_5,Bald,oracle_seed0,r18_seed0,1.4456465387091444,-0.34612024742251
jpeg_s3,fixed_0_5,Straight_Hair,oracle_seed0,r18_seed0,-7.679351628656617,-0.15863304723261473
jpeg_s3,fixed_0_5,Wavy_Hair,oracle_seed0,r18_seed0,1.73373024764234,-0.5622724755588226
jpeg_s3,fixed_0_5,Sideburns,oracle_seed0,r18_seed0,2.148273994189198,0.7285331871902168
jpeg_s3,fixed_0_5,Smiling,r50_seed0,r18_seed0,-0.027271889055457965,-0.018290139394516736
jpeg_s3,fixed_0_5,Mouth_Slightly_Open,r50_seed0,r18_seed0,0.35489975235114546,0.09952558681086687
jpeg_s3,fixed_0_5,Eyeglasses,r50_seed0,r18_seed0,0.20986744368135524,-0.21741564436192906
jpeg_s3,fixed_0_5,Bangs,r50_seed0,r18_seed0,2.4504094061653547,-0.48581459710067554
jpeg_s3,fixed_0_5,Wearing_Hat,r50_seed0,r18_seed0,-0.7855214549326139,-0.46293133675866516
jpeg_s3,fixed_0_5,Mustache,r50_seed0,r18_seed0,9.09210715483778,1.3367894397877778
jpeg_s3,fixed_0_5,No_Beard,r50_seed0,r18_seed0,-0.10362255635619766,-0.06132085368824036
jpeg_s3,fixed_0_5,Black_Hair,r50_seed0,r18_seed0,1.0727031944398946,0.2236951838663126
jpeg_s3,fixed_0_5,Bushy_Eyebrows,r50_seed0,r18_seed0,-0.5039775171296723,-0.30904712565548165
jpeg_s3,fixed_0_5,Arched_Eyebrows,r50_seed0,r18_seed0,1.022023364306257,-0.010809663682720405
jpeg_s3,fixed_0_5,High_Cheekbones,r50_seed0,r18_seed0,-0.6572690676084458,-0.05947049263191895
jpeg_s3,fixed_0_5,Bags_Under_Eyes,r50_seed0,r18_seed0,1.718830156222484,-1.2719148083781273
jpeg_s3,fixed_0_5,Big_Lips,r50_seed0,r18_seed0,-0.6273823948672763,-0.6122764358843402
jpeg_s3,fixed_0_5,Big_Nose,r50_seed0,r18_seed0,-3.1539025831263334,-0.26088172414711064
jpeg_s3,fixed_0_5,Double_Chin,r50_seed0,r18_seed0,-1.4642509262319303,-0.03106625111948258
jpeg_s3,fixed_0_5,Oval_Face,r50_seed0,r18_seed0,-6.896134947490543,-1.284350126932099
jpeg_s3,fixed_0_5,Receding_Hairline,r50_seed0,r18_seed0,-2.0973206304242487,-1.3091363053217564
jpeg_s3,fixed_0_5,Blond_Hair,r50_seed0,r18_seed0,0.05826633698184924,0.25237356464054006
jpeg_s3,fixed_0_5,Brown_Hair,r50_seed0,r18_seed0,1.103451938600697,0.1660909178821779
jpeg_s3,fixed_0_5,Gray_Hair,r50_seed0,r18_seed0,-0.07140402681437008,0.5764279843732512
jpeg_s3,fixed_0_5,Bald,r50_seed0,r18_seed0,0.688000810157352,-1.4087030245724108
jpeg_s3,fixed_0_5,Straight_Hair,r50_seed0,r18_seed0,3.108499087025912,-0.12337357396000614
jpeg_s3,fixed_0_5,Wavy_Hair,r50_seed0,r18_seed0,-3.994064519279028,-0.12947256721421718
jpeg_s3,fixed_0_5,Sideburns,r50_seed0,r18_seed0,0.2771272443403583,-0.6513904952248906
jpeg_s4,frozen_thresholds,Smiling,m3_seed0,r18_seed0,-0.5436240589407948,0.028481880029651574
jpeg_s4,frozen_thresholds,Mouth_Slightly_Open,m3_seed0,r18_seed0,-2.4532274760171613,0.1332211618626955
jpeg_s4,frozen_thresholds,Eyeglasses,m3_seed0,r18_seed0,-0.7228448586408587,0.2656574261708955
jpeg_s4,frozen_thresholds,Bangs,m3_seed0,r18_seed0,-10.755164981003295,-0.4776152901433517
jpeg_s4,frozen_thresholds,Wearing_Hat,m3_seed0,r18_seed0,-7.166563940844184,-0.8923698658915735
jpeg_s4,frozen_thresholds,Mustache,m3_seed0,r18_seed0,-1.1853807398500948,-1.1867005450799217
jpeg_s4,frozen_thresholds,No_Beard,m3_seed0,r18_seed0,3.8748617548034603,0.051068286096556115
jpeg_s4,frozen_thresholds,Black_Hair,m3_seed0,r18_seed0,-4.438835948241682,-1.854322815954168
jpeg_s4,frozen_thresholds,Bushy_Eyebrows,m3_seed0,r18_seed0,-5.854149374681361,-1.3426813528800263
jpeg_s4,frozen_thresholds,Arched_Eyebrows,m3_seed0,r18_seed0,-19.538196790782695,0.2849802061047457
jpeg_s4,frozen_thresholds,High_Cheekbones,m3_seed0,r18_seed0,6.99328784367842,0.7823563313363313
jpeg_s4,frozen_thresholds,Bags_Under_Eyes,m3_seed0,r18_seed0,0.09601171521799179,-0.24936918443526634
jpeg_s4,frozen_thresholds,Big_Lips,m3_seed0,r18_seed0,-6.944223983279175,1.436181206473619
jpeg_s4,frozen_thresholds,Big_Nose,m3_seed0,r18_seed0,1.2494498723703895,0.9868191290090089
jpeg_s4,frozen_thresholds,Double_Chin,m3_seed0,r18_seed0,-2.6428465922284152,0.6430624650861083
jpeg_s4,frozen_thresholds,Oval_Face,m3_seed0,r18_seed0,3.2972759741159514,4.539997791227862
jpeg_s4,frozen_thresholds,Receding_Hairline,m3_seed0,r18_seed0,0.8908627788158929,2.7928331898852132
jpeg_s4,frozen_thresholds,Blond_Hair,m3_seed0,r18_seed0,-2.9616880102317,-0.27182816981722313
jpeg_s4,frozen_thresholds,Brown_Hair,m3_seed0,r18_seed0,-6.519110968121472,0.053566298278506785
jpeg_s4,frozen_thresholds,Gray_Hair,m3_seed0,r18_seed0,2.218171104482003,0.6251119570137575
jpeg_s4,frozen_thresholds,Bald,m3_seed0,r18_seed0,3.213248676660596,1.3696129604152563
jpeg_s4,frozen_thresholds,Straight_Hair,m3_seed0,r18_seed0,6.175069873947764,-1.192881222017439
jpeg_s4,frozen_thresholds,Wavy_Hair,m3_seed0,r18_seed0,-5.957635219998658,-0.9107452348932399
jpeg_s4,frozen_thresholds,Sideburns,m3_seed0,r18_seed0,-2.6844085889268787,1.804888730693699
jpeg_s4,frozen_thresholds,Smiling,oracle_seed0,m3_seed0,-0.21332541519843984,-0.27943802151628727
jpeg_s4,frozen_thresholds,Mouth_Slightly_Open,oracle_seed0,m3_seed0,-0.27961719429624443,-0.15718837653844187
jpeg_s4,frozen_thresholds,Eyeglasses,oracle_seed0,m3_seed0,-0.6270384957658526,-0.5808500276438755
jpeg_s4,frozen_thresholds,Bangs,oracle_seed0,m3_seed0,3.46177513107776,-0.5195166383005989
jpeg_s4,frozen_thresholds,Wearing_Hat,oracle_seed0,m3_seed0,5.34022727306076,1.0023681267534945
jpeg_s4,frozen_thresholds,Mustache,oracle_seed0,m3_seed0,2.5696189279732,0.9595679328038065
jpeg_s4,frozen_thresholds,No_Beard,oracle_seed0,m3_seed0,-4.7912597875958145,-0.019035841309889
jpeg_s4,frozen_thresholds,Black_Hair,oracle_seed0,m3_seed0,2.0873033296526455,1.0308989002955293
jpeg_s4,frozen_thresholds,Bushy_Eyebrows,oracle_seed0,m3_seed0,1.0879379523621835,-0.21209997934459324
jpeg_s4,frozen_thresholds,Arched_Eyebrows,oracle_seed0,m3_seed0,8.967671626935857,-0.9869459959763294
jpeg_s4,frozen_thresholds,High_Cheekbones,oracle_seed0,m3_seed0,-8.301655037573175,-1.901109968170489
jpeg_s4,frozen_thresholds,Bags_Under_Eyes,oracle_seed0,m3_seed0,0.17531453661281393,0.9095446352207159
jpeg_s4,frozen_thresholds,Big_Lips,oracle_seed0,m3_seed0,-7.414842118709242,-0.11405443867755771
jpeg_s4,frozen_thresholds,Big_Nose,oracle_seed0,m3_seed0,-0.45420661379496075,-0.2490127035941203
jpeg_s4,frozen_thresholds,Double_Chin,oracle_seed0,m3_seed0,-0.4590065136878596,-1.3684909279221835
jpeg_s4,frozen_thresholds,Oval_Face,oracle_seed0,m3_seed0,2.576780279177162,-5.04262394624101
jpeg_s4,frozen_thresholds,Receding_Hairline,oracle_seed0,m3_seed0,-1.8274900771608649,-4.547576526134433
jpeg_s4,frozen_thresholds,Blond_Hair,oracle_seed0,m3_seed0,2.0566302877678244,0.6234201814057538
jpeg_s4,frozen_thresholds,Brown_Hair,oracle_seed0,m3_seed0,3.333190621562976,-0.7570997415687564
jpeg_s4,frozen_thresholds,Gray_Hair,oracle_seed0,m3_seed0,-2.8612317475426474,-2.722319823908048
jpeg_s4,frozen_thresholds,Bald,oracle_seed0,m3_seed0,-4.081325257581159,-1.0410698756566306
jpeg_s4,frozen_thresholds,Straight_Hair,oracle_seed0,m3_seed0,1.3102883473161853,0.2778324000853871
jpeg_s4,frozen_thresholds,Wavy_Hair,oracle_seed0,m3_seed0,2.0977172938433264,-0.34206290475933265
jpeg_s4,frozen_thresholds,Sideburns,oracle_seed0,m3_seed0,4.715034439998844,0.33796714926964677
jpeg_s4,frozen_thresholds,Smiling,oracle_seed0,r18_seed0,-0.7569494741392346,-0.2509561414866357
jpeg_s4,frozen_thresholds,Mouth_Slightly_Open,oracle_seed0,r18_seed0,-2.7328446703134057,-0.023967214675746362
jpeg_s4,frozen_thresholds,Eyeglasses,oracle_seed0,r18_seed0,-1.3498833544067113,-0.31519260147298
jpeg_s4,frozen_thresholds,Bangs,oracle_seed0,r18_seed0,-7.293389849925536,-0.9971319284439506
jpeg_s4,frozen_thresholds,Wearing_Hat,oracle_seed0,r18_seed0,-1.8263366677834236,0.109998260861921
jpeg_s4,frozen_thresholds,Mustache,oracle_seed0,r18_seed0,1.3842381881231047,-0.22713261227611525
jpeg_s4,frozen_thresholds,No_Beard,oracle_seed0,r18_seed0,-0.9163980327923538,0.032032444786667114
jpeg_s4,frozen_thresholds,Black_Hair,oracle_seed0,r18_seed0,-2.351532618589036,-0.8234239156586387
jpeg_s4,frozen_thresholds,Bushy_Eyebrows,oracle_seed0,r18_seed0,-4.766211422319177,-1.5547813322246196
jpeg_s4,frozen_thresholds,Arched_Eyebrows,oracle_seed0,r18_seed0,-10.570525163846838,-0.7019657898715836
jpeg_s4,frozen_thresholds,High_Cheekbones,oracle_seed0,r18_seed0,-1.308367193894755,-1.1187536368341577
jpeg_s4,frozen_thresholds,Bags_Under_Eyes,oracle_seed0,r18_seed0,0.2713262518308057,0.6601754507854496
jpeg_s4,frozen_thresholds,Big_Lips,oracle_seed0,r18_seed0,-14.359066101988416,1.3221267677960613
jpeg_s4,frozen_thresholds,Big_Nose,oracle_seed0,r18_seed0,0.7952432585754288,0.7378064254148886
jpeg_s4,frozen_thresholds,Double_Chin,oracle_seed0,r18_seed0,-3.1018531059162746,-0.7254284628360752
jpeg_s4,frozen_thresholds,Oval_Face,oracle_seed0,r18_seed0,5.874056253293113,-0.5026261550131472
jpeg_s4,frozen_thresholds,Receding_Hairline,oracle_seed0,r18_seed0,-0.9366272983449719,-1.7547433362492204
jpeg_s4,frozen_thresholds,Blond_Hair,oracle_seed0,r18_seed0,-0.9050577224638756,0.3515920115885307
jpeg_s4,frozen_thresholds,Brown_Hair,oracle_seed0,r18_seed0,-3.185920346558496,-0.7035334432902496
jpeg_s4,frozen_thresholds,Gray_Hair,oracle_seed0,r18_seed0,-0.6430606430606445,-2.0972078668942906
jpeg_s4,frozen_thresholds,Bald,oracle_seed0,r18_seed0,-0.8680765809205626,0.3285430847586257
jpeg_s4,frozen_thresholds,Straight_Hair,oracle_seed0,r18_seed0,7.485358221263949,-0.9150488219320518
jpeg_s4,frozen_thresholds,Wavy_Hair,oracle_seed0,r18_seed0,-3.859917926155332,-1.2528081396525725
jpeg_s4,frozen_thresholds,Sideburns,oracle_seed0,r18_seed0,2.0306258510719655,2.1428558799633457
jpeg_s4,frozen_thresholds,Smiling,r50_seed0,r18_seed0,3.9964523512548533,0.13404132697127924
jpeg_s4,frozen_thresholds,Mouth_Slightly_Open,r50_seed0,r18_seed0,2.541989719423088,0.49249035452541
jpeg_s4,frozen_thresholds,Eyeglasses,r50_seed0,r18_seed0,0.06902968276358834,-0.2062000890806326
jpeg_s4,frozen_thresholds,Bangs,r50_seed0,r18_seed0,0.13432329009164246,-0.4071266861073397
jpeg_s4,frozen_thresholds,Wearing_Hat,r50_seed0,r18_seed0,3.5188964029599257,0.0017995292832972964
jpeg_s4,frozen_thresholds,Mustache,r50_seed0,r18_seed0,6.547059703590602,3.3488748573428873
jpeg_s4,frozen_thresholds,No_Beard,r50_seed0,r18_seed0,-1.8595870508184453,-0.0974747697615852
jpeg_s4,frozen_thresholds,Black_Hair,r50_seed0,r18_seed0,-1.6894900472983365,-0.7104789029485192
jpeg_s4,frozen_thresholds,Bushy_Eyebrows,r50_seed0,r18_seed0,-4.7093632256782865,-1.2775583284089786
jpeg_s4,frozen_thresholds,Arched_Eyebrows,r50_seed0,r18_seed0,-9.375601785621763,0.5206427190166507
jpeg_s4,frozen_thresholds,High_Cheekbones,r50_seed0,r18_seed0,8.683982826134818,0.529160216791591
jpeg_s4,frozen_thresholds,Bags_Under_Eyes,r50_seed0,r18_seed0,-1.463993352812143,-0.579772638047904
jpeg_s4,frozen_thresholds,Big_Lips,r50_seed0,r18_seed0,-0.1298656138716603,0.8048889577708995
jpeg_s4,frozen_thresholds,Big_Nose,r50_seed0,r18_seed0,3.999150139824048,0.23480783420457563
jpeg_s4,frozen_thresholds,Double_Chin,r50_seed0,r18_seed0,-3.794343407578016,1.568033847717365
jpeg_s4,frozen_thresholds,Oval_Face,r50_seed0,r18_seed0,4.919365825121631,1.297175049370397
jpeg_s4,frozen_thresholds,Receding_Hairline,r50_seed0,r18_seed0,-1.391468200488133,-0.31822108835829477
jpeg_s4,frozen_thresholds,Blond_Hair,r50_seed0,r18_seed0,1.4693405969657958,0.2572677884761232
jpeg_s4,frozen_thresholds,Brown_Hair,r50_seed0,r18_seed0,2.9612060431235987,-0.5301580966503683
jpeg_s4,frozen_thresholds,Gray_Hair,r50_seed0,r18_seed0,0.15376984126983517,2.82168124840676
jpeg_s4,frozen_thresholds,Bald,r50_seed0,r18_seed0,0.33678098348756125,-0.40347498017933026
jpeg_s4,frozen_thresholds,Straight_Hair,r50_seed0,r18_seed0,2.2505550526225298,-1.3650918932983203
jpeg_s4,frozen_thresholds,Wavy_Hair,r50_seed0,r18_seed0,-18.024081180099643,-1.5169611465596256
jpeg_s4,frozen_thresholds,Sideburns,r50_seed0,r18_seed0,-0.8700550976294852,-1.225421360675849
jpeg_s4,fixed_0_5,Smiling,m3_seed0,r18_seed0,-3.342276775396169,0.028481880029651574
jpeg_s4,fixed_0_5,Mouth_Slightly_Open,m3_seed0,r18_seed0,-0.7044013414333805,0.1332211618626955
jpeg_s4,fixed_0_5,Eyeglasses,m3_seed0,r18_seed0,-0.5081353601711136,0.2656574261708955
jpeg_s4,fixed_0_5,Bangs,m3_seed0,r18_seed0,-3.518040459936478,-0.4776152901433517
jpeg_s4,fixed_0_5,Wearing_Hat,m3_seed0,r18_seed0,-12.349705279933055,-0.8923698658915735
jpeg_s4,fixed_0_5,Mustache,m3_seed0,r18_seed0,10.116928349342668,-1.1867005450799217
jpeg_s4,fixed_0_5,No_Beard,m3_seed0,r18_seed0,-0.6515931493436433,0.051068286096556115
jpeg_s4,fixed_0_5,Black_Hair,m3_seed0,r18_seed0,-4.072759976055629,-1.854322815954168
jpeg_s4,fixed_0_5,Bushy_Eyebrows,m3_seed0,r18_seed0,-6.430163229790287,-1.3426813528800263
jpeg_s4,fixed_0_5,Arched_Eyebrows,m3_seed0,r18_seed0,-16.533739599709754,0.2849802061047457
jpeg_s4,fixed_0_5,High_Cheekbones,m3_seed0,r18_seed0,-2.901485472612708,0.7823563313363313
jpeg_s4,fixed_0_5,Bags_Under_Eyes,m3_seed0,r18_seed0,3.948912013626582,-0.24936918443526634
jpeg_s4,fixed_0_5,Big_Lips,m3_seed0,r18_seed0,-5.972087767828283,1.436181206473619
jpeg_s4,fixed_0_5,Big_Nose,m3_seed0,r18_seed0,2.2606490445471805,0.9868191290090089
jpeg_s4,fixed_0_5,Double_Chin,m3_seed0,r18_seed0,-0.23553905152928767,0.6430624650861083
jpeg_s4,fixed_0_5,Oval_Face,m3_seed0,r18_seed0,-0.03315708802830866,4.539997791227862
jpeg_s4,fixed_0_5,Receding_Hairline,m3_seed0,r18_seed0,4.378159052727115,2.7928331898852132
jpeg_s4,fixed_0_5,Blond_Hair,m3_seed0,r18_seed0,-5.967682201820557,-0.27182816981722313
jpeg_s4,fixed_0_5,Brown_Hair,m3_seed0,r18_seed0,-11.911880880556462,0.053566298278506785
jpeg_s4,fixed_0_5,Gray_Hair,m3_seed0,r18_seed0,1.268272014688232,0.6251119570137575
jpeg_s4,fixed_0_5,Bald,m3_seed0,r18_seed0,18.209560987700215,1.3696129604152563
jpeg_s4,fixed_0_5,Straight_Hair,m3_seed0,r18_seed0,-2.6144083498336537,-1.192881222017439
jpeg_s4,fixed_0_5,Wavy_Hair,m3_seed0,r18_seed0,-12.385741179755872,-0.9107452348932399
jpeg_s4,fixed_0_5,Sideburns,m3_seed0,r18_seed0,-10.00471667363303,1.804888730693699
jpeg_s4,fixed_0_5,Smiling,oracle_seed0,m3_seed0,1.247816804547175,-0.27943802151628727
jpeg_s4,fixed_0_5,Mouth_Slightly_Open,oracle_seed0,m3_seed0,0.8309063292566199,-0.15718837653844187
jpeg_s4,fixed_0_5,Eyeglasses,oracle_seed0,m3_seed0,0.43163588061322367,-0.5808500276438755
jpeg_s4,fixed_0_5,Bangs,oracle_seed0,m3_seed0,-3.8048429274077367,-0.5195166383005989
jpeg_s4,fixed_0_5,Wearing_Hat,oracle_seed0,m3_seed0,11.394949214807859,1.0023681267534945
jpeg_s4,fixed_0_5,Mustache,oracle_seed0,m3_seed0,-1.56823188069104,0.9595679328038065
jpeg_s4,fixed_0_5,No_Beard,oracle_seed0,m3_seed0,-4.692498277002799,-0.019035841309889
jpeg_s4,fixed_0_5,Black_Hair,oracle_seed0,m3_seed0,3.5438302181834413,1.0308989002955293
jpeg_s4,fixed_0_5,Bushy_Eyebrows,oracle_seed0,m3_seed0,6.873124304533196,-0.21209997934459324
jpeg_s4,fixed_0_5,Arched_Eyebrows,oracle_seed0,m3_seed0,4.02471524323332,-0.9869459959763294
jpeg_s4,fixed_0_5,High_Cheekbones,oracle_seed0,m3_seed0,-1.0345086447732466,-1.901109968170489
jpeg_s4,fixed_0_5,Bags_Under_Eyes,oracle_seed0,m3_seed0,0.490987802956222,0.9095446352207159
jpeg_s4,fixed_0_5,Big_Lips,oracle_seed0,m3_seed0,8.918800232186086,-0.11405443867755771
jpeg_s4,fixed_0_5,Big_Nose,oracle_seed0,m3_seed0,-0.2009875182037435,-0.2490127035941203
jpeg_s4,fixed_0_5,Double_Chin,oracle_seed0,m3_seed0,-1.4919809594551747,-1.3684909279221835
jpeg_s4,fixed_0_5,Oval_Face,oracle_seed0,m3_seed0,-0.23594977293018002,-5.04262394624101
jpeg_s4,fixed_0_5,Receding_Hairline,oracle_seed0,m3_seed0,-5.691799847851442,-4.547576526134433
jpeg_s4,fixed_0_5,Blond_Hair,oracle_seed0,m3_seed0,-2.089252078346948,0.6234201814057538
jpeg_s4,fixed_0_5,Brown_Hair,oracle_seed0,m3_seed0,9.936414726027113,-0.7570997415687564
jpeg_s4,fixed_0_5,Gray_Hair,oracle_seed0,m3_seed0,-3.988187567116097,-2.722319823908048
jpeg_s4,fixed_0_5,Bald,oracle_seed0,m3_seed0,-7.180365002960176,-1.0410698756566306
jpeg_s4,fixed_0_5,Straight_Hair,oracle_seed0,m3_seed0,0.7042804449052795,0.2778324000853871
jpeg_s4,fixed_0_5,Wavy_Hair,oracle_seed0,m3_seed0,15.672152604187218,-0.34206290475933265
jpeg_s4,fixed_0_5,Sideburns,oracle_seed0,m3_seed0,11.643778700281448,0.33796714926964677
jpeg_s4,fixed_0_5,Smiling,oracle_seed0,r18_seed0,-2.094459970848994,-0.2509561414866357
jpeg_s4,fixed_0_5,Mouth_Slightly_Open,oracle_seed0,r18_seed0,0.12650498782323938,-0.023967214675746362
jpeg_s4,fixed_0_5,Eyeglasses,oracle_seed0,r18_seed0,-0.07649947955788994,-0.31519260147298
jpeg_s4,fixed_0_5,Bangs,oracle_seed0,r18_seed0,-7.3228833873442145,-0.9971319284439506
jpeg_s4,fixed_0_5,Wearing_Hat,oracle_seed0,r18_seed0,-0.9547560651251952,0.109998260861921
jpeg_s4,fixed_0_5,Mustache,oracle_seed0,r18_seed0,8.54869646865163,-0.22713261227611525
jpeg_s4,fixed_0_5,No_Beard,oracle_seed0,r18_seed0,-5.344091426346442,0.032032444786667114
jpeg_s4,fixed_0_5,Black_Hair,oracle_seed0,r18_seed0,-0.5289297578721874,-0.8234239156586387
jpeg_s4,fixed_0_5,Bushy_Eyebrows,oracle_seed0,r18_seed0,0.44296107474290913,-1.5547813322246196
jpeg_s4,fixed_0_5,Arched_Eyebrows,oracle_seed0,r18_seed0,-12.509024356476434,-0.7019657898715836
jpeg_s4,fixed_0_5,High_Cheekbones,oracle_seed0,r18_seed0,-3.9359941173859547,-1.1187536368341577
jpeg_s4,fixed_0_5,Bags_Under_Eyes,oracle_seed0,r18_seed0,4.439899816582804,0.6601754507854496
jpeg_s4,fixed_0_5,Big_Lips,oracle_seed0,r18_seed0,2.9467124643578035,1.3221267677960613
jpeg_s4,fixed_0_5,Big_Nose,oracle_seed0,r18_seed0,2.059661526343437,0.7378064254148886
jpeg_s4,fixed_0_5,Double_Chin,oracle_seed0,r18_seed0,-1.7275200109844624,-0.7254284628360752
jpeg_s4,fixed_0_5,Oval_Face,oracle_seed0,r18_seed0,-0.2691068609584887,-0.5026261550131472
jpeg_s4,fixed_0_5,Receding_Hairline,oracle_seed0,r18_seed0,-1.3136407951243267,-1.7547433362492204
jpeg_s4,fixed_0_5,Blond_Hair,oracle_seed0,r18_seed0,-8.056934280167505,0.3515920115885307
jpeg_s4,fixed_0_5,Brown_Hair,oracle_seed0,r18_seed0,-1.9754661545293484,-0.7035334432902496
jpeg_s4,fixed_0_5,Gray_Hair,oracle_seed0,r18_seed0,-2.719915552427865,-2.0972078668942906
jpeg_s4,fixed_0_5,Bald,oracle_seed0,r18_seed0,11.029195984740037,0.3285430847586257
jpeg_s4,fixed_0_5,Straight_Hair,oracle_seed0,r18_seed0,-1.9101279049283741,-0.9150488219320518
jpeg_s4,fixed_0_5,Wavy_Hair,oracle_seed0,r18_seed0,3.286411424431346,-1.2528081396525725
jpeg_s4,fixed_0_5,Sideburns,oracle_seed0,r18_seed0,1.639062026648419,2.1428558799633457
jpeg_s4,fixed_0_5,Smiling,r50_seed0,r18_seed0,2.6281088974052347,0.13404132697127924
jpeg_s4,fixed_0_5,Mouth_Slightly_Open,r50_seed0,r18_seed0,1.997608658394101,0.49249035452541
jpeg_s4,fixed_0_5,Eyeglasses,r50_seed0,r18_seed0,-0.6409999846061498,-0.2062000890806326
jpeg_s4,fixed_0_5,Bangs,r50_seed0,r18_seed0,0.8240241148038674,-0.4071266861073397
jpeg_s4,fixed_0_5,Wearing_Hat,r50_seed0,r18_seed0,0.5244806417905146,0.0017995292832972964
jpeg_s4,fixed_0_5,Mustache,r50_seed0,r18_seed0,2.819660162840493,3.3488748573428873
jpeg_s4,fixed_0_5,No_Beard,r50_seed0,r18_seed0,-0.8407870190774269,-0.0974747697615852
jpeg_s4,fixed_0_5,Black_Hair,r50_seed0,r18_seed0,-2.5826250732139733,-0.7104789029485192
jpeg_s4,fixed_0_5,Bushy_Eyebrows,r50_seed0,r18_seed0,-8.480318545730142,-1.2775583284089786
jpeg_s4,fixed_0_5,Arched_Eyebrows,r50_seed0,r18_seed0,-4.9267724507684685,0.5206427190166507
jpeg_s4,fixed_0_5,High_Cheekbones,r50_seed0,r18_seed0,5.16246679384853,0.529160216791591
jpeg_s4,fixed_0_5,Bags_Under_Eyes,r50_seed0,r18_seed0,-4.860709865198337,-0.579772638047904
jpeg_s4,fixed_0_5,Big_Lips,r50_seed0,r18_seed0,-2.304736388496298,0.8048889577708995
jpeg_s4,fixed_0_5,Big_Nose,r50_seed0,r18_seed0,-10.335323726134465,0.23480783420457563
jpeg_s4,fixed_0_5,Double_Chin,r50_seed0,r18_seed0,-10.629220605085449,1.568033847717365
jpeg_s4,fixed_0_5,Oval_Face,r50_seed0,r18_seed0,0.033630074641694596,1.297175049370397
jpeg_s4,fixed_0_5,Receding_Hairline,r50_seed0,r18_seed0,-1.5428898991041051,-0.31822108835829477
jpeg_s4,fixed_0_5,Blond_Hair,r50_seed0,r18_seed0,0.8110580712671012,0.2572677884761232
jpeg_s4,fixed_0_5,Brown_Hair,r50_seed0,r18_seed0,1.8891608307993994,-0.5301580966503683
jpeg_s4,fixed_0_5,Gray_Hair,r50_seed0,r18_seed0,-5.925077961552116,2.82168124840676
jpeg_s4,fixed_0_5,Bald,r50_seed0,r18_seed0,-1.7988873367154379,-0.40347498017933026
jpeg_s4,fixed_0_5,Straight_Hair,r50_seed0,r18_seed0,-2.1707212041671378,-1.3650918932983203
jpeg_s4,fixed_0_5,Wavy_Hair,r50_seed0,r18_seed0,-12.86778025215532,-1.5169611465596256
jpeg_s4,fixed_0_5,Sideburns,r50_seed0,r18_seed0,-0.08948191914076586,-1.225421360675849
